-- MariaDB dump 10.19  Distrib 10.4.19-MariaDB, for Linux (x86_64)
--
-- Host: imc.kean.edu    Database: csemaildb
-- ------------------------------------------------------
-- Server version	10.4.20-MariaDB

/*!40101 SET @OLD_CHARACTER_SET_CLIENT=@@CHARACTER_SET_CLIENT */;
/*!40101 SET @OLD_CHARACTER_SET_RESULTS=@@CHARACTER_SET_RESULTS */;
/*!40101 SET @OLD_COLLATION_CONNECTION=@@COLLATION_CONNECTION */;
/*!40101 SET NAMES utf8mb4 */;
/*!40103 SET @OLD_TIME_ZONE=@@TIME_ZONE */;
/*!40103 SET TIME_ZONE='+00:00' */;
/*!40014 SET @OLD_UNIQUE_CHECKS=@@UNIQUE_CHECKS, UNIQUE_CHECKS=0 */;
/*!40014 SET @OLD_FOREIGN_KEY_CHECKS=@@FOREIGN_KEY_CHECKS, FOREIGN_KEY_CHECKS=0 */;
/*!40101 SET @OLD_SQL_MODE=@@SQL_MODE, SQL_MODE='NO_AUTO_VALUE_ON_ZERO' */;
/*!40111 SET @OLD_SQL_NOTES=@@SQL_NOTES, SQL_NOTES=0 */;

--
-- Current Database: `csemaildb`
--

CREATE DATABASE /*!32312 IF NOT EXISTS*/ `csemaildb2` /*!40100 DEFAULT CHARACTER SET latin1 */;

USE `csemaildb2`;

--
-- Table structure for table `ActiveProgram`
--

DROP TABLE IF EXISTS `ActiveProgram`;
/*!40101 SET @saved_cs_client     = @@character_set_client */;
/*!40101 SET character_set_client = utf8 */;
CREATE TABLE `ActiveProgram` (
  `ID` int(11) NOT NULL AUTO_INCREMENT,
  `ActiveProgram` varchar(255) DEFAULT NULL,
  PRIMARY KEY (`ID`)
) ENGINE=InnoDB AUTO_INCREMENT=15 DEFAULT CHARSET=latin1;
/*!40101 SET character_set_client = @saved_cs_client */;

--
-- Dumping data for table `ActiveProgram`
--

LOCK TABLES `ActiveProgram` WRITE;
/*!40000 ALTER TABLE `ActiveProgram` DISABLE KEYS */;
INSERT INTO `ActiveProgram` VALUES (1,'BS.COMPUTER/SCI.22'),(2,'BS.INFOTEC/CYBERS.22'),(3,'BS.COMPSCI/CYBERS.22'),(4,'BS.COMPSCI/DATSCI.22'),(5,'BS.INFO/TECH.22'),(6,'BS.COMPUTER/SCIENCE'),(7,'MS.COMP/INFO/SYST.22'),(8,'BS.COMPSCI/INFO.22'),(9,'BS.INFO/TECH'),(10,'BS.MS/COMSC/IS/5Y.22'),(11,'MS.COMP/INFO/SYSTEMS'),(12,'BS.COMPUTERSCI/INFO'),(13,'BS.MS/INTEC/IS/5Y.22'),(14,'BS.COMPSCI/DATASCI');
/*!40000 ALTER TABLE `ActiveProgram` ENABLE KEYS */;
UNLOCK TABLES;

--
-- Table structure for table `ClassStanding`
--

DROP TABLE IF EXISTS `ClassStanding`;
/*!40101 SET @saved_cs_client     = @@character_set_client */;
/*!40101 SET character_set_client = utf8 */;
CREATE TABLE `ClassStanding` (
  `ID` int(11) NOT NULL AUTO_INCREMENT,
  `Standing` varchar(255) DEFAULT NULL,
  PRIMARY KEY (`ID`)
) ENGINE=InnoDB AUTO_INCREMENT=6 DEFAULT CHARSET=latin1;
/*!40101 SET character_set_client = @saved_cs_client */;

--
-- Dumping data for table `ClassStanding`
--

LOCK TABLES `ClassStanding` WRITE;
/*!40000 ALTER TABLE `ClassStanding` DISABLE KEYS */;
INSERT INTO `ClassStanding` VALUES (1,'FR'),(2,'SO'),(3,'JR'),(4,'SR'),(5,'GR');
/*!40000 ALTER TABLE `ClassStanding` ENABLE KEYS */;
UNLOCK TABLES;

--
-- Table structure for table `Curriculum`
--

DROP TABLE IF EXISTS `Curriculum`;
/*!40101 SET @saved_cs_client     = @@character_set_client */;
/*!40101 SET character_set_client = utf8 */;
CREATE TABLE `Curriculum` (
  `ID` int(11) NOT NULL AUTO_INCREMENT,
  `Curriculum` varchar(255) DEFAULT NULL,
  PRIMARY KEY (`ID`)
) ENGINE=InnoDB AUTO_INCREMENT=23 DEFAULT CHARSET=latin1;
/*!40101 SET character_set_client = @saved_cs_client */;

--
-- Dumping data for table `Curriculum`
--

LOCK TABLES `Curriculum` WRITE;
/*!40000 ALTER TABLE `Curriculum` DISABLE KEYS */;
INSERT INTO `Curriculum` VALUES (1,'COMPUTER SCIENCE'),(2,'INFO TECH-CYBERSECURITY OPT'),(3,'COMP SCI-CYBERSECURITY OPTION'),(4,'COMP SCI-DATA SCIENCE OPTION'),(5,'INFORMATION TECHNOLOGY'),(6,'COMPUTER INFORMATION SYSTEMS'),(7,'COMP SCI-INFO SYSTEMS OPTION'),(8,'COMP SCI/INFO SYS 5 YR BS/MS'),(9,'COMP SCI/INFO SYSTEMS OPTION'),(10,'INFO TECH/INFO SYS 5YR BS/MS'),(11,'COMP SCI/DATA SCIENCE OPTION'),(12,'GRAPHIC DESIGN'),(13,'MATHEMATICAL SCIENCES'),(14,'ART HISTORY'),(15,'MATHEMATICAL SCIENCE'),(16,'CYBERSECURITY'),(17,'PHILOSOPHY & REL'),(18,'HEALTH'),(19,'MANAGEMENT'),(20,'PSYCHOLOGY'),(21,'HISTORY'),(22,'CRIMINAL JUSTICE');
/*!40000 ALTER TABLE `Curriculum` ENABLE KEYS */;
UNLOCK TABLES;

--
-- Table structure for table `Email`
--

DROP TABLE IF EXISTS `Email`;
/*!40101 SET @saved_cs_client     = @@character_set_client */;
/*!40101 SET character_set_client = utf8 */;
CREATE TABLE `Email` (
  `ID` int(11) NOT NULL AUTO_INCREMENT,
  `Created` timestamp NOT NULL DEFAULT current_timestamp(),
  `SenderID` int(11) NOT NULL,
  `Subject` blob DEFAULT NULL,
  `Body` blob DEFAULT NULL,
  `ViewCount` int(11) DEFAULT NULL,
  `ClickCount` int(11) DEFAULT NULL,
  `RecipientCount` int(11) DEFAULT NULL,
  PRIMARY KEY (`ID`),
  KEY `SenderID` (`SenderID`),
  CONSTRAINT `Email_ibfk_1` FOREIGN KEY (`SenderID`) REFERENCES `Login` (`ID`)
) ENGINE=InnoDB AUTO_INCREMENT=11 DEFAULT CHARSET=latin1;
/*!40101 SET character_set_client = @saved_cs_client */;

--
-- Dumping data for table `Email`
--

LOCK TABLES `Email` WRITE;
/*!40000 ALTER TABLE `Email` DISABLE KEYS */;
INSERT INTO `Email` VALUES (1,'2023-04-24 17:08:45',14,'The Daily Roar is here!','&lt;p&gt;Ladies and gentlemen,&lt;/p&gt;&lt;p&gt;&lt;br&gt;&lt;/p&gt;&lt;p&gt;Coders and codettes! The greatest innovation since the printing press has been born! &lt;strong&gt;On April 26th, 2023 from 4:30-6:30pm, come to &lt;/strong&gt;&lt;a href=&quot;https://www.kean.edu/research-days&quot; target=&quot;_blank&quot;&gt;&lt;strong&gt;Kean University&#039;s Research Day&lt;/strong&gt;&lt;/a&gt;&lt;strong&gt; at LHAC Exhibition to see the Daily Roar system.&lt;/strong&gt;&lt;/p&gt;&lt;p&gt;&lt;br&gt;&lt;/p&gt;&lt;p&gt;Everyone knows that students rarely read their emails... yes, your professors know this, and they weren&#039;t born yesterday! More often than any of us would like, big opportunities for research, job interviews and campus events are lost in the Inbox graveyard. With the Daily Roar, you&#039;ll &lt;em&gt;never&lt;/em&gt; have to worry about missing an important email again. All CS and IT department emails will now come from one source, so you can finally stop searching for multiple names in your Gmail search bar.&lt;/p&gt;&lt;p&gt;&lt;br&gt;&lt;/p&gt;&lt;p&gt;Don&#039;t believe us? &lt;em&gt;Come and see for yourself!&lt;/em&gt;&lt;/p&gt;&lt;p&gt;&lt;br&gt;&lt;/p&gt;&lt;p&gt;The amazing graduate students behind this innovative system, Pankati Patel, Alex Fisher, Uko Ebreso, Nicholas Moffa, and Kevin Parra-Olmedo, will be showcasing the functionality of the Daily Roar system at Kean University&#039;s Research Day. Don&#039;t miss out on the coolest event of the year! Be there or be NULL!&lt;/p&gt;&lt;p&gt;&lt;br&gt;&lt;/p&gt;&lt;p&gt;&lt;em style=&quot;color: rgb(136, 136, 136);&quot;&gt;Sent from the Daily Roar System&lt;/em&gt;&lt;/p&gt;',0,0,395),(2,'2023-04-24 18:11:33',14,'[Important] Notice For Research Days','&lt;p&gt;On April 26th, 2023 from 4:30-6:30pm, come to Kean University&#039;s &lt;a href=&quot;https://www.kean.edu/research-days&quot; target=&quot;_blank&quot;&gt;Research Day&lt;/a&gt; at LHAC Exhibition Hall to see the Daily Roar system.&lt;/p&gt;&lt;p&gt;&lt;br&gt;&lt;/p&gt;&lt;p&gt;This new software system built by Kean University graduate students sends mass emails about job offers and events that make messages easier for students to read!&lt;/p&gt;&lt;p&gt;&lt;br&gt;&lt;/p&gt;&lt;p&gt;Be the 1, don&#039;t be the 0!&lt;/p&gt;',0,0,366),(3,'2023-04-25 17:57:33',18,'The Daily Roar is Here!','&lt;p&gt;Good Afternoon Fellow Students,&lt;/p&gt;&lt;p&gt;&lt;br&gt;&lt;/p&gt;&lt;p&gt;Tomorrow, On April 26th, 2023 from 4:30-6:30pm, come to Kean University&#039;s&amp;nbsp;&lt;a href=&quot;https://www.kean.edu/research-days&quot; target=&quot;_blank&quot;&gt;Research Day&lt;/a&gt;&amp;nbsp;at LHAC Exhibition Hall to see the Daily Roar system.&lt;/p&gt;&lt;p&gt;&lt;br&gt;&lt;/p&gt;&lt;p&gt;This new software system built by Kean University graduate students sends mass emails about job offers and events that make messages easier for students to read!&lt;/p&gt;&lt;p&gt;&lt;br&gt;&lt;/p&gt;&lt;p&gt;To NULL or not to NULL? That is the Query!&lt;/p&gt;',0,0,366),(4,'2023-04-25 19:35:24',14,'[TOMORROW] RSVP For Pizza and Senior Showcase ','&lt;p&gt;&lt;strong style=&quot;color: rgb(34, 34, 34);&quot;&gt;Technology Senior Showcase&lt;/strong&gt;&lt;/p&gt;&lt;p&gt;&lt;br&gt;&lt;/p&gt;&lt;p&gt;Join us on&amp;nbsp;&lt;strong&gt;Wednesday, April 26th from 3 p.m. - 5 p.m.&amp;nbsp;&lt;/strong&gt;for our 9th annual Senior Showcase!&lt;/p&gt;&lt;p&gt;&lt;br&gt;&lt;/p&gt;&lt;p&gt;Come see and support all of our amazing and innovative seniors, as they showcase their capstone projects and much more! RSVP to the event no later than April 25nd using the link&amp;nbsp;below:&amp;nbsp;&lt;/p&gt;&lt;p&gt;&lt;br&gt;&lt;/p&gt;&lt;p&gt;&lt;a href=&quot;https://forms.gle/kgeCnrBnpGtYJTXA8&quot; target=&quot;_blank&quot; style=&quot;color: rgb(17, 85, 204);&quot;&gt;RSVP HERE TO ATTEND &amp;amp;&amp;nbsp;PIZZA&amp;nbsp;&lt;/a&gt;&lt;/p&gt;',0,0,17),(5,'2023-04-25 19:40:35',14,'[TOMORROW] RSVP FOR PIZZA AND SENIOR SHOWCASE','&lt;p&gt;Don&#039;t Forget! &lt;/p&gt;&lt;p&gt;&lt;br&gt;&lt;/p&gt;&lt;p&gt;&lt;strong class=&quot;ql-size-large&quot; style=&quot;color: rgb(102, 163, 224);&quot;&gt;Our annual department Technology Senior Showcase is tomorrow! &lt;/strong&gt;&lt;/p&gt;&lt;p&gt;&lt;br&gt;&lt;/p&gt;&lt;p&gt;Join us on&amp;nbsp;&lt;strong&gt;Wednesday, April 26th from 3 p.m. - 5 p.m.&amp;nbsp;&lt;/strong&gt;for our 9th annual Senior Showcase!&lt;/p&gt;&lt;p&gt;&lt;br&gt;&lt;/p&gt;&lt;p&gt;Come see and support all of our amazing and innovative &lt;strong&gt;&lt;em&gt;seniors&lt;/em&gt;&lt;/strong&gt;, as they showcase their capstone projects and much more! RSVP to the event no later than April 25nd using the link&amp;nbsp;below:&amp;nbsp;&lt;/p&gt;&lt;p&gt;&lt;br&gt;&lt;/p&gt;&lt;p&gt;&lt;a href=&quot;https://forms.gle/kgeCnrBnpGtYJTXA8&quot; target=&quot;_blank&quot; style=&quot;color: rgb(17, 85, 204);&quot;&gt;RSVP HERE TO ATTEND &amp;amp;&amp;nbsp;PIZZA&amp;nbsp;&lt;/a&gt;&lt;/p&gt;',0,0,744),(6,'2023-04-25 20:52:16',14,'Student Feedback on Daily Roar System [Survey]','&lt;p&gt;Hello Students,&lt;/p&gt;&lt;p&gt;&lt;br&gt;&lt;/p&gt;&lt;p&gt;Below is a survey regarding feedback on the emails you have been receiving from this system. Your input is heavily valued and greatly appreciated.&lt;/p&gt;&lt;p&gt;&lt;br&gt;&lt;/p&gt;&lt;p&gt;&lt;a href=&quot;https://forms.gle/ZXWTHHfT5Q3KwXC29&quot; target=&quot;_blank&quot;&gt;SURVEY CLICK HERE&lt;/a&gt;&lt;/p&gt;&lt;p&gt;&lt;br&gt;&lt;/p&gt;&lt;p&gt;Sincerely,&lt;/p&gt;&lt;p&gt;&lt;br&gt;&lt;/p&gt;&lt;p&gt;The Daily Roar Team&lt;/p&gt;',0,0,395),(7,'2023-04-25 20:55:55',14,'Student Feedback on Daily Roar System [Survey]','&lt;p&gt;Hello Students,&lt;/p&gt;&lt;p&gt;&lt;br&gt;&lt;/p&gt;&lt;p&gt;Below is a survey regarding feedback on the emails you have been receiving from this system. Your input is heavily valued and greatly appreciated.&lt;/p&gt;&lt;p&gt;&lt;br&gt;&lt;/p&gt;&lt;p&gt;&lt;a href=&quot;https://forms.gle/EW9rAba5yXt8S3Vh9&quot; target=&quot;_blank&quot;&gt;SURVEY CLICK HERE&lt;/a&gt;&lt;/p&gt;&lt;p&gt;&lt;br&gt;&lt;/p&gt;&lt;p&gt;Sincerely,&lt;/p&gt;&lt;p&gt;&lt;br&gt;&lt;/p&gt;&lt;p&gt;The Daily Roar Team&lt;/p&gt;',0,0,366),(8,'2023-04-26 14:53:30',14,'Today&#039;s the Day! Senior Showcase,Grad Cords and Resume Reviews! Oh Yeah, did we mention Pizza! ','&lt;p&gt;&lt;span class=&quot;ql-size-large&quot;&gt;HAPPENING TODAY! &lt;/span&gt;&lt;/p&gt;&lt;p&gt;&lt;br&gt;&lt;/p&gt;&lt;p&gt;&lt;strong class=&quot;ql-size-large&quot; style=&quot;color: rgb(107, 36, 178);&quot;&gt;Technology Senior Showcase&lt;/strong&gt;&lt;/p&gt;&lt;p&gt;&lt;br&gt;&lt;/p&gt;&lt;p&gt;Join us today, &lt;strong&gt;Wednesday, April 26th from 3 p.m. - 5 p.m.&amp;nbsp;&lt;/strong&gt;for our 9th annual Senior Showcase!&lt;/p&gt;&lt;p&gt;Come see and support all of our amazing and innovative seniors, as they showcase their capstone projects and much more! RSVP using the link&amp;nbsp;below:&amp;nbsp;&lt;/p&gt;&lt;p&gt;&lt;br&gt;&lt;/p&gt;&lt;p&gt;&lt;a href=&quot;https://forms.gle/kgeCnrBnpGtYJTXA8&quot; target=&quot;_blank&quot; style=&quot;color: rgb(17, 85, 204);&quot;&gt;RSVP HERE TO ATTEND &amp;amp;&amp;nbsp;PIZZA&amp;nbsp;&lt;/a&gt;&lt;/p&gt;&lt;p&gt;&lt;br&gt;&lt;/p&gt;&lt;p&gt;At showcase, we will be providing resume reviews! Must bring a paper copy of your resume to be reviewed, no exceptions! &lt;/p&gt;&lt;p&gt;&lt;br&gt;&lt;/p&gt;&lt;p&gt;&lt;br&gt;&lt;/p&gt;&lt;p&gt;&lt;strong class=&quot;ql-size-large&quot;&gt;It&#039;s that time!&lt;/strong&gt;&lt;span class=&quot;ql-size-large&quot;&gt;&amp;nbsp;&lt;/span&gt;&lt;/p&gt;&lt;p&gt;&lt;br&gt;&lt;/p&gt;&lt;p&gt;Time for&lt;strong&gt; Graduation&amp;nbsp;Cords&amp;nbsp;for Graduating Seniors&lt;/strong&gt;! &lt;/p&gt;&lt;p&gt;&lt;br&gt;&lt;/p&gt;&lt;p&gt;All graduating CS/IT students will receive (1)&amp;nbsp;cord&amp;nbsp;for graduation.&amp;nbsp;IF you participated in any other CS/IT student opportunity,&amp;nbsp;you may be eligible for another&amp;nbsp;cord&amp;nbsp;for your participation.&amp;nbsp;&lt;u&gt;Please note, all additional participation will need to be confirmed.&lt;/u&gt;&lt;/p&gt;&lt;p&gt;&lt;br&gt;&lt;/p&gt;&lt;p&gt;&lt;strong&gt;&lt;u&gt;Graduation&amp;nbsp;Cords&amp;nbsp;will distributed during SENIOR SHOWCASE and then will be available for pick-up at the CAHSI Student Resource Center located on the 4th floor of GLAB starting April 26th until May 12th.&amp;nbsp;&lt;/u&gt;&lt;/strong&gt;&lt;/p&gt;&lt;p&gt;&lt;br&gt;&lt;/p&gt;&lt;p&gt;&lt;a href=&quot;https://forms.gle/FP412VbJzUiGS4EX7&quot; target=&quot;_blank&quot; style=&quot;color: rgb(17, 85, 204);&quot;&gt;&lt;strong&gt;COMPLETE FORM HERE SENIORS&amp;nbsp;&lt;/strong&gt;&lt;/a&gt; &lt;em style=&quot;color: rgb(230, 0, 0);&quot;&gt;&lt;u&gt;(FORM MUST BE COMPLETED IN ORDER TO GET GRADUATION CORDS!) &lt;/u&gt;&lt;/em&gt;&lt;/p&gt;&lt;p&gt;&lt;br&gt;&lt;/p&gt;',0,0,761),(9,'2023-05-02 21:23:55',14,'THIS WEEK:Tons of internship and opportunities for CS/IT Students','&lt;p&gt;&lt;br&gt;&lt;/p&gt;&lt;p&gt;&lt;strong style=&quot;color: rgb(230, 0, 0);&quot; class=&quot;ql-size-large&quot;&gt;Heads up, there&#039;s a lot of text in this email &lt;/strong&gt;&lt;/p&gt;&lt;p&gt;&lt;br&gt;&lt;/p&gt;&lt;p&gt;&lt;strong style=&quot;color: rgb(230, 0, 0);&quot; class=&quot;ql-size-huge&quot;&gt;BUT &lt;/strong&gt;&lt;/p&gt;&lt;p&gt;&lt;br&gt;&lt;/p&gt;&lt;p&gt;&lt;strong style=&quot;color: rgb(230, 0, 0);&quot; class=&quot;ql-size-large&quot;&gt;it&#039;s totally worth it! Tons of internship, employment and opportunities, including a cybersecurity conference here at Kean! &lt;/strong&gt;&lt;/p&gt;&lt;p&gt;&lt;br&gt;&lt;/p&gt;&lt;p&gt;&lt;strong class=&quot;ql-size-large&quot;&gt;Upcoming Events&lt;/strong&gt;&lt;/p&gt;&lt;ul&gt;&lt;li&gt;May 5th - Say Hello to the World of Machine Learning (CAHSI Workshop) - See attached Flyer&lt;/li&gt;&lt;/ul&gt;&lt;p&gt;&lt;br&gt;&lt;/p&gt;&lt;p&gt;&lt;strong class=&quot;ql-size-large&quot;&gt;Featured Opportunity &lt;/strong&gt;&lt;/p&gt;&lt;ul&gt;&lt;li&gt;&lt;a href=&quot;https://www.njohsp.gov/careers#op-572906-2309s-cybersecurity-analyst-i-intelligence-analyst-apprentice&quot; target=&quot;_blank&quot; style=&quot;color: rgb(26, 26, 26);&quot;&gt;23-09-S Cybersecurity Analyst I (Intelligence Analyst Apprentice)&lt;/a&gt; | Location: Hamilton, West Trenton,or Newark New Jersey |&amp;nbsp;Full-time | Partially remote&lt;/li&gt;&lt;li&gt;&lt;a href=&quot;https://www.njohsp.gov/careers#op-573092-2310s-governors-fellow&quot; target=&quot;_blank&quot; style=&quot;color: rgb(26, 26, 26);&quot;&gt;23-10-S Governor&#039;s Fellow&lt;/a&gt; | Location: Hamilton Township, New Jersey, United States |&amp;nbsp;Full-time | Partially remote &lt;span style=&quot;background-color: rgb(255, 255, 0);&quot;&gt;***GRADUATE STUDENTS ONLY*** &lt;/span&gt;&lt;/li&gt;&lt;/ul&gt;&lt;p&gt;&lt;br&gt;&lt;/p&gt;&lt;p&gt;&lt;strong class=&quot;ql-size-large&quot;&gt;Featured Companies&lt;/strong&gt;&lt;/p&gt;&lt;ul&gt;&lt;li&gt;&lt;a href=&quot;https://www.themuse.com/profiles/humana?sc_src=email_3620185&amp;amp;sc_lid=367598945&amp;amp;sc_uid=tuer3ETPq2&amp;amp;sc_llid=897&amp;amp;sc_eh=8cb28921377e7e8a1&amp;amp;utm_source=emarsys&amp;amp;utm_medium=email&amp;amp;utm_campaign=dedicated_20230428_humana_targeted_90Day_3620185&amp;amp;utm_content=Dedicated&amp;amp;utm_term=Company+Profiles_&amp;amp;uid=707885099#jobs&quot; target=&quot;_blank&quot;&gt;Humana &lt;/a&gt; &amp;amp; Educational Testing Service (ETS) - &lt;a href=&quot;https://etscareers.pereless.com/83080/talent.cfm&quot; target=&quot;_blank&quot;&gt;Employment&lt;/a&gt; | &lt;a href=&quot;https://www.ets.org/research/internship-fellowship/about.html&quot; target=&quot;_blank&quot;&gt;Internships&lt;/a&gt;&lt;/li&gt;&lt;/ul&gt;&lt;p&gt;&lt;br&gt;&lt;/p&gt;&lt;p&gt;&lt;strong class=&quot;ql-size-large&quot;&gt;Featured Articles &lt;/strong&gt;&lt;/p&gt;&lt;ul&gt;&lt;li&gt;&lt;a href=&quot;https://www.themuse.com/advice/entry-level-tech-jobs-careers-list?utm_source=sendgrid&amp;amp;utm_medium=email&amp;amp;utm_campaign=daily_20230501_sg_2_90Day&amp;amp;utm_content=newsletter&quot; target=&quot;_blank&quot;&gt;8 Entry-Level Roles to Break Into Tech—No Matter What Your Background Is&lt;/a&gt;&lt;/li&gt;&lt;li&gt;&lt;a href=&quot;https://www.themuse.com/advice/fill-in-the-blank-resume-worksheet?sc_src=email_3487788&amp;amp;sc_lid=351157149&amp;amp;sc_uid=tuer3ETPq2&amp;amp;sc_llid=71509&amp;amp;sc_eh=8cb28921377e7e8a1&amp;amp;utm_source=emarsys&amp;amp;utm_medium=email&amp;amp;utm_campaign=daily_20230322_NoSpon_90Day_3487788&amp;amp;utm_content=sponsored&amp;amp;utm_term=Advice+-+Finding+a+Job_&amp;amp;uid=707885099&quot; target=&quot;_blank&quot;&gt;This Free Worksheet Makes It Easy to Create (or Update) Your Resume&lt;/a&gt;&lt;/li&gt;&lt;li&gt;&lt;a href=&quot;https://www.themuse.com/advice/185-powerful-verbs-that-will-make-your-resume-awesome?sc_src=email_3465128&amp;amp;sc_lid=347900315&amp;amp;sc_uid=tuer3ETPq2&amp;amp;sc_llid=18643&amp;amp;sc_eh=8cb28921377e7e8a1&amp;amp;utm_source=emarsys&amp;amp;utm_medium=email&amp;amp;utm_campaign=daily_20230315_NoSpon_90Day_3465128&amp;amp;utm_content=sponsored&amp;amp;utm_term=Advice+-+Finding+a+Job_&amp;amp;uid=707885099&quot; target=&quot;_blank&quot;&gt;185+ Action Verbs That Will Majorly Impress Hiring Managers&lt;/a&gt;&lt;/li&gt;&lt;li&gt;&lt;a href=&quot;https://www.themuse.com/advice/managing-inbox-tips-real-people-get-hundreds-emails?sc_src=email_3465128&amp;amp;sc_lid=347900311&amp;amp;sc_uid=tuer3ETPq2&amp;amp;sc_llid=18643&amp;amp;sc_eh=8cb28921377e7e8a1&amp;amp;utm_source=emarsys&amp;amp;utm_medium=email&amp;amp;utm_campaign=daily_20230315_NoSpon_90Day_3465128&amp;amp;utm_content=sponsored&amp;amp;utm_term=Advice_&amp;amp;uid=707885099&quot; target=&quot;_blank&quot;&gt;10 Ways to Manage Your Email Inbox—According to People Who Get 100+ Emails a Day&lt;/a&gt;&lt;/li&gt;&lt;/ul&gt;&lt;p&gt;&lt;br&gt;&lt;/p&gt;&lt;p&gt;&lt;span class=&quot;ql-size-large&quot;&gt;Important Information (Total of 9)&lt;/span&gt;&lt;/p&gt;&lt;p&gt;&lt;br&gt;&lt;/p&gt;&lt;p&gt;&lt;strong class=&quot;ql-size-large&quot;&gt;1) SECON NJ 2023 Cybersecurity Conference - &lt;/strong&gt;&lt;a href=&quot;https://www.eventbrite.com/organizations/missive/activity/redirect/?p=ABIdvVsOnR5oyS9wWGordFIAhh2WZosKweaWHGy-h57uXJ7-NY6Bb51EF9VDNDZI8Iw6unVGGfgINm3yFJB38-qhCHkRfbWtDa2x4-OkyYF0dZWdkfhc8Korxq9XjwlQ_ZGhbBGPOlGmDJI6IwBk7DnGhfnhIjqZDrff6KtjCqPW5Ssw24aaKBFXNqZCMNcX9LgjcGxD7F0iVIw2fRHBhWpXvvQqDj8ACn79f0bH52QKOtMuqa_l_xsys_4GxxJWz4g2aN6VPJ7BoJS7eBms7Y99Rs89lyc30QxTdD_b43NbTA9Zw4lM86-BPWU3Q8gABwb3p_XTcl7SRpB6l0QNiRzLINck_bscPG6sxf_3ruQXz-drN5LkhrhP3n22ad3UowEUAL6b27_5OU5kNZnQ4unsoUZbXtn4vPwCxie2DRJhkpoXVgn6V2PZkOLd8EmYfle4ikm3ifSbZAxn96pan9l6XNUMgRsEjCiUNY9-1Lb61NtslYJfUBSBTRZALolLEP3VLmLBpbyQvHtMRjJLkjs8xWktaVgPG8U2iveUWOVoROtQ7d2xfhk&amp;amp;eid=556584648667&amp;amp;c=15701319&amp;amp;co=57802650&amp;amp;t=e&quot; target=&quot;_blank&quot; class=&quot;ql-size-large&quot;&gt;&lt;strong&gt;REGISTER HERE &lt;/strong&gt;&lt;/a&gt;&lt;/p&gt;&lt;p&gt;&lt;br&gt;&lt;/p&gt;&lt;p&gt;This year several key benefits will be made available to students, including:&lt;/p&gt;&lt;p&gt;&lt;br&gt;&lt;/p&gt;&lt;p&gt;1. Ability to have a professional photo taken and given to you for potential use in LinkedIn profiles, for example.&lt;/p&gt;&lt;p&gt;&lt;span style=&quot;background-color: rgb(255, 255, 0);&quot;&gt;2. Ability to have a resume reviewed by cybersecurity, security, and information technology professionals.&lt;/span&gt;&lt;/p&gt;&lt;p&gt;3. Ability to attend Kean student presentations.&lt;/p&gt;&lt;p&gt;4. Breakfast, lunch, and snacks will be provided throughout the day.&lt;/p&gt;&lt;p&gt;&lt;br&gt;&lt;/p&gt;&lt;p&gt;&lt;strong class=&quot;ql-size-large&quot;&gt;2) Last Call for Graduation Cords &lt;/strong&gt;&lt;/p&gt;&lt;p&gt;&lt;strong style=&quot;color: rgb(0, 0, 0);&quot;&gt;It&#039;s that time!&lt;/strong&gt;&lt;span style=&quot;color: rgb(0, 0, 0);&quot;&gt;&amp;nbsp;Time for Graduation Cords! All graduating CS/IT students will receive (1) cord for graduation.&amp;nbsp;IF you participated&amp;nbsp;in&amp;nbsp;any other CS/IT student opportunity,&amp;nbsp;you may be eligible for another cord for your participation.&amp;nbsp;&lt;/span&gt;&lt;u style=&quot;color: rgb(0, 0, 0);&quot;&gt;Please note, all additional participation will need to be confirmed.&lt;/u&gt;&lt;/p&gt;&lt;p&gt;&lt;strong&gt;&lt;u&gt;Graduation Cords will be available for pick-up at the CAHSI Student Resource Center located on the 4th floor of GLAB until &lt;/u&gt;&lt;/strong&gt;&lt;strong style=&quot;color: rgb(230, 0, 0);&quot;&gt;&lt;u&gt;May 12th.&amp;nbsp;&lt;/u&gt;&lt;/strong&gt;&lt;/p&gt;&lt;p&gt;&lt;br&gt;&lt;/p&gt;&lt;p&gt;&lt;a href=&quot;https://forms.gle/FP412VbJzUiGS4EX7&quot; target=&quot;_blank&quot; style=&quot;color: rgb(17, 85, 204);&quot;&gt;&lt;strong&gt;COMPLETE FORM HERE SENIORS&amp;nbsp;&lt;/strong&gt;&lt;/a&gt;&lt;/p&gt;&lt;p&gt;&lt;br&gt;&lt;/p&gt;&lt;p&gt;&lt;strong class=&quot;ql-size-large&quot;&gt;3) Join our LinkedIn Group..we sent like 5 opportunities out today!&lt;/strong&gt;&lt;/p&gt;&lt;p&gt;&lt;strong&gt;&lt;em&gt;Did you know the department has been sharing with students weekly internship and employment opportunities?&amp;nbsp;&lt;/em&gt;&lt;u&gt;Yup! On HANDSHAKE &amp;amp;&amp;nbsp;LinkedIN!&amp;nbsp;&lt;/u&gt;&lt;/strong&gt;&lt;/p&gt;&lt;p&gt;&lt;br&gt;&lt;/p&gt;&lt;p&gt;Make sure you sign into Handshake using your Kean email address to access your account; and complete your profile to begin to connect with thousands of employers. For all of you who are looking for a job or internship, don&#039;t wait and get started today!&amp;nbsp;&lt;/p&gt;&lt;p&gt;&lt;br&gt;&lt;/p&gt;&lt;p&gt;Don&#039;t forget&amp;nbsp;to join our Department&#039;s&amp;nbsp;LinkedIn&amp;nbsp;group, our&amp;nbsp;online community for current students,&amp;nbsp;alumni and faculty/staff can connect and share resources/opportunities!&amp;nbsp;&lt;/p&gt;&lt;p&gt;&lt;br&gt;&lt;/p&gt;&lt;p&gt;&lt;a href=&quot;https://app.joinhandshake.com/&quot; target=&quot;_blank&quot; style=&quot;color: rgb(17, 85, 204);&quot;&gt;&lt;strong&gt;Log Into Your Handshake Account&amp;nbsp;Today!&amp;nbsp;&lt;/strong&gt;&lt;/a&gt;&lt;/p&gt;&lt;p&gt;&lt;a href=&quot;https://www.linkedin.com/groups/13598376/&quot; target=&quot;_blank&quot; style=&quot;color: rgb(17, 85, 204);&quot;&gt;&lt;strong&gt;Join our&amp;nbsp;LinkedIn&amp;nbsp;Group&amp;nbsp;&lt;/strong&gt;&lt;/a&gt;&lt;/p&gt;&lt;p&gt;&lt;br&gt;&lt;/p&gt;&lt;p&gt;&lt;strong class=&quot;ql-size-large&quot; style=&quot;color: rgb(34, 34, 34);&quot;&gt;4) 2023-2024 Governor’s STEM Scholars - Research focused &lt;/strong&gt;&lt;/p&gt;&lt;p&gt;&lt;br&gt;&lt;/p&gt;&lt;p&gt;&lt;strong style=&quot;color: rgb(33, 33, 33);&quot;&gt;To be Eligible:&amp;nbsp;&lt;/strong&gt;&lt;/p&gt;&lt;p&gt;&lt;span style=&quot;color: black;&quot;&gt;Applicants must be a sophomore in high school through doctoral level as of Fall 2023; be enrolled in a New Jersey high school, college or university, or a certified as a home-schooled student in New Jersey; have a 3.5 cumulative GPA or higher; and show a strong commitment to STEM in New Jersey.&lt;/span&gt;&lt;/p&gt;&lt;p&gt;&lt;br&gt;&lt;/p&gt;&lt;p&gt;&lt;strong style=&quot;color: black;&quot;&gt;Interested in learning more?:&amp;nbsp;&lt;/strong&gt;&lt;/p&gt;&lt;p&gt;&lt;strong style=&quot;color: black;&quot;&gt;&amp;nbsp;&lt;/strong&gt;&lt;/p&gt;&lt;p&gt;&lt;span style=&quot;color: black;&quot;&gt;Join the Governor’s STEM Scholars for a virtual&amp;nbsp;&lt;/span&gt;&lt;strong style=&quot;color: black;&quot;&gt;&lt;em&gt;Governor’s STEM Scholars Open Applicant Information Session&amp;nbsp;&lt;/em&gt;&lt;/strong&gt;&lt;span style=&quot;color: black;&quot;&gt;to learn more about the program and the application process. Open calls will be held on March 15, April 4,&amp;nbsp;&lt;/span&gt;&lt;strong style=&quot;color: black;&quot;&gt;April 27 (college applicants only)&lt;/strong&gt;&lt;span style=&quot;color: black;&quot;&gt;, &lt;/span&gt;&lt;span style=&quot;color: black; background-color: rgb(255, 255, 0);&quot;&gt;May 16, and June 1.&amp;nbsp;&lt;/span&gt;&lt;/p&gt;&lt;p&gt;&lt;span style=&quot;color: black;&quot;&gt;&amp;nbsp;&lt;/span&gt;&lt;/p&gt;&lt;p&gt;&lt;span style=&quot;color: black;&quot;&gt;Check out&amp;nbsp;&lt;/span&gt;&lt;a href=&quot;http://www.govstemscholars.com/apply&quot; target=&quot;_blank&quot; style=&quot;color: rgb(33, 33, 33);&quot;&gt;www.govstemscholars.com/apply&lt;/a&gt;&lt;span style=&quot;color: black;&quot;&gt;&amp;nbsp;for times and registration information.&amp;nbsp;&lt;/span&gt;&lt;/p&gt;&lt;p&gt;&lt;span style=&quot;color: black;&quot;&gt;&amp;nbsp;&lt;/span&gt;&lt;/p&gt;&lt;p&gt;&lt;span style=&quot;color: black;&quot;&gt;**Please scroll down to find registration information on the website**&lt;/span&gt;&lt;/p&gt;&lt;p&gt;&lt;br&gt;&lt;/p&gt;&lt;p&gt;&lt;strong class=&quot;ql-size-large&quot;&gt;5) INROADS (Internship Opportunities) *&lt;/strong&gt;&lt;strong class=&quot;ql-size-large&quot; style=&quot;color: rgb(230, 0, 0);&quot;&gt;&lt;em&gt; We have placed over 15 students with INROADS, are you next? &lt;/em&gt;&lt;/strong&gt;&lt;/p&gt;&lt;p&gt;&amp;nbsp;&lt;span style=&quot;color: rgb(32, 33, 36);&quot;&gt;For students to be eligible for INROADS, they must meet the qualifications below:&amp;nbsp;&amp;nbsp;&lt;/span&gt;&lt;/p&gt;&lt;ul&gt;&lt;li&gt;Be a full-time undergraduate college student with at least 1 summer or 27 credit hours&amp;nbsp;remaining&amp;nbsp;before graduating college&amp;nbsp;&lt;/li&gt;&lt;li&gt;Have a Cumulative Grade Point Average (GPA) of 2.8 or higher, and&amp;nbsp;&amp;nbsp;&lt;/li&gt;&lt;li&gt;Major in Business, STEM, or Liberal Arts&amp;nbsp;&lt;/li&gt;&lt;/ul&gt;&lt;p&gt;&lt;span style=&quot;color: rgb(0, 112, 192);&quot;&gt;&amp;nbsp;&lt;/span&gt;&lt;/p&gt;&lt;p&gt;Below are a few companies&amp;nbsp;where&amp;nbsp;our interns have been placed:&amp;nbsp;&lt;/p&gt;&lt;ul&gt;&lt;li&gt;L3 HARRIS&amp;nbsp;&lt;/li&gt;&lt;li&gt;HORIZON BLUE CROSS&amp;nbsp;&lt;/li&gt;&lt;li&gt;LOUIS&amp;nbsp;VUITTON&amp;nbsp;MOET HENNESSY&amp;nbsp;&lt;/li&gt;&lt;li&gt;ANTERIX&amp;nbsp;&lt;/li&gt;&lt;li&gt;PFIZER&amp;nbsp;&lt;/li&gt;&lt;li&gt;SANOFI&amp;nbsp;&lt;span style=&quot;color: rgb(255, 0, 0);&quot;&gt;&amp;nbsp;&lt;/span&gt;&lt;/li&gt;&lt;/ul&gt;&lt;p&gt;&lt;br&gt;&lt;/p&gt;&lt;p&gt;Candidates can apply to INROADS&amp;nbsp;via our&amp;nbsp;website&lt;span style=&quot;color: rgb(255, 0, 0);&quot;&gt;&amp;nbsp;&lt;/span&gt;&lt;a href=&quot;http://www.inroads.org/&quot; target=&quot;_blank&quot; style=&quot;color: rgb(17, 85, 204); background-color: rgb(255, 255, 255);&quot;&gt;www.inroads.org/APPLY&lt;/a&gt;&amp;nbsp;&lt;/p&gt;&lt;p&gt;&lt;br&gt;&lt;/p&gt;&lt;p&gt;&lt;br&gt;&lt;/p&gt;&lt;p&gt;&lt;strong class=&quot;ql-size-large&quot; style=&quot;color: rgb(31, 31, 31);&quot;&gt;6) Share your resume with these (hiring!) companies&lt;/strong&gt; ( Women focused opportunity) &lt;/p&gt;&lt;p&gt;&lt;br&gt;&lt;/p&gt;&lt;p&gt;Are you on the lookout for your next career leap? Want to grow your career at a company that will support you at every step of the way? We&#039;ve got you covered!&amp;nbsp;&lt;/p&gt;&lt;p&gt;&amp;nbsp;&lt;/p&gt;&lt;p&gt;FairyGodBoss has partnered with 11&amp;nbsp;great companies that have a track record of supporting women like you in their career journeys. Even better — they&#039;re actively recruiting for a wide range of roles and professional levels!&lt;/p&gt;&lt;p&gt;&lt;br&gt;&lt;/p&gt;&lt;p&gt;&lt;a href=&quot;http://link.info.fairygodboss.com/ls/click?upn=zuCgYbZELxzq8afYLOZwWj-2F4VNIJIvFGXQlgwoNDnezapPrJDUIhse1WxXua2EqUYzrGPYMXFpvmJHVa3wqfkU2og92TtRQKvISZawaLp1vRD1Dg-2B3rP8EthNHhIMcLg2cuTp2770wABG0ddxqA7Wg6Lgt-2FKEHcUigkH4IzjBlg-3DBzMQ_bow2xKHuQzDd2JTVhaC8AYzekHG3CXrrjJWacHN-2BzEDXIhglkM9quAd1b-2BN5Opj5JWXxjeLNZw0-2BzUWN7wmJuB9nKx9ZXwPFM-2B-2FImrRE-2FzDDQswyypcR7OEYHBHw7d7OI04narYoeykYz-2F01DjTebSJcbYw8MOU4QKGXuIRqaZ-2BjHR4sXZZaze3KvWzaqtnnJ33pZWx6T4TkoufSPhJHGW23RWea4OfhWv-2FCt06NQm9kkH5d96S1TxJFhYj8T8N5eyeZo89-2FD5jYyEM-2FR-2FuHCF9YVGSiZ1JYM1ffE18XzSn9MIp2wCM0tHYQVRpDxY1XNjmbGUhIh7-2FmLaFIfqwJY0nrRT3GqyngSnp0AH6uKnTTcmcdlo4MIlrDTNDEiq7wm-2FHehHsCzURqicU64UlOB402qi7cCYE6ZQjhGwm4bcDO-2B1rViU9abQ7AJHj1Ph58X42fCFm-2BtLa5N-2F8zXIcrqDMUL0K3snctq5xqZvC90t8-3D&quot; target=&quot;_blank&quot;&gt;Achieve&lt;/a&gt; | &lt;a href=&quot;http://link.info.fairygodboss.com/ls/click?upn=zuCgYbZELxzq8afYLOZwWj-2F4VNIJIvFGXQlgwoNDnezapPrJDUIhse1WxXua2EqU5Xiti0EpUESwKVVIck9-2BZMw-2BymxnEFCs542w9-2FQtf9hIKAEhgEPXVaoXgWP7ed9vV-2BdXNkSO2SVlGfeuxjkqndlrqQPIujVzJF61zMad7Sw-3DVnyW_bow2xKHuQzDd2JTVhaC8AYzekHG3CXrrjJWacHN-2BzEDXIhglkM9quAd1b-2BN5Opj5JWXxjeLNZw0-2BzUWN7wmJuB9nKx9ZXwPFM-2B-2FImrRE-2FzDDQswyypcR7OEYHBHw7d7OI04narYoeykYz-2F01DjTebSJcbYw8MOU4QKGXuIRqaZ-2BjHR4sXZZaze3KvWzaqtnnJ33pZWx6T4TkoufSPhJHGW23RWea4OfhWv-2FCt06NQm9kkH5d96S1TxJFhYj8T8N5eyeZo89-2FD5jYyEM-2FR-2FuHCMSP1-2B2ZsjwHMP2JhCPK7rp-2FN-2BW099xZa-2FIGJ2K7seIWjBr78h2gAada3GjbONpbAAOK0WwSkz1W-2BeZqwWNILmPYdTqc23Otky6VEfQQNwDVYP-2Bg88ttDL-2BxMyWh3e4FLBPLolEWLs6f4v3a4CwNJVpUW2IjinnrbSM-2B1-2FqtoIVGrvtwPTEZxSHd-2FIMo9YWB-2BR6d6YnR8EYv-2BqM8Na6Iwvs-3D&quot; target=&quot;_blank&quot;&gt;Cummins&lt;/a&gt; | &lt;a href=&quot;http://link.info.fairygodboss.com/ls/click?upn=zuCgYbZELxzq8afYLOZwWj-2F4VNIJIvFGXQlgwoNDnezapPrJDUIhse1WxXua2EqUuA2XGTpsxKLkrCYMqFDLqSbuNyTyjuWG8UbdeMZKAHZ8YWQNf694QfIBFGap7N5ad7DJcgZ8R3CYyN6NGVWCb8e49ZCQLDgPvqEHUa3YXC8-3DLV2h_bow2xKHuQzDd2JTVhaC8AYzekHG3CXrrjJWacHN-2BzEDXIhglkM9quAd1b-2BN5Opj5JWXxjeLNZw0-2BzUWN7wmJuB9nKx9ZXwPFM-2B-2FImrRE-2FzDDQswyypcR7OEYHBHw7d7OI04narYoeykYz-2F01DjTebSJcbYw8MOU4QKGXuIRqaZ-2BjHR4sXZZaze3KvWzaqtnnJ33pZWx6T4TkoufSPhJHGW23RWea4OfhWv-2FCt06NQm9kkH5d96S1TxJFhYj8T8N5eyeZo89-2FD5jYyEM-2FR-2FuHCECTLnEQnZdWdMp1Ro26Wfi12TqHo0vdDFTvw1XnyqbRLuFB5jIGagDpYdgUV2glPb2pqNsQrvMrxR5lV2BZvmTFYjRHd7R5cDEmmSfqhEcbLb6LSWKabBzUen7o45AsINTiUy7u9N8LqkSacnZJIxL2W8Rrox0HxrfSfdUQ0oPSpXFcGEGAebtlfncUl1wVWV-2F7H5UwHEV878kSjkwihPA-3D&quot; target=&quot;_blank&quot;&gt;Deutsche Bank&lt;/a&gt; | &lt;a href=&quot;http://link.info.fairygodboss.com/ls/click?upn=zuCgYbZELxzq8afYLOZwWj-2F4VNIJIvFGXQlgwoNDnezapPrJDUIhse1WxXua2EqUt6USXXxKJzVJiUX4pmPekZh9mOlBstUKBQl33mbsVAtEv4IPTiktsBdx92H3Yb7UCsP7vj4bSRmZu25HM9406dINNspAyv28ebAqnwLHBa8-3DxZ___bow2xKHuQzDd2JTVhaC8AYzekHG3CXrrjJWacHN-2BzEDXIhglkM9quAd1b-2BN5Opj5JWXxjeLNZw0-2BzUWN7wmJuB9nKx9ZXwPFM-2B-2FImrRE-2FzDDQswyypcR7OEYHBHw7d7OI04narYoeykYz-2F01DjTebSJcbYw8MOU4QKGXuIRqaZ-2BjHR4sXZZaze3KvWzaqtnnJ33pZWx6T4TkoufSPhJHGW23RWea4OfhWv-2FCt06NQm9kkH5d96S1TxJFhYj8T8N5eyeZo89-2FD5jYyEM-2FR-2FuHCL12QOkZxNVl-2B-2BGnmULi7jU8bcBzhgo-2FjIA-2Fep2q4ZrMI3SAHOuYwPex3b4YLU2NWpBv9iVzksdTBZuimn61MWDwToW3nP5j7GQI1orYz8o2TMrG1-2BOWo09rgA1yxRmlaaGDdRhAmssAnugsTUZJJ0R07X86M5k0ylvCOBOCnvq0cfqussNfGm72e0lcTLuW3yKY-2FJq5sPrxYyXkfYOz8A8-3D&quot; target=&quot;_blank&quot;&gt;Dish&lt;/a&gt; | &lt;a href=&quot;http://link.info.fairygodboss.com/ls/click?upn=zuCgYbZELxzq8afYLOZwWj-2F4VNIJIvFGXQlgwoNDnezapPrJDUIhse1WxXua2EqUr7tG-2FQzbLn-2Bt7-2BoTUt-2Bt4B3blXfiYCozZqPPdNAREkyRmYaPAMTVqKNywcIqj-2FEYXuxVsZE3ljGEBekbjBtGkDppXJZNsnDgSv-2B-2B-2FcXID5Y-3DSjiY_bow2xKHuQzDd2JTVhaC8AYzekHG3CXrrjJWacHN-2BzEDXIhglkM9quAd1b-2BN5Opj5JWXxjeLNZw0-2BzUWN7wmJuB9nKx9ZXwPFM-2B-2FImrRE-2FzDDQswyypcR7OEYHBHw7d7OI04narYoeykYz-2F01DjTebSJcbYw8MOU4QKGXuIRqaZ-2BjHR4sXZZaze3KvWzaqtnnJ33pZWx6T4TkoufSPhJHGW23RWea4OfhWv-2FCt06NQm9kkH5d96S1TxJFhYj8T8N5eyeZo89-2FD5jYyEM-2FR-2FuHCLmgMPJ4TpMeHgc78QyzcMKbKcchzKUyrI6Rv-2Bq-2Ffrlm663xEOTUJiGua58Nr9rukLibaIFmvBYAYyRCxeqQEo-2FpZAgAcqlaraLBQ0rCeRcejA6m7e3I-2Fm9C2AiYgTYoODgJcd7-2Fo6gu1BMZ92tzWM3-2Bthrm-2BovMuzOCUBclWGMBa8eY0OCBgqzAAJob-2BDKASvhSB0IIbwSAFCPL0hNflCk-3D&quot; target=&quot;_blank&quot;&gt;Leidos &lt;/a&gt;| &lt;a href=&quot;http://link.info.fairygodboss.com/ls/click?upn=zuCgYbZELxzq8afYLOZwWj-2F4VNIJIvFGXQlgwoNDnezapPrJDUIhse1WxXua2EqUqIKgY5qnYg-2FOTIyyYDhqSWedpXabDeVfhGrOL0lqGU30uBgkWTxFASUgGzLu8zUkBtcEdyTNKeo61bYVetZjddr4kv9NvGox7v4VWRTDQ4oNs-2FxFgpANTlC51-2FKHUHY4Bwra_bow2xKHuQzDd2JTVhaC8AYzekHG3CXrrjJWacHN-2BzEDXIhglkM9quAd1b-2BN5Opj5JWXxjeLNZw0-2BzUWN7wmJuB9nKx9ZXwPFM-2B-2FImrRE-2FzDDQswyypcR7OEYHBHw7d7OI04narYoeykYz-2F01DjTebSJcbYw8MOU4QKGXuIRqaZ-2BjHR4sXZZaze3KvWzaqtnnJ33pZWx6T4TkoufSPhJHGW23RWea4OfhWv-2FCt06NQm9kkH5d96S1TxJFhYj8T8N5eyeZo89-2FD5jYyEM-2FR-2FuHCOD9vpPZY18lagr5xwKQdECbtFF3x81Kw-2FN-2Fy5HqLt-2BYTV0A4tw2GeXMo3SF8tdQ0OFq4PpGrDY1iNTamPuJgOQEIwmHaxuoKGoGFNehZVqHoNJuxxlZDeivP8HmOAk4wmpYZnDLfChoCW90KBsivAWiyNrMBIiEp4A4MkehIDW5X7rs-2FZ2h0WCmt-2BeGC4tXQMij71qs1chxWRayuLoQ6fk-3D&quot; target=&quot;_blank&quot;&gt;PJM Interconnection&lt;/a&gt; | &lt;a href=&quot;http://link.info.fairygodboss.com/ls/click?upn=zuCgYbZELxzq8afYLOZwWj-2F4VNIJIvFGXQlgwoNDnezapPrJDUIhse1WxXua2EqUy5PwouA338q7t9m4xnPdSudNexqPkHuvx0GbObWGKObOPMKBwHc8CIrYhpqWtlYiiO5A43prDe44gZFciJFVR0eSpdzA2YcZMZyND8FkFp0-3DcuzB_bow2xKHuQzDd2JTVhaC8AYzekHG3CXrrjJWacHN-2BzEDXIhglkM9quAd1b-2BN5Opj5JWXxjeLNZw0-2BzUWN7wmJuB9nKx9ZXwPFM-2B-2FImrRE-2FzDDQswyypcR7OEYHBHw7d7OI04narYoeykYz-2F01DjTebSJcbYw8MOU4QKGXuIRqaZ-2BjHR4sXZZaze3KvWzaqtnnJ33pZWx6T4TkoufSPhJHGW23RWea4OfhWv-2FCt06NQm9kkH5d96S1TxJFhYj8T8N5eyeZo89-2FD5jYyEM-2FR-2FuHCCYR9w5kYdc2vL1DzIy6h2HCuer39MQgCNf9D3t3G2AheGHO3mUYG8be8RhFs02-2B1uc6Av7GnEhmqEKCs3lwXAiDmxvjVRrkU25b-2BZtIhVe-2F3aPorJuvBxlIpEYnDszGHz7UuiqOiRd1-2BGS5ynucXdqoWae4kTKXX-2BYmWJ5sk-2Fzna6f3tntEKsXGyqIO-2F60Ctx-2BsuM9jhRsLel5ONQiHtDU-3D&quot; target=&quot;_blank&quot;&gt;Prudential Financial&lt;/a&gt; | &lt;a href=&quot;http://link.info.fairygodboss.com/ls/click?upn=zuCgYbZELxzq8afYLOZwWj-2F4VNIJIvFGXQlgwoNDnezapPrJDUIhse1WxXua2EqUY9njBNULrVbw65I-2BPDvhlze5ld2qY-2BxT-2B9-2FlPYw1tS2TdzXPof6pnaH4swo-2BjrymT2X97EbQj11y-2B93mR3XCpQJdZJP15nuFAnG-2F-2BgNUKWo-3DZPGq_bow2xKHuQzDd2JTVhaC8AYzekHG3CXrrjJWacHN-2BzEDXIhglkM9quAd1b-2BN5Opj5JWXxjeLNZw0-2BzUWN7wmJuB9nKx9ZXwPFM-2B-2FImrRE-2FzDDQswyypcR7OEYHBHw7d7OI04narYoeykYz-2F01DjTebSJcbYw8MOU4QKGXuIRqaZ-2BjHR4sXZZaze3KvWzaqtnnJ33pZWx6T4TkoufSPhJHGW23RWea4OfhWv-2FCt06NQm9kkH5d96S1TxJFhYj8T8N5eyeZo89-2FD5jYyEM-2FR-2FuHCMik-2FjQ6kdqefDRqCNcmejLtgpgLbJAu3X0fvZs6b30KvVhupT3ayaXt5zgTuEmao85-2B5nWkK-2Fmj-2F0ikeGFPfeKRDDPHAnuzwTn3H1a0U2GwSKEkDbRlB8XYeVnmCmNvOfla43SLFZuXH87qKxl-2BS7ts6oneqD-2F9N69611gLOn7iSLCKj-2F9K68eLdr8MZm7TGwa3-2FE2m74PFHbl7p1zGFiU-3D&quot; target=&quot;_blank&quot;&gt;PwC&lt;/a&gt; | &lt;a href=&quot;http://link.info.fairygodboss.com/ls/click?upn=zuCgYbZELxzq8afYLOZwWj-2F4VNIJIvFGXQlgwoNDnezapPrJDUIhse1WxXua2EqUif5etHz-2BcBxS0cGxN-2FsoKhBkbgmuvC69YUe2HaMY4SbyROVLLIeWaqIpj9rzySeSJdfEkAiW2S6znz7Y6tOSZXkhir0UWCu8a6JdI6hQOBY3kEhAIPRhMtmYiNA8SkcGOgMF_bow2xKHuQzDd2JTVhaC8AYzekHG3CXrrjJWacHN-2BzEDXIhglkM9quAd1b-2BN5Opj5JWXxjeLNZw0-2BzUWN7wmJuB9nKx9ZXwPFM-2B-2FImrRE-2FzDDQswyypcR7OEYHBHw7d7OI04narYoeykYz-2F01DjTebSJcbYw8MOU4QKGXuIRqaZ-2BjHR4sXZZaze3KvWzaqtnnJ33pZWx6T4TkoufSPhJHGW23RWea4OfhWv-2FCt06NQm9kkH5d96S1TxJFhYj8T8N5eyeZo89-2FD5jYyEM-2FR-2FuHCGBol5nEpikONfkr9SCQ0n6pyB87mZlcuw37mai-2BkPIZ-2B6LLQRb9GKIlmhvrwLFT5-2Fg-2F7ntVVjbY0hiGPOk-2B2uaLTlSQKcv9mFDcaeI2e91rYvpa0YUzlrrJgdNdiJvSDORm2po1DTWgfaai5QRg7iXyGcBX64n6CgTLUBptdRuFaKbXDwMsZNx8Sh6yeUGmkr4xzthyJ7guks4KbetX11I-3D&quot; target=&quot;_blank&quot;&gt;Sutherland&lt;/a&gt; |&lt;a href=&quot;http://link.info.fairygodboss.com/ls/click?upn=zuCgYbZELxzq8afYLOZwWj-2F4VNIJIvFGXQlgwoNDnezapPrJDUIhse1WxXua2EqU4XfBOxROc3mma5rbmyy9E53El2qEmHoLeNJojhmjMRmZiWM5blLklHIXMxrhGQGmOExEKbVBdO7ze00Ze4n-2FOpyJnp-2FhjGBGZOIHqiaAQ5s-3DuQfP_bow2xKHuQzDd2JTVhaC8AYzekHG3CXrrjJWacHN-2BzEDXIhglkM9quAd1b-2BN5Opj5JWXxjeLNZw0-2BzUWN7wmJuB9nKx9ZXwPFM-2B-2FImrRE-2FzDDQswyypcR7OEYHBHw7d7OI04narYoeykYz-2F01DjTebSJcbYw8MOU4QKGXuIRqaZ-2BjHR4sXZZaze3KvWzaqtnnJ33pZWx6T4TkoufSPhJHGW23RWea4OfhWv-2FCt06NQm9kkH5d96S1TxJFhYj8T8N5eyeZo89-2FD5jYyEM-2FR-2FuHCFOXSyRJlOdLmUVTVlnyL0H3m33cJ-2B-2Fl-2B9FSA-2ByRbzUUiXiALeCQuqnDEzREKwbcT-2FkquzI8jdg87SCyLfTlbskUQl5-2Fo6m7-2BfdsHwOdDK8iL5QCCRkvzUZoivZ6SiOsTN3HvJ8TYtWSsuONT6A4YjxFr9rFq8WnsC76soAYg6AXOzNASqTf-2BOj4HQDFbPb-2FkjatLfbkg7f8ZZbQLaJ5xSk-3D&quot; target=&quot;_blank&quot;&gt; Terminix&lt;/a&gt; | &lt;a href=&quot;http://link.info.fairygodboss.com/ls/click?upn=zuCgYbZELxzq8afYLOZwWj-2F4VNIJIvFGXQlgwoNDnezapPrJDUIhse1WxXua2EqUY6qE2BA-2BnPBkdimBRfoGQYw1JSfBks6CbzKCcQzVVu8xt6BTUNfwqh2Cqcz6kqqtTdFCLzSUz14pKIHIJVbTjqs8cNL9txjDndvjj85KKyk-3DoHE-_bow2xKHuQzDd2JTVhaC8AYzekHG3CXrrjJWacHN-2BzEDXIhglkM9quAd1b-2BN5Opj5JWXxjeLNZw0-2BzUWN7wmJuB9nKx9ZXwPFM-2B-2FImrRE-2FzDDQswyypcR7OEYHBHw7d7OI04narYoeykYz-2F01DjTebSJcbYw8MOU4QKGXuIRqaZ-2BjHR4sXZZaze3KvWzaqtnnJ33pZWx6T4TkoufSPhJHGW23RWea4OfhWv-2FCt06NQm9kkH5d96S1TxJFhYj8T8N5eyeZo89-2FD5jYyEM-2FR-2FuHCMhDBMADXTl2Y7QUXniBFUNkugex5NtQ8jiyZweYdItjUxmi7GniC8R8Et-2FPQqsV7LYDT6JD605vKw20UqFd7O65UZ7RD3Z6W-2BQA68iLDNU1k4VuM0XVusOnkxWKlu2CgCSOS6Q0se-2B4sf-2FXcSZ66Stp2uHdLkGGurkt6IaREbhHkMVodwI-2FqyNEkhN-2FWSk-2BsyiCT-2FSmyy3cxtZ50Fkrjqc-3D&quot; target=&quot;_blank&quot;&gt;WWE &lt;/a&gt; &lt;/p&gt;&lt;p&gt;&amp;nbsp;&amp;nbsp;&lt;/p&gt;&lt;p&gt;If you&#039;d like to take the next step in your career journey, all you have to do is click the following button and share your resume by Friday, May 26th. These companies are excited to meet you!&lt;/p&gt;&lt;p&gt;&lt;br&gt;&lt;/p&gt;&lt;p&gt;&lt;a href=&quot;https://fairygodboss.typeform.com/resume-drop?utm_source=sendgrid&amp;amp;utm_medium=email&amp;amp;utm_campaign=dedicated04.28.23&quot; target=&quot;_blank&quot;&gt;Join The Resume Drop today!&lt;/a&gt;&lt;/p&gt;&lt;p&gt;&lt;br&gt;&lt;/p&gt;&lt;p&gt;&lt;br&gt;&lt;/p&gt;&lt;p&gt;&lt;strong class=&quot;ql-size-large&quot;&gt;7) Tapia Resume Database&lt;/strong&gt;&lt;/p&gt;&lt;p&gt;Did you know, that you do not have to attend the Tapia Conference to submit a resume? &lt;a href=&quot;https://tapiaconference.cmd-it.org/submit-resume/&quot; target=&quot;_blank&quot;&gt;Submit you resumes&lt;/a&gt; on the Tapia Resume Database to have top employers review your resume. &lt;strong style=&quot;color: rgb(230, 0, 0);&quot;&gt; Just be sure to indicate such on the submission form.&lt;/strong&gt;&lt;/p&gt;&lt;p&gt;&lt;br&gt;&lt;/p&gt;&lt;p&gt;&lt;strong class=&quot;ql-size-large&quot;&gt;8) Summer Internships Opportunities via NJ Career Accelerator Grant Program&lt;/strong&gt;&lt;/p&gt;&lt;p&gt;&lt;span style=&quot;color: rgb(34, 34, 34);&quot;&gt;Over&lt;/span&gt;&lt;strong style=&quot;color: rgb(34, 34, 34);&quot;&gt; 125 employers&lt;/strong&gt;&lt;span style=&quot;color: rgb(34, 34, 34);&quot;&gt;&amp;nbsp;seeking over&amp;nbsp;&lt;/span&gt;&lt;strong style=&quot;color: rgb(34, 34, 34);&quot;&gt;500 interns&amp;nbsp;&lt;/strong&gt;&lt;span style=&quot;color: rgb(34, 34, 34);&quot;&gt;across the state. The booklet is broken down by&lt;/span&gt;&lt;strong style=&quot;color: rgb(34, 34, 34);&quot;&gt;&amp;nbsp;industry&lt;/strong&gt;&lt;span style=&quot;color: rgb(34, 34, 34);&quot;&gt;&amp;nbsp;but some roles cross industries.&lt;/span&gt; - &lt;a href=&quot;https://www.state.nj.us/highereducation/documents/pdf/NJ%20CAIGP%20Opportunities%20by%20industry.pdf&quot; target=&quot;_blank&quot;&gt;Explore the list here! &lt;/a&gt;&lt;/p&gt;&lt;p&gt;&lt;br&gt;&lt;/p&gt;&lt;p&gt;&lt;strong class=&quot;ql-size-large&quot;&gt;9) Girls Who Code Opportunities  &lt;/strong&gt; ( Women focused opportunity) &lt;/p&gt;&lt;ul&gt;&lt;li&gt;&lt;strong&gt;&amp;nbsp;Build your leadership skills:&lt;/strong&gt;&amp;nbsp;Join our Leadership Academy, a four-month-long program for rising third and fourth-year students to come together to learn in small cohorts, participate in programs, grow networks, and complete a capstone project. This program offers a stipend to all participants.&amp;nbsp;&amp;nbsp;&lt;a href=&quot;https://girlswhocode.cmail20.com/t/d-l-zutiuht-jildkdjtll-d/&quot; target=&quot;_blank&quot; style=&quot;color: rgb(38, 155, 144);&quot;&gt;Apply today&lt;/a&gt;!&lt;/li&gt;&lt;li&gt;&lt;strong&gt;Prepping for a Technical Interview?&amp;nbsp;&lt;/strong&gt;Participate in the GWC Technical Interview Prep program this Spring! Sign up for our free online Forage course&amp;nbsp;&lt;a href=&quot;https://girlswhocode.cmail20.com/t/d-l-zutiuht-jildkdjtll-h/&quot; target=&quot;_blank&quot; style=&quot;color: rgb(38, 155, 144);&quot;&gt;here&lt;/a&gt;&amp;nbsp;to practice different types of technical interviews on your own time.&lt;/li&gt;&lt;li&gt;&lt;strong&gt;Join Our Alumni Focus Group:&amp;nbsp;&lt;/strong&gt;Girls Who Code is launching a new research initiative focusing on our alumni’s early career experiences in the tech space, and we want to hear from you. Apply&amp;nbsp;&lt;a href=&quot;https://girlswhocode.cmail20.com/t/d-l-zutiuht-jildkdjtll-k/&quot; target=&quot;_blank&quot; style=&quot;color: rgb(38, 155, 144);&quot;&gt;here&amp;nbsp;&lt;/a&gt;to join our Alumni Focus group this summer. Selected participants will also receive a $50 Amazon gift card.&lt;/li&gt;&lt;/ul&gt;&lt;p&gt;&lt;br&gt;&lt;/p&gt;&lt;p&gt;&lt;strong class=&quot;ql-size-large&quot;&gt;&lt;em&gt;That&#039;s all for now! Best of luck and apply!!!!!&lt;/em&gt;&lt;/strong&gt;&lt;/p&gt;&lt;p&gt;&lt;br&gt;&lt;/p&gt;',0,0,761),(10,'2023-05-04 15:21:40',14,'[CLOSING MONDAY] GMIS Kean Scholar Application Due by midnight!','&lt;p&gt;&lt;strong class=&quot;ql-size-large&quot;&gt;Last chance to apply to be a Kean Scholar!&lt;/strong&gt;&lt;/p&gt;&lt;p&gt;&lt;br&gt;&lt;/p&gt;&lt;p&gt;As a Kean Scholar, you will have the opportunity to attend the &lt;span style=&quot;color: rgb(32, 33, 36);&quot;&gt;Great Minds in STEM  Conference (&lt;/span&gt;GMIS) this fall to network with industry professional and grow professionally.&lt;/p&gt;&lt;p&gt;&lt;br&gt;&lt;/p&gt;&lt;p&gt;This year the conference will be hosted in Pasadena, California from October 11th - 14th. &lt;/p&gt;&lt;p&gt;&lt;br&gt;&lt;/p&gt;&lt;ul&gt;&lt;li&gt;&lt;span style=&quot;color: rgb(32, 33, 36);&quot;&gt;Great Minds in STEM is a great opportunity to meet students on the same path as you. &lt;/span&gt;&lt;/li&gt;&lt;li&gt;Network with top employers such as Lockheed Martin, Northrop Grumman, Google and more!&lt;/li&gt;&lt;li&gt;Connect with other CAHSI schools for opportunities&amp;nbsp;in research, graduate school, and even Ph.D. schools. &lt;/li&gt;&lt;/ul&gt;&lt;p&gt;&lt;br&gt;&lt;/p&gt;&lt;p&gt;&lt;br&gt;&lt;/p&gt;&lt;p&gt;&lt;strong style=&quot;color: rgb(230, 0, 0);&quot;&gt;All this and much more......best part it&#039;s FREE!!!!&lt;/strong&gt;&lt;/p&gt;&lt;p&gt;&lt;br&gt;&lt;/p&gt;&lt;p&gt;&lt;br&gt;&lt;/p&gt;&lt;p&gt;&lt;em style=&quot;color: rgb(32, 33, 36);&quot;&gt;&lt;u&gt;There is limited space , so don&#039;t wait. &lt;/u&gt;&lt;/em&gt;&lt;/p&gt;&lt;p&gt;&lt;br&gt;&lt;/p&gt;&lt;p&gt;&lt;a href=&quot;https://docs.google.com/forms/d/e/1FAIpQLSd8mRfbjY3sPp26PXi5tjR5SVlN4twS6yoozdbBhxSksL8y8g/viewform&quot; target=&quot;_blank&quot; class=&quot;ql-size-large&quot;&gt;&lt;strong&gt;APPLY NOW &lt;/strong&gt;&lt;/a&gt;&lt;/p&gt;&lt;p&gt;&lt;br&gt;&lt;/p&gt;&lt;p&gt;&lt;br&gt;&lt;/p&gt;',0,0,761);
/*!40000 ALTER TABLE `Email` ENABLE KEYS */;
UNLOCK TABLES;

--
-- Table structure for table `EmailAttachments`
--

DROP TABLE IF EXISTS `EmailAttachments`;
/*!40101 SET @saved_cs_client     = @@character_set_client */;
/*!40101 SET character_set_client = utf8 */;
CREATE TABLE `EmailAttachments` (
  `EmailID` int(11) DEFAULT NULL,
  `FilePath` varchar(255) DEFAULT NULL,
  KEY `EmailID` (`EmailID`),
  CONSTRAINT `EmailAttachments_ibfk_1` FOREIGN KEY (`EmailID`) REFERENCES `Email` (`ID`)
) ENGINE=InnoDB DEFAULT CHARSET=latin1;
/*!40101 SET character_set_client = @saved_cs_client */;

--
-- Dumping data for table `EmailAttachments`
--

LOCK TABLES `EmailAttachments` WRITE;
/*!40000 ALTER TABLE `EmailAttachments` DISABLE KEYS */;
/*!40000 ALTER TABLE `EmailAttachments` ENABLE KEYS */;
UNLOCK TABLES;

--
-- Table structure for table `EmailClassStanding`
--

DROP TABLE IF EXISTS `EmailClassStanding`;
/*!40101 SET @saved_cs_client     = @@character_set_client */;
/*!40101 SET character_set_client = utf8 */;
CREATE TABLE `EmailClassStanding` (
  `EmailID` int(11) DEFAULT NULL,
  `ClassStandingID` int(11) DEFAULT NULL,
  KEY `EmailID` (`EmailID`),
  KEY `ClassStandingID` (`ClassStandingID`),
  CONSTRAINT `EmailClassStanding_ibfk_1` FOREIGN KEY (`EmailID`) REFERENCES `Email` (`ID`),
  CONSTRAINT `EmailClassStanding_ibfk_2` FOREIGN KEY (`ClassStandingID`) REFERENCES `ClassStanding` (`id`)
) ENGINE=InnoDB DEFAULT CHARSET=latin1;
/*!40101 SET character_set_client = @saved_cs_client */;

--
-- Dumping data for table `EmailClassStanding`
--

LOCK TABLES `EmailClassStanding` WRITE;
/*!40000 ALTER TABLE `EmailClassStanding` DISABLE KEYS */;
INSERT INTO `EmailClassStanding` VALUES (1,1),(1,2),(2,3),(2,4),(2,5),(3,4),(3,5),(3,3),(4,5),(5,1),(5,2),(5,3),(5,4),(6,1),(6,2),(7,3),(7,4),(7,5),(8,1),(8,2),(8,3),(8,4),(8,5),(9,1),(9,2),(9,3),(9,4),(9,5),(10,1),(10,2),(10,3),(10,4),(10,5);
/*!40000 ALTER TABLE `EmailClassStanding` ENABLE KEYS */;
UNLOCK TABLES;

--
-- Table structure for table `EmailCurriculum`
--

DROP TABLE IF EXISTS `EmailCurriculum`;
/*!40101 SET @saved_cs_client     = @@character_set_client */;
/*!40101 SET character_set_client = utf8 */;
CREATE TABLE `EmailCurriculum` (
  `EmailID` int(11) DEFAULT NULL,
  `CurriculumID` int(11) DEFAULT NULL,
  KEY `EmailID` (`EmailID`),
  KEY `CurriculumID` (`CurriculumID`),
  CONSTRAINT `EmailCurriculum_ibfk_1` FOREIGN KEY (`EmailID`) REFERENCES `Email` (`ID`),
  CONSTRAINT `EmailCurriculum_ibfk_2` FOREIGN KEY (`CurriculumID`) REFERENCES `Curriculum` (`id`)
) ENGINE=InnoDB DEFAULT CHARSET=latin1;
/*!40101 SET character_set_client = @saved_cs_client */;

--
-- Dumping data for table `EmailCurriculum`
--

LOCK TABLES `EmailCurriculum` WRITE;
/*!40000 ALTER TABLE `EmailCurriculum` DISABLE KEYS */;
INSERT INTO `EmailCurriculum` VALUES (1,1),(1,2),(1,3),(1,4),(1,5),(1,6),(1,7),(1,8),(1,9),(1,10),(1,11),(1,12),(1,13),(1,14),(1,15),(1,16),(1,17),(1,18),(1,19),(1,20),(1,21),(1,22),(2,1),(2,2),(2,3),(2,4),(2,5),(2,6),(2,7),(2,8),(2,9),(2,10),(2,11),(2,12),(2,13),(2,14),(2,15),(2,16),(2,17),(2,18),(2,19),(2,20),(2,21),(2,22),(3,1),(3,2),(3,3),(3,4),(3,5),(3,6),(3,7),(3,8),(3,9),(3,10),(3,11),(3,12),(3,13),(3,14),(3,15),(3,16),(3,17),(3,18),(3,19),(3,20),(3,21),(3,22),(4,1),(4,2),(4,3),(4,4),(4,5),(4,6),(4,7),(4,8),(4,9),(4,10),(4,11),(4,12),(4,13),(4,14),(4,15),(4,16),(4,17),(4,18),(4,19),(4,20),(4,21),(4,22),(5,1),(5,2),(5,3),(5,4),(5,5),(5,6),(5,7),(5,8),(5,9),(5,10),(5,11),(5,12),(5,13),(5,14),(5,15),(5,16),(5,17),(5,18),(5,19),(5,20),(5,21),(5,22),(6,1),(6,2),(6,3),(6,4),(6,5),(6,6),(6,7),(6,8),(6,9),(6,10),(6,11),(6,12),(6,13),(6,14),(6,15),(6,16),(6,17),(6,18),(6,19),(6,20),(6,21),(6,22),(7,1),(7,2),(7,3),(7,4),(7,5),(7,6),(7,7),(7,8),(7,9),(7,10),(7,11),(7,12),(7,13),(7,14),(7,15),(7,16),(7,17),(7,18),(7,19),(7,20),(7,21),(7,22),(8,1),(8,2),(8,3),(8,4),(8,5),(8,6),(8,7),(8,8),(8,9),(8,10),(8,11),(8,12),(8,13),(8,14),(8,15),(8,16),(8,17),(8,18),(8,19),(8,20),(8,21),(8,22),(9,1),(9,2),(9,3),(9,4),(9,5),(9,6),(9,7),(9,8),(9,9),(9,10),(9,11),(9,12),(9,13),(9,14),(9,15),(9,16),(9,17),(9,18),(9,19),(9,20),(9,21),(9,22),(10,1),(10,2),(10,3),(10,4),(10,5),(10,6),(10,7),(10,8),(10,9),(10,10),(10,11),(10,12),(10,13),(10,14),(10,15),(10,16),(10,17),(10,18),(10,19),(10,20),(10,21),(10,22);
/*!40000 ALTER TABLE `EmailCurriculum` ENABLE KEYS */;
UNLOCK TABLES;

--
-- Table structure for table `Login`
--

DROP TABLE IF EXISTS `Login`;
/*!40101 SET @saved_cs_client     = @@character_set_client */;
/*!40101 SET character_set_client = utf8 */;
CREATE TABLE `Login` (
  `ID` int(11) NOT NULL AUTO_INCREMENT,
  `Account_Type` varchar(10) DEFAULT NULL,
  `Email_Address` varchar(50) DEFAULT NULL,
  `Password` varchar(255) DEFAULT NULL,
  `Salt` varchar(100) DEFAULT NULL,
  `First_Name` varchar(255) DEFAULT NULL,
  `Last_Name` varchar(255) DEFAULT NULL,
  PRIMARY KEY (`ID`)
) ENGINE=InnoDB AUTO_INCREMENT=28 DEFAULT CHARSET=latin1;
/*!40101 SET character_set_client = @saved_cs_client */;

--
-- Dumping data for table `Login`
--

LOCK TABLES `Login` WRITE;
/*!40000 ALTER TABLE `Login` DISABLE KEYS */;
INSERT INTO `Login` VALUES (14,'FA','fisheral@kean.edu','ŒØîÃL»Ü&…Vß8Õì[œŽ³ÃX¡’qíäUyW¸HG9wÂ0qEWDÞ#ÂF¬*7A°T‡	\ZÇ<â','e30fcfac-dfb5-11ed-b69a-49158b7dcd90','Alex','Fisher'),(15,'GA','moffan@kean.edu','Œÿ&ýžpk§ïH–\\²dàènOž;FŽLrzã\ZŠ_ÃÌåi©ÀþÛ¿ÕÃo‡L—ãâ·±¾kŒÄòû·','29590b3d-dfa5-11ed-b69a-49158b7dcd90','Nicholas','Moffa'),(16,'FA','patpanka@kean.edu','²t&“¯xV¦=ç¤Êsu”æ ´6Ò…ií¸w½~¢@Ì][Æ*s/ÅD1úúÛÜ­¦ç‹‘-šF‰£9éDwÙO','3ced0c96-d4f8-11ed-b69a-49158b7dcd90','Pankati','Patel'),(17,'FA','parraolk@kean.edu','’Ó» ’Ú\ZMÒW&ý%Ú5L¡\0|žÁÞ(˜¬ëg˜ öË…].³zŒ°š’³zz%ÇçÇ»»\r!','5eb0d7dd-e6c6-11ed-b69a-49158b7dcd90','Kevin','Parra'),(18,'FA','ebresou@kean.edu','YùTývöç[±üyrÝLxGÄ£^ƒ÷\0ÉÝ9?k`v>è=$>?ÌØƒvèä:–î“ØtØ_c!R	^pÂ ±','b9dfc2ef-e2ca-11ed-b69a-49158b7dcd90','Uko','Ebreso');
/*!40000 ALTER TABLE `Login` ENABLE KEYS */;
UNLOCK TABLES;

--
-- Table structure for table `PasswordCode`
--

DROP TABLE IF EXISTS `PasswordCode`;
/*!40101 SET @saved_cs_client     = @@character_set_client */;
/*!40101 SET character_set_client = utf8 */;
CREATE TABLE `PasswordCode` (
  `ID` int(11) NOT NULL AUTO_INCREMENT,
  `Email` varchar(255) NOT NULL,
  `Code` varchar(255) NOT NULL,
  `DateOfCode` datetime NOT NULL,
  PRIMARY KEY (`ID`)
) ENGINE=InnoDB AUTO_INCREMENT=83 DEFAULT CHARSET=latin1;
/*!40101 SET character_set_client = @saved_cs_client */;

--
-- Dumping data for table `PasswordCode`
--

LOCK TABLES `PasswordCode` WRITE;
/*!40000 ALTER TABLE `PasswordCode` DISABLE KEYS */;
INSERT INTO `PasswordCode` VALUES (1,'ebresou@kean.edu','715284','2023-04-11 16:59:12'),(2,'ebresou@kean.edu','791529','2023-04-11 17:10:01'),(3,'fisheral@kean.edu','354916','2023-04-11 17:10:19'),(5,'parraolk@kean.edu','782350','2023-04-11 17:16:03'),(6,'patpanka@kean.edu','360871','2023-04-11 17:16:18'),(7,'moffan@kean.edu','577099','2023-04-11 17:16:28'),(8,'parraolk@kean.edu','290371','2023-04-12 09:42:08'),(9,'parraolk@kean.edu','727823','2023-04-13 14:04:20'),(10,'parraolk@kean.edu','833537','2023-04-13 20:07:27'),(11,'parraolk@kean.edu','779277','2023-04-18 22:04:12'),(12,'parraolk@kean.edu','317700','2023-04-18 22:08:03'),(13,'parraolk@kean.edu','564025','2023-04-18 22:08:55'),(14,'parraolk@kean.edu','308067','2023-04-18 22:09:24'),(15,'parraolk@kean.edu','328732','2023-04-18 22:09:51'),(16,'parraolk@kean.edu','502661','2023-04-18 22:10:06'),(17,'parraolk@kean.edu','731534','2023-04-18 22:10:18'),(18,'parraolk@kean.edu','019272','2023-04-18 22:11:28'),(19,'parraolk@kean.edu','147323','2023-04-18 22:11:59'),(20,'parraolk@kean.edu','505431','2023-04-18 22:12:19'),(21,'parraolk@kean.edu','657143','2023-04-18 22:13:10'),(22,'parraolk@kean.edu','736444','2023-04-19 11:04:28'),(23,'parraolk@kean.edu','295200','2023-04-19 11:11:21'),(24,'parraolk@kean.edu','172006','2023-04-19 11:18:12'),(25,'parraolk@kean.edu','133808','2023-04-19 11:26:16'),(26,'parraolk@kean.edu','986337','2023-04-19 11:28:01'),(27,'fisheral@kean.edu','487295','2023-04-19 11:32:05'),(28,'fisheral@kean.edu','637401','2023-04-19 11:33:00'),(29,'fisheral@kean.edu','301098','2023-04-19 11:40:47'),(30,'fisheral@kean.edu','547625','2023-04-19 11:41:04'),(31,'fisheral@kean.edu','670745','2023-04-19 11:41:27'),(32,'fisheral@kean.edu','591616','2023-04-19 11:43:01'),(33,'parraolk@kean.edu','662275','2023-04-19 11:48:59'),(34,'ebresou@kean.edu','646848','2023-04-19 13:08:28'),(35,'ebresou@kean.edu','277705','2023-04-19 13:34:56'),(36,'ebresou@kean.edu','244116','2023-04-19 14:52:34'),(37,'ebresou@kean.edu','795369','2023-04-19 15:35:47'),(38,'ebresou@kean.edu','865921','2023-04-19 15:48:39'),(39,'ebresou@kean.edu','686319','2023-04-19 16:00:05'),(40,'ebresou@kean.edu','200522','2023-04-19 16:27:16'),(41,'parraolk@kean.edu','303903','2023-04-19 16:43:54'),(42,'fisheral@kean.edu','097680','2023-04-19 16:45:47'),(43,'moffan@kean.edu','911490','2023-04-19 16:53:22'),(44,'parraolk@kean.edu','801197','2023-04-19 16:53:59'),(45,'parraolk@kean.edu','926032','2023-04-19 16:55:05'),(46,'ebresou@kean.edu','881464','2023-04-19 16:56:16'),(47,'parraolk@kean.edu','459357','2023-04-19 17:00:10'),(48,'parraolk@kean.edu','722170','2023-04-19 17:02:19'),(49,'parraolk@kean.edu','683969','2023-04-19 17:04:27'),(50,'parraolk@kean.edu','293360','2023-04-19 17:05:40'),(51,'parraolk@kean.edu','729811','2023-04-19 17:06:08'),(52,'parraolk@kean.edu','450679','2023-04-19 17:08:05'),(53,'parraolk@kean.edu','354451','2023-04-19 17:08:59'),(54,'moffan@kean.edu','264662','2023-04-19 17:17:57'),(55,'parraolk@kean.edu','321722','2023-04-19 17:20:47'),(56,'parraolk@kean.edu','683362','2023-04-19 17:28:05'),(57,'moffan@kean.edu','408010','2023-04-19 17:34:39'),(58,'parraolk@kean.edu','797666','2023-04-19 17:35:34'),(59,'parraolk@kean.edu','283682','2023-04-19 17:35:53'),(60,'fisheral@kean.edu','005094','2023-04-19 17:36:16'),(61,'parraolk@kean.edu','507128','2023-04-19 17:36:22'),(62,'moffan@kean.edu','512097','2023-04-19 17:36:56'),(63,'fisheral@kean.edu','151377','2023-04-19 17:38:55'),(64,'parraolk@kean.edu','802150','2023-04-19 17:39:30'),(65,'parraolk@kean.edu','170839','2023-04-19 17:41:12'),(66,'moffan@kean.edu','852070','2023-04-19 17:41:15'),(67,'fisheral@kean.edu','130407','2023-04-19 17:43:13'),(68,'parraolk@kean.edu','676953','2023-04-19 17:44:31'),(69,'fisheral@kean.edu','772568','2023-04-19 17:44:45'),(70,'moffan@kean.edu','064913','2023-04-19 17:45:27'),(71,'parraolk@kean.edu','295427','2023-04-19 17:47:42'),(72,'moffan@kean.edu','016508','2023-04-19 17:47:51'),(73,'moffan@kean.edu','011670','2023-04-19 17:53:56'),(74,'parraolk@kean.edu','275021','2023-04-19 19:09:21'),(75,'fisheral@kean.edu','382049','2023-04-20 01:27:14'),(76,'moffan@kean.edu','240983','2023-04-20 13:59:22'),(77,'fisheral@kean.edu','946287','2023-04-20 15:54:33'),(78,'fisheral@kean.edu','344714','2023-04-20 15:56:10'),(79,'fisheral@kean.edu','457132','2023-04-20 15:57:04'),(80,'ebresou@kean.edu','625468','2023-04-24 14:03:20'),(81,'parraolk@kean.edu','506843','2023-04-29 14:46:42'),(82,'parraolk@kean.edu','000651','2023-04-29 15:44:43');
/*!40000 ALTER TABLE `PasswordCode` ENABLE KEYS */;
UNLOCK TABLES;

--
-- Table structure for table `Semester`
--

DROP TABLE IF EXISTS `Semester`;
/*!40101 SET @saved_cs_client     = @@character_set_client */;
/*!40101 SET character_set_client = utf8 */;
CREATE TABLE `Semester` (
  `ID` int(11) NOT NULL,
  `Year` int(11) NOT NULL,
  `Semester` varchar(25) NOT NULL,
  `IsActive` tinyint(1) DEFAULT NULL,
  PRIMARY KEY (`ID`)
) ENGINE=InnoDB DEFAULT CHARSET=latin1;
/*!40101 SET character_set_client = @saved_cs_client */;

--
-- Dumping data for table `Semester`
--

LOCK TABLES `Semester` WRITE;
/*!40000 ALTER TABLE `Semester` DISABLE KEYS */;
/*!40000 ALTER TABLE `Semester` ENABLE KEYS */;
UNLOCK TABLES;

--
-- Table structure for table `Students`
--

DROP TABLE IF EXISTS `Students`;
/*!40101 SET @saved_cs_client     = @@character_set_client */;
/*!40101 SET character_set_client = utf8 */;
CREATE TABLE `Students` (
  `ID` int(11) NOT NULL AUTO_INCREMENT,
  `FirstName` varchar(255) DEFAULT NULL,
  `LastName` varchar(255) DEFAULT NULL,
  `ActiveProgram` int(11) DEFAULT NULL,
  `Major1` int(11) DEFAULT NULL,
  `Major2` int(11) DEFAULT NULL,
  `Minor` int(11) DEFAULT NULL,
  `ClassStanding` int(11) DEFAULT NULL,
  `EmailAddress` varchar(255) DEFAULT NULL,
  PRIMARY KEY (`ID`),
  KEY `Students_ibfk_1` (`Major1`),
  KEY `Students_ibfk_2` (`Major2`),
  KEY `Students_ibfk_3` (`Minor`),
  KEY `Students_ibfk_4` (`ClassStanding`),
  KEY `Students_FK` (`ActiveProgram`),
  CONSTRAINT `Students_FK` FOREIGN KEY (`ActiveProgram`) REFERENCES `ActiveProgram` (`ID`) ON DELETE CASCADE ON UPDATE CASCADE,
  CONSTRAINT `Students_ibfk_1` FOREIGN KEY (`Major1`) REFERENCES `Curriculum` (`id`) ON DELETE CASCADE ON UPDATE CASCADE,
  CONSTRAINT `Students_ibfk_2` FOREIGN KEY (`Major2`) REFERENCES `Curriculum` (`id`) ON DELETE CASCADE ON UPDATE CASCADE,
  CONSTRAINT `Students_ibfk_3` FOREIGN KEY (`Minor`) REFERENCES `Curriculum` (`id`) ON DELETE CASCADE ON UPDATE CASCADE,
  CONSTRAINT `Students_ibfk_4` FOREIGN KEY (`ClassStanding`) REFERENCES `ClassStanding` (`id`) ON DELETE CASCADE ON UPDATE CASCADE
) ENGINE=InnoDB AUTO_INCREMENT=762 DEFAULT CHARSET=latin1;
/*!40101 SET character_set_client = @saved_cs_client */;

--
-- Dumping data for table `Students`
--

LOCK TABLES `Students` WRITE;
/*!40000 ALTER TABLE `Students` DISABLE KEYS */;
INSERT INTO `Students` VALUES (1,'Umar','Abid',1,1,NULL,NULL,2,'uabid@kean.edu'),(2,'Ben','Abraham',2,2,NULL,NULL,2,'abrahabe@kean.edu'),(3,'Safia','Abukasim',1,1,NULL,NULL,1,'sabukasi@kean.edu'),(4,'Nathaniel','Acosta',1,1,NULL,NULL,1,'acosnath@kean.edu'),(5,'Joseph','Afotey-Agbo',3,3,NULL,NULL,3,'afoteyaj@kean.edu'),(6,'Ivan','Agboada',1,1,NULL,NULL,4,'iagboada@kean.edu'),(7,'Fernando','Aguilar',1,1,NULL,NULL,2,'faguilar@kean.edu'),(8,'Joel','Aguilar',1,1,NULL,NULL,1,'aguiljoe@kean.edu'),(9,'Frankie','Aguirre',3,3,NULL,NULL,1,'aguirref@kean.edu'),(10,'Sandra','Aguirre Zarta',3,3,NULL,NULL,4,'aguirrsa@kean.edu'),(11,'Somto','Agulefo',1,1,NULL,NULL,1,'agulefos@kean.edu'),(12,'Ayman','Ahmad',2,2,NULL,NULL,1,'ahmaday@kean.edu'),(13,'Aiman','Ahmed',4,4,NULL,NULL,3,'ahmedai@kean.edu'),(14,'Umer','Ahmed',5,5,NULL,NULL,1,'umahmed@kean.edu'),(15,'Sarah','Ainani',1,1,NULL,NULL,1,'ainanis@kean.edu'),(16,'Eyitayo','Akinjinmi',1,1,NULL,NULL,3,'eakinjin@kean.edu'),(17,'Israel','Akinwunmi',1,1,NULL,NULL,2,'akinwuni@kean.edu'),(18,'Aura','Akunne',1,1,NULL,NULL,2,'aakunne@kean.edu'),(19,'Oluwatunmise','Alabi',4,4,NULL,NULL,3,'oalabi@kean.edu'),(20,'Ryan','Alcada',5,5,NULL,NULL,3,'alcadar@kean.edu'),(21,'Krozfaramy','Alcantara',1,1,NULL,NULL,1,'kalcanta@kean.edu'),(22,'Ivan','Aleksandrov',5,5,NULL,NULL,2,'ialeksan@kean.edu'),(23,'Marly','Alexis',6,1,NULL,NULL,4,'alexisma@kean.edu'),(24,'Thomas','Alfonso',1,1,NULL,NULL,1,'alfonsot@kean.edu'),(25,'Musa','Ali',4,4,NULL,NULL,3,'muali@kean.edu'),(26,'Shazab','Ali',1,1,NULL,NULL,2,'alisha@kean.edu'),(27,'Andy','Allaico',1,1,NULL,NULL,3,'allaican@kean.edu'),(28,'Ashley','Allaico',7,6,NULL,NULL,5,'allaicoa@kean.edu'),(29,'Nashiloh','Allen',5,5,NULL,NULL,1,'allennas@kean.edu'),(30,'Sam','Allen',1,1,NULL,NULL,3,'allesam@kean.edu'),(31,'Adriana','Altamirano',8,7,NULL,NULL,3,'altamiad@kean.edu'),(32,'Paolo','Alvarado',1,1,NULL,NULL,2,'palvarad@kean.edu'),(33,'Bruno','Alvear Paz',1,1,NULL,NULL,3,'alvearpb@kean.edu'),(34,'Eric','Alves Ponte',1,1,NULL,NULL,4,'pontee@kean.edu'),(35,'Isaiah','Alviola',3,3,NULL,NULL,3,'alviolai@kean.edu'),(36,'Kwaku','Amankwaa',5,5,NULL,NULL,4,'amankwak@kean.edu'),(37,'Dylan','Amaro',3,3,NULL,NULL,1,'damaro@kean.edu'),(38,'Nicholas','Amaro',1,1,NULL,NULL,4,'amaron@kean.edu'),(39,'Xavier','Amparo',1,1,NULL,NULL,4,'amparox@kean.edu'),(40,'Chinaecherem','Anemelu',2,2,NULL,NULL,3,'anemechi@kean.edu'),(41,'Richard','Angueira',8,7,NULL,NULL,3,'rangueir@kean.edu'),(42,'Rhythm','Anowar',5,5,NULL,NULL,1,'anowarr@kean.edu'),(43,'Wilfred','Ansah',2,2,NULL,NULL,4,'ansahw@kean.edu'),(44,'Jason','Ansuh',1,1,NULL,NULL,2,'ansuhj@kean.edu'),(45,'Kyle','Aquilato',1,1,NULL,NULL,3,'aquilatk@kean.edu'),(46,'Diana','Arango',1,1,NULL,NULL,1,'arangodi@kean.edu'),(47,'Mario','Aristodemou',5,5,NULL,NULL,2,'aristodm@kean.edu'),(48,'Zan','Arshad',1,1,NULL,NULL,1,'arshadz@kean.edu'),(49,'Aileen','Aryeetey',1,1,NULL,NULL,1,'aryeetea@kean.edu'),(50,'Matthew','Asare',1,1,NULL,NULL,2,'asarema@kean.edu'),(51,'Mariam','Ashfaq',1,1,NULL,NULL,4,'ashfaqma@kean.edu'),(52,'Terell','Ashman',1,1,NULL,NULL,3,'ashmante@kean.edu'),(53,'Trevon','Ashman',1,1,NULL,NULL,4,'ashmantr@kean.edu'),(54,'Theodore','Awa',8,7,NULL,14,4,'awat@kean.edu'),(55,'Ariel','Azcona',1,1,NULL,NULL,4,'azconaar@kean.edu'),(56,'Charlie','Baez',1,1,NULL,NULL,1,'baezcha@kean.edu'),(57,'Stanley','Baez',1,1,NULL,NULL,3,'baezst@kean.edu'),(58,'Alexis','Balbuena',1,1,NULL,NULL,4,'balbuale@kean.edu'),(59,'Andrea','Balcacer',1,1,NULL,NULL,4,'balcacea@kean.edu'),(60,'Carmlyn','Balisage',5,5,NULL,NULL,2,'balisagc@kean.edu'),(61,'Wale','Bamidele',8,7,NULL,NULL,3,'bamidelw@kean.edu'),(62,'Fnu','Bani',1,1,NULL,NULL,4,'fbani@kean.edu'),(63,'Michael','Banko',1,1,NULL,NULL,3,'bankomic@kean.edu'),(64,'Kevalkumar','Barvaliya',1,1,NULL,NULL,4,'barvalik@kean.edu'),(65,'Jayce','Baugh',4,4,NULL,NULL,1,'baughj@kean.edu'),(66,'Daniel','Beben',1,1,NULL,NULL,2,'bebend@kean.edu'),(67,'Angel','Bello Acatitlan',1,1,NULL,NULL,1,'belloaca@kean.edu'),(68,'Emmanuel','Beltre',5,5,NULL,NULL,3,'ebeltre@kean.edu'),(69,'Nicole','Bencosme Gil',1,1,NULL,NULL,1,'bencosmn@kean.edu'),(70,'Imijah','Benoit',5,5,NULL,NULL,3,'benoiti@kean.edu'),(71,'Brodie','Berger',3,3,NULL,NULL,3,'bergebro@kean.edu'),(72,'Sean','Bhola',1,1,NULL,NULL,2,'bholas@kean.edu'),(73,'Steven','Bimpeh',2,2,NULL,NULL,2,'sbimpeh@kean.edu'),(74,'Lior','Biton',3,3,NULL,NULL,1,'bitonl@kean.edu'),(75,'Anthony','Blackwell',1,1,NULL,NULL,2,'blackwea@kean.edu'),(76,'Anthony','Bollas',1,1,NULL,NULL,3,'bollasa@kean.edu'),(77,'Krishna','Bommu',1,1,NULL,NULL,3,'bommuk@kean.edu'),(78,'Ahijay','Bonilla',2,2,NULL,NULL,4,'bonilahi@kean.edu'),(79,'Joao','Borges',7,6,NULL,NULL,5,'borgesj@kean.edu'),(80,'Kimberly','Borges',9,5,NULL,NULL,4,'borgeski@kean.edu'),(81,'Akwei','Bortey',5,5,NULL,NULL,1,'borteyak@kean.edu'),(82,'Kiara','Bowen',1,1,NULL,NULL,3,'bowenkia@kean.edu'),(83,'Michael','Bradbury',2,2,NULL,NULL,4,'bradbumi@kean.edu'),(84,'Hayden','Brower',1,1,NULL,NULL,1,'browerh@kean.edu'),(85,'Zachary','Brown',3,3,NULL,NULL,2,'brownzac@kean.edu'),(86,'Desire\'','Burgos',2,2,NULL,NULL,3,'burgodes@kean.edu'),(87,'Mark','Byk',3,3,NULL,NULL,2,'bykm@kean.edu'),(88,'Jocelyn','Caceres-Quizhpi',2,2,NULL,NULL,2,'cacerjoc@kean.edu'),(89,'Dalfry','Caldera',5,5,NULL,NULL,1,'calderad@kean.edu'),(90,'Juan','Calderon',1,1,NULL,NULL,3,'caldejua@kean.edu'),(91,'Kevin','Callejas',1,1,NULL,NULL,3,'kcalleja@kean.edu'),(92,'Caleb','Campbell',1,1,NULL,NULL,1,'campbcal@kean.edu'),(93,'Juan','Campomanes',5,5,NULL,NULL,4,'campomju@kean.edu'),(94,'Kevin','Campos',5,5,NULL,NULL,3,'kcampos@kean.edu'),(95,'Julio','Cano',5,5,NULL,NULL,3,'canoju@kean.edu'),(96,'Francis','Canullas',1,1,NULL,NULL,3,'canullaf@kean.edu'),(97,'Eric','Carminio',1,1,NULL,NULL,2,'carminie@kean.edu'),(98,'Anya','Carr',1,1,NULL,NULL,3,'carran@kean.edu'),(99,'Kailyn','Carreira',5,5,NULL,NULL,4,'carreika@kean.edu'),(100,'Dylan','Carrera',5,5,NULL,NULL,3,'carrerdy@kean.edu'),(101,'Rahim','Carter',9,5,NULL,NULL,4,'carterr@kean.edu'),(102,'Julian','Carthell',1,1,NULL,NULL,1,'carthelj@kean.edu'),(103,'Joselyn','Carvajal',1,1,NULL,NULL,2,'carvajjo@kean.edu'),(104,'Alexis','Casado',5,5,NULL,NULL,3,'casadoa@kean.edu'),(105,'Jazmin','Casanova',1,1,NULL,NULL,1,'casanovj@kean.edu'),(106,'Miguel','Castellano',1,1,NULL,NULL,2,'castemig@kean.edu'),(107,'Ricci','Castillo',1,1,NULL,NULL,4,'castiric@kean.edu'),(108,'Monica','Castillo Sanchez',1,1,NULL,NULL,1,'castimon@kean.edu'),(109,'Lais','Castro',3,3,NULL,NULL,3,'castrola@kean.edu'),(110,'Max','Caverly',1,1,NULL,NULL,4,'caverlma@kean.edu'),(111,'Marlon','Cedeno',5,5,NULL,NULL,1,'cedenoma@kean.edu'),(112,'Amari','Cephas',3,3,NULL,NULL,2,'cephasam@kean.edu'),(113,'Abel','Cerda Estevez',1,1,NULL,NULL,1,'cerdaesa@kean.edu'),(114,'Charles','Cetta',1,1,NULL,NULL,2,'cettac@kean.edu'),(115,'Andres','Chacon',3,3,NULL,NULL,1,'chaconan@kean.edu'),(116,'Katlin','Champion',1,1,NULL,NULL,4,'champiok@kean.edu'),(117,'Nakul','Chander',1,1,NULL,NULL,3,'chandern@kean.edu'),(118,'Ryan','Charran',5,5,NULL,NULL,3,'charranr@kean.edu'),(119,'Chintalben','Chaudhary',1,1,NULL,NULL,3,'chaudhac@kean.edu'),(120,'Krish','Chauhan',1,1,NULL,NULL,2,'chauhakr@kean.edu'),(121,'Alejandro','Chavez-Mayoral',1,1,NULL,NULL,2,'chavezal@kean.edu'),(122,'Erick','Chicas',1,1,NULL,NULL,4,'chicase@kean.edu'),(123,'Thiago','Chiovenda',1,1,NULL,NULL,1,'chiovent@kean.edu'),(124,'Marlon','Chipa',2,2,NULL,NULL,1,'chipam@kean.edu'),(125,'Tiffany','Choi',1,1,NULL,NULL,1,'choiti@kean.edu'),(126,'Parth','Chunara',1,1,NULL,NULL,3,'chunarap@kean.edu'),(127,'Gilson','Chuquiana',8,7,NULL,NULL,1,'chuquiag@kean.edu'),(128,'Felipe','Cifuentes',2,2,NULL,NULL,2,'cifuentf@kean.edu'),(129,'Moise','Cineus',5,5,NULL,NULL,4,'cineusmo@kean.edu'),(130,'Maxwell','Cirasella',2,2,NULL,NULL,1,'ciraselm@kean.edu'),(131,'Gary','Clark',6,1,NULL,NULL,4,'clarkgar@kean.edu'),(132,'Haydee','Clavell',2,2,NULL,NULL,1,'clavellh@kean.edu'),(133,'Kristen','Clifford',2,2,NULL,NULL,3,'cliffkri@kean.edu'),(134,'Javier','Coarite',5,5,NULL,NULL,4,'coaritej@kean.edu'),(135,'Stephen','Colandro',5,5,NULL,NULL,2,'colandrs@kean.edu'),(136,'Zion','Colbert',8,7,NULL,NULL,1,'colbertz@kean.edu'),(137,'Christian-Ray','Conrad',1,1,NULL,NULL,4,'conrchri@kean.edu'),(138,'Xyasia','Cook',1,1,NULL,NULL,3,'cookx@kean.edu'),(139,'Josue','Coronado',3,3,NULL,NULL,1,'corojosu@kean.edu'),(140,'Piero','Coronado',1,1,NULL,NULL,4,'coronapi@kean.edu'),(141,'Luis','Cortes',5,5,NULL,NULL,4,'corteslu@kean.edu'),(142,'Noraine','Cruz',2,2,NULL,NULL,2,'cruznora@kean.edu'),(143,'Nicolle','Cuevas',8,7,NULL,NULL,1,'cuevanic@kean.edu'),(144,'Caleb','Cumberbatch',1,1,NULL,NULL,2,'cumberbc@kean.edu'),(145,'Tristram','Dacayan',10,8,NULL,15,4,'dacayant@kean.edu'),(146,'Jose','Dalmau Rodriguez',1,1,NULL,NULL,4,'dalmaurj@kean.edu'),(147,'Meet','Darji',1,1,NULL,NULL,4,'darjime@kean.edu'),(148,'Samuel','Dasilva',5,5,NULL,NULL,1,'dassamue@kean.edu'),(149,'Erika','Davis',2,2,NULL,NULL,2,'daverika@kean.edu'),(150,'Alexis','Dawkins',2,2,NULL,NULL,3,'dawkinal@kean.edu'),(151,'Brianna','Dawkins',2,2,NULL,NULL,3,'dawkibri@kean.edu'),(152,'Jacob','De Sousa',5,5,NULL,NULL,4,'desousja@kean.edu'),(153,'Joseph','De la Cruz',5,5,NULL,NULL,4,'delacrj1@kean.edu'),(154,'Cristian','De la Rosa',1,1,NULL,NULL,2,'delarosc@kean.edu'),(155,'Connor','Delaney',3,3,NULL,NULL,1,'delancon@kean.edu'),(156,'Justin','Delgado',1,1,NULL,NULL,4,'delgajus@kean.edu'),(157,'Yuliana','Delgado',3,3,NULL,NULL,3,'delgadyu@kean.edu'),(158,'Brandon','Deliz',1,1,NULL,NULL,4,'delizb@kean.edu'),(159,'Thomas','Delmour',5,5,NULL,NULL,4,'delmourt@kean.edu'),(160,'Yusuf','Demirci',1,1,NULL,NULL,1,'demirciy@kean.edu'),(161,'Michael','Demizio',5,5,NULL,NULL,4,'demiziom@kean.edu'),(162,'Solange','Depina-Veiga',1,1,NULL,NULL,1,'depinavs@kean.edu'),(163,'Ayan','Desai',3,3,NULL,NULL,3,'desaiay@kean.edu'),(164,'Joseph','Desanno',3,3,NULL,NULL,3,'desannoj@kean.edu'),(165,'Samantha','Desronvil',8,7,NULL,NULL,4,'desronvs@kean.edu'),(166,'Balla','Diaite',3,3,NULL,NULL,3,'diaiteb@kean.edu'),(167,'Demetrios','Diamantidis',5,5,NULL,NULL,4,'diamande@kean.edu'),(168,'Anthony','Diaz',1,1,NULL,NULL,4,'diazanth@kean.edu'),(169,'Ryan','Dicandilo',5,5,NULL,NULL,3,'dicandir@kean.edu'),(170,'Domenico','Dicosimo',1,1,NULL,NULL,4,'dicosimd@kean.edu'),(171,'Connor','Diminico',1,1,NULL,NULL,3,'diminicc@kean.edu'),(172,'Makiah','Dixon',3,3,NULL,NULL,2,'dixonma@kean.edu'),(173,'Vincent','Doda',1,1,NULL,NULL,2,'dodav@kean.edu'),(174,'Cristian','Dominguez',1,1,NULL,NULL,1,'domincri@kean.edu'),(175,'Michael','Dominguez',5,5,NULL,NULL,3,'domingmi@kean.edu'),(176,'Sebastian','Dominique',3,3,NULL,NULL,1,'dominise@kean.edu'),(177,'Samaad','Donaldson',5,5,NULL,NULL,4,'donalsam@kean.edu'),(178,'Kendal','Dorcelian',1,1,NULL,NULL,1,'dorcelik@kean.edu'),(179,'Hassan','Dorgham',1,1,NULL,NULL,1,'dorghamh@kean.edu'),(180,'Carlos','Dutan',3,3,NULL,NULL,3,'dutanc@kean.edu'),(181,'Thomas','Eagle',3,3,NULL,NULL,2,'eaglet@kean.edu'),(182,'Uko','Ebreso',7,6,NULL,NULL,5,'ebresou@kean.edu'),(183,'Darius','Edwards',5,5,NULL,NULL,2,'daedward@kean.edu'),(184,'Seth','Edwards',2,2,NULL,NULL,1,'edwarset@kean.edu'),(185,'Mysara','Elsayed',1,1,NULL,NULL,1,'elsayemy@kean.edu'),(186,'Javen','Encabo',2,2,NULL,NULL,1,'encaboj@kean.edu'),(187,'Christopher','Eng',2,2,NULL,NULL,2,'engchr@kean.edu'),(188,'Johann','Ernest',5,5,NULL,NULL,3,'ernestjo@kean.edu'),(189,'Christopher','Escobar',5,5,NULL,16,4,'escobach@kean.edu'),(190,'Renzo Isaiah','Espinosa',5,5,NULL,NULL,4,'espinore@kean.edu'),(191,'Erwing','Esquea',1,1,NULL,NULL,1,'esqueae@kean.edu'),(192,'Alexis','Esteves-Vides',1,1,NULL,NULL,1,'estealex@kean.edu'),(193,'Jandry','Estrada',1,1,NULL,NULL,1,'estrajan@kean.edu'),(194,'Spencer','Fabe',2,2,NULL,NULL,2,'fabes@kean.edu'),(195,'Justin','Fair',5,5,NULL,NULL,3,'fairju@kean.edu'),(196,'Devonte','Faison',1,1,NULL,NULL,1,'faisonde@kean.edu'),(197,'Jourden','Fenner',5,5,NULL,NULL,3,'fennerjo@kean.edu'),(198,'John','Fernandes',1,1,NULL,NULL,4,'fernjohn@kean.edu'),(199,'Elian','Fernandez',3,3,NULL,NULL,1,'fernelia@kean.edu'),(200,'John','Fernandez',5,5,NULL,NULL,1,'fernajoh@kean.edu'),(201,'Keith','Fernandez',3,3,NULL,NULL,1,'fernkayl@kean.edu'),(202,'Matthew','Fernandez',7,6,NULL,NULL,5,'fermatth@kean.edu'),(203,'Esther','Fields',1,1,NULL,NULL,3,'fieldest@kean.edu'),(204,'Aaron','Figueredo',3,3,NULL,NULL,1,'figueaar@kean.edu'),(205,'Tayevon','Finch',2,2,NULL,NULL,2,'fincht@kean.edu'),(206,'Alexander','Fisher',7,6,NULL,NULL,5,'fisheral@kean.edu'),(207,'Wesley','Flores',8,7,NULL,NULL,3,'floreswe@kean.edu'),(208,'Daniel','Folarin',5,5,NULL,NULL,3,'folarind@kean.edu'),(209,'James','Ford Jr',1,1,NULL,NULL,2,'fordjrj@kean.edu'),(210,'Christian','Franco',1,1,NULL,NULL,2,'frachris@kean.edu'),(211,'Herby','Francois',1,1,NULL,NULL,1,'francoih@kean.edu'),(212,'Austin','Francy',3,3,NULL,NULL,3,'francya@kean.edu'),(213,'Nicole','Frimpong',1,1,NULL,NULL,1,'frimpnic@kean.edu'),(214,'Jovany','Gadelsaid',5,5,NULL,NULL,1,'gadelsaj@kean.edu'),(215,'Imad','Gado',3,3,NULL,NULL,1,'gadoi@kean.edu'),(216,'Rutvik','Gandhi',2,2,NULL,NULL,3,'gandrutv@kean.edu'),(217,'Christian','Garcia',1,1,NULL,NULL,1,'garciac3@kean.edu'),(218,'Daniel','Garcia',4,4,NULL,NULL,3,'garciad1@kean.edu'),(219,'Freily','Garcia',1,1,NULL,NULL,1,'garcifre@kean.edu'),(220,'Jeremiah','Garcia',1,1,NULL,NULL,3,'garcijer@kean.edu'),(221,'Jonathan','Garcia',1,1,NULL,NULL,2,'garcjona@kean.edu'),(222,'Gustavo','Garcia Vargas',1,1,NULL,NULL,1,'garciavg@kean.edu'),(223,'Daniel','Garofalo',2,2,NULL,NULL,2,'garofad1@kean.edu'),(224,'Justin','Gaskins',5,5,NULL,NULL,2,'gaskinju@kean.edu'),(225,'Dejaun','Gayle',1,1,NULL,NULL,2,'gayledej@kean.edu'),(226,'Kevin','George',8,7,NULL,NULL,2,'geokevin@kean.edu'),(227,'Saurabh','Ghosh',3,3,NULL,NULL,4,'ghoshs@kean.edu'),(228,'Jonathan','Gil',5,5,NULL,NULL,4,'giljon@kean.edu'),(229,'Jaden','Gilbert',1,1,NULL,NULL,1,'gilbjade@kean.edu'),(230,'Robert','Giuffra',2,2,NULL,NULL,3,'giuffrar@kean.edu'),(231,'Daniel','Gneco',1,1,NULL,NULL,4,'gnecod@kean.edu'),(232,'Awais','Gohar',3,3,NULL,NULL,2,'gohara@kean.edu'),(233,'Steban','Gomez',8,7,NULL,NULL,1,'gomesteb@kean.edu'),(234,'Ruhama','Gonzales',5,5,NULL,NULL,1,'ruhgonza@kean.edu'),(235,'Jesus','Gonzalez',1,1,NULL,NULL,1,'gonzjesu@kean.edu'),(236,'Marcus','Gonzalez',1,1,NULL,NULL,1,'gonmarcu@kean.edu'),(237,'Rodrigo','Gonzalez',3,3,NULL,NULL,3,'gorodrig@kean.edu'),(238,'Samantha','Gonzalez',1,1,NULL,NULL,2,'gonzasa3@kean.edu'),(239,'Jose','Gonzalez-Bergery',3,3,NULL,NULL,3,'gonzalj3@kean.edu'),(240,'Jalen','Gordon',2,2,NULL,NULL,3,'gordojal@kean.edu'),(241,'Justin','Gordon',5,5,NULL,NULL,2,'gordonju@kean.edu'),(242,'Zachary','Gordon',3,3,NULL,NULL,3,'gordonza@kean.edu'),(243,'Jayden','Graves',2,2,NULL,NULL,2,'gravesja@kean.edu'),(244,'Andre','Gray',5,5,NULL,NULL,3,'grayand@kean.edu'),(245,'Michael','Green',2,2,NULL,NULL,2,'greenm1@kean.edu'),(246,'Edward','Griffin',5,5,NULL,NULL,4,'griedwar@kean.edu'),(247,'Ziyue','Gu',1,1,NULL,NULL,3,'guziy@kean.edu'),(248,'Grady','Guaman',1,1,NULL,NULL,2,'guamang@kean.edu'),(249,'Kevin','Guaman',1,1,NULL,NULL,2,'guamanke@kean.edu'),(250,'Ryan','Guillen',1,1,NULL,NULL,1,'guillery@kean.edu'),(251,'Naman','Gupta',10,8,NULL,NULL,4,'guptana@kean.edu'),(252,'Ravi','Gupta',2,2,NULL,NULL,2,'guptarav@kean.edu'),(253,'William','Gustave',3,3,NULL,NULL,1,'gustavew@kean.edu'),(254,'Yahayra','Gutierrez',3,3,NULL,NULL,2,'gutieyah@kean.edu'),(255,'Moises','Gutierrez Morel',5,5,NULL,NULL,3,'gutiermo@kean.edu'),(256,'Nijel','Guzman',5,5,NULL,NULL,3,'guzmanij@kean.edu'),(257,'Yorfi','Guzman',5,5,NULL,NULL,2,'guzmanyo@kean.edu'),(258,'Matthew','Hagg',2,2,NULL,NULL,1,'haggm@kean.edu'),(259,'Maliha','Haider',1,1,NULL,NULL,3,'haiderma@kean.edu'),(260,'Alil','Halesmall',3,3,NULL,NULL,3,'halesmaa@kean.edu'),(261,'Roydon','Hampton',1,1,NULL,NULL,1,'hamptoro@kean.edu'),(262,'Shahmeer','Hanif',1,1,NULL,NULL,1,'hanifsha@kean.edu'),(263,'Rana','Hanna',5,5,NULL,NULL,2,'hannaran@kean.edu'),(264,'Brendan','Hannon',1,1,NULL,NULL,3,'hannonbr@kean.edu'),(265,'Gerard','Hansome',8,7,NULL,NULL,2,'hansomge@kean.edu'),(266,'Clinton','Harding',5,5,NULL,NULL,4,'hardingc@kean.edu'),(267,'Evan','Hart',1,1,NULL,NULL,1,'harteva@kean.edu'),(268,'Bradley','Hasegawa',5,5,NULL,NULL,4,'hasegawb@kean.edu'),(269,'Jason','Haspil',1,1,NULL,NULL,1,'haspilj@kean.edu'),(270,'Benjamin','Hatoff',2,2,NULL,NULL,3,'hatoffbe@kean.edu'),(271,'Sean','Haupt',1,1,NULL,NULL,3,'haupts@kean.edu'),(272,'Jamaria','Hay',1,1,NULL,NULL,1,'hayj@kean.edu'),(273,'Liam','Healy',1,1,NULL,NULL,4,'healylia@kean.edu'),(274,'Tarek','Heba',5,5,NULL,NULL,4,'hebat@kean.edu'),(275,'Rachel','Heintjes',5,5,NULL,NULL,4,'heintjer@kean.edu'),(276,'Jeffrey','Henriquez',1,1,NULL,NULL,1,'henrjeff@kean.edu'),(277,'John','Heredia',1,1,NULL,NULL,1,'herejohn@kean.edu'),(278,'Hector','Hernandez',4,4,NULL,NULL,3,'hhernand@kean.edu'),(279,'James','Hernandez',1,1,NULL,NULL,2,'herjames@kean.edu'),(280,'Kevin','Hernandez',1,1,NULL,NULL,1,'hkevin@kean.edu'),(281,'Osmel','Hernandez',2,2,NULL,NULL,3,'hernaosm@kean.edu'),(282,'Hailey','Herrera',5,5,NULL,NULL,1,'herrerha@kean.edu'),(283,'Yunirsa','Hiraldo Mendez',1,1,NULL,NULL,1,'hiraldoy@kean.edu'),(284,'Tyana','Hodge',8,7,NULL,NULL,3,'hodgety@kean.edu'),(285,'Ahmad','Hodges',1,1,NULL,NULL,4,'hodgesa@kean.edu'),(286,'James','Hoenings',1,1,NULL,NULL,3,'hoeningj@kean.edu'),(287,'Nahla','Hollingsworth Wright',1,1,NULL,NULL,1,'wrighnah@kean.edu'),(288,'Michael','Horgan',1,1,NULL,NULL,3,'horganm@kean.edu'),(289,'Mekhi','Horne',1,1,NULL,NULL,1,'horneme@kean.edu'),(290,'Matthew','Hostetler',3,3,NULL,NULL,1,'hostetlm@kean.edu'),(291,'Erick','Huertas',1,1,NULL,NULL,1,'ehuertas@kean.edu'),(292,'Jonathan','Hur',5,5,NULL,NULL,4,'hurj@kean.edu'),(293,'Joussef','Ibarra',8,7,NULL,NULL,4,'ibarrjou@kean.edu'),(294,'Roilan','Iglesias',11,6,NULL,NULL,5,'iglesiro@kean.edu'),(295,'Kirn','Ikram',2,2,NULL,NULL,2,'ikramk@kean.edu'),(296,'Andrew','Infranco',1,1,NULL,NULL,1,'infranca@kean.edu'),(297,'Osadolo','Izedomwen',8,7,NULL,NULL,1,'izedomwo@kean.edu'),(298,'Christopher','Jacinto',1,1,NULL,NULL,3,'jacintoc@kean.edu'),(299,'Devon','Jacob',5,5,NULL,NULL,4,'jacobde@kean.edu'),(300,'Shan','Jafri',5,5,NULL,NULL,4,'jafris@kean.edu'),(301,'Jamil','Jalloh',5,5,NULL,NULL,2,'jallohj@kean.edu'),(302,'Michael','Jaquez Gutierrez',5,5,NULL,NULL,1,'jaquezgm@kean.edu'),(303,'Alejandro','Jaramillo',5,5,NULL,NULL,3,'jaraalej@kean.edu'),(304,'Ralph','Jean',1,1,NULL,NULL,1,'jeanra@kean.edu'),(305,'Stevenson','Jean',5,5,NULL,NULL,3,'jeanste@kean.edu'),(306,'Christopher','Jean-Pierre',1,1,NULL,NULL,3,'jeanpchr@kean.edu'),(307,'Jervivia','Jean-Pierre',1,1,NULL,NULL,1,'jeanpiej@kean.edu'),(308,'Nikye','Jennings-Jackson',5,5,NULL,NULL,3,'jenningn@kean.edu'),(309,'Akanksha','Jethwa',5,5,NULL,NULL,2,'ajethwa@kean.edu'),(310,'Aaron','Jimenez',3,3,NULL,NULL,1,'jimeneaa@kean.edu'),(311,'Landy','Jimenez',3,3,NULL,NULL,1,'jimenlan@kean.edu'),(312,'Naomi','Joa',1,1,NULL,NULL,1,'joan@kean.edu'),(313,'Jolina','John',3,3,NULL,NULL,2,'johnjol@kean.edu'),(314,'Brandon','Johnson',2,2,NULL,NULL,2,'johbrand@kean.edu'),(315,'Dan','Johnson',5,5,NULL,NULL,2,'johdan@kean.edu'),(316,'Degraft','Johnson',1,1,NULL,NULL,2,'johnsdeg@kean.edu'),(317,'Douglas','Johnson',2,2,NULL,NULL,2,'jodougla@kean.edu'),(318,'Kamren','Johnson',8,7,NULL,NULL,1,'johnkamr@kean.edu'),(319,'Neyah','Johnson',5,5,NULL,NULL,2,'johnsney@kean.edu'),(320,'Zakiyah','Johnson',3,3,NULL,NULL,3,'zjohnson@kean.edu'),(321,'Devin','Jones',5,5,NULL,NULL,3,'jonesdev@kean.edu'),(322,'Jordyn','Jones',2,2,NULL,NULL,2,'jonesjor@kean.edu'),(323,'Avent','Joseph',1,1,NULL,NULL,3,'josephav@kean.edu'),(324,'Larousse','Joseph',5,5,NULL,NULL,4,'joseplar@kean.edu'),(325,'Laura','Joseph',5,5,NULL,NULL,2,'joslaura@kean.edu'),(326,'Phino','Joseph',3,3,NULL,NULL,4,'phjoseph@kean.edu'),(327,'Ray','Joseph',8,7,NULL,NULL,2,'josepray@kean.edu'),(328,'Sebastian','Joseph',1,1,NULL,NULL,1,'josepseb@kean.edu'),(329,'Samuel','Josue',5,5,NULL,NULL,3,'josues@kean.edu'),(330,'Max','Kaiser',1,1,NULL,NULL,3,'kaisemax@kean.edu'),(331,'Orka','Kalds',1,1,NULL,NULL,1,'kaldso@kean.edu'),(332,'Brima','Kamara',5,5,NULL,NULL,2,'kamarbri@kean.edu'),(333,'Mohamed','Kamara',1,1,NULL,NULL,1,'kamamoha@kean.edu'),(334,'Ikenna','Kanu',3,3,NULL,NULL,2,'kanuik@kean.edu'),(335,'Samuel','Kehinde',8,7,NULL,NULL,1,'kehindes@kean.edu'),(336,'Steven','Kemper',2,2,NULL,NULL,2,'kemperst@kean.edu'),(337,'Kanchan','Khadka',1,1,NULL,NULL,3,'khadkak@kean.edu'),(338,'Faizan','Khan',1,1,12,17,3,'khanfaiz@kean.edu'),(339,'Vladyslav','Khodorovskyy',1,1,NULL,NULL,2,'khodorov@kean.edu'),(340,'Molisha','Khosla',1,1,NULL,NULL,3,'khoslam@kean.edu'),(341,'Nadah','Khouzam',12,9,NULL,NULL,2,'khouzamn@kean.edu'),(342,'Willie','Kidd',8,7,NULL,NULL,4,'kiddwi@kean.edu'),(343,'Jakub','Kierznowski',5,5,NULL,NULL,4,'kierznoj@kean.edu'),(344,'Ricardo','Killingbeck',1,1,NULL,NULL,1,'killingr@kean.edu'),(345,'Daniel','Kim',1,1,NULL,NULL,4,'kimdani@kean.edu'),(346,'Khalia','King',2,2,NULL,NULL,3,'kingkha@kean.edu'),(347,'Colleen','Kirkpatrick',5,5,NULL,NULL,4,'kirkpatc@kean.edu'),(348,'Rod','Kissangoula',2,2,NULL,NULL,3,'kissangr@kean.edu'),(349,'Ifeanyi','Korieocha',5,5,NULL,NULL,1,'korieoci@kean.edu'),(350,'Hunter','Kornacivich',2,2,NULL,NULL,2,'kornacih@kean.edu'),(351,'Joseph','Kotokpo',1,1,NULL,NULL,2,'kotokpoj@kean.edu'),(352,'Deen','Koubai',3,3,NULL,NULL,1,'koubaid@kean.edu'),(353,'Zorian','Kovbasniuk',1,1,NULL,NULL,4,'kovbasnz@kean.edu'),(354,'Samuel','Kploanyi',5,5,NULL,NULL,3,'skploany@kean.edu'),(355,'Lucas','Krzysztow',3,3,NULL,NULL,1,'krzysztl@kean.edu'),(356,'Ethan','Kupershtein',1,1,NULL,NULL,4,'kupershe@kean.edu'),(357,'Ian','Kurywczak',1,1,NULL,NULL,4,'kurywczi@kean.edu'),(358,'Barbara','Kwedho',1,1,NULL,NULL,2,'kwedhob@kean.edu'),(359,'Skyler','LaFisca',3,3,NULL,NULL,1,'lafiscas@kean.edu'),(360,'Timothy','Lake',2,2,NULL,NULL,2,'laketi@kean.edu'),(361,'Chris','Landaverde',2,2,NULL,NULL,3,'landavec@kean.edu'),(362,'Eric','Landaverde',4,4,NULL,NULL,4,'landaver@kean.edu'),(363,'Matthew','Lane',3,3,NULL,NULL,3,'lanemat@kean.edu'),(364,'Alex','Lanza',3,3,NULL,NULL,1,'lanzalex@kean.edu'),(365,'Vatanak','Lavan',4,4,NULL,NULL,4,'lavanv@kean.edu'),(366,'Josiah','Lawrence',1,1,NULL,NULL,1,'lawrenjo@kean.edu'),(367,'Shemar','Lawson',1,1,NULL,NULL,1,'lawsoshe@kean.edu'),(368,'Antony','Le',1,1,13,NULL,4,'leant@kean.edu'),(369,'Nas\'ir','Le Sane',3,3,NULL,NULL,2,'lesanen@kean.edu'),(370,'Parker','Leake',1,1,NULL,NULL,1,'leakep@kean.edu'),(371,'Jaewon','Lee',2,2,NULL,NULL,2,'leejae@kean.edu'),(372,'Keanu','Lee',8,7,NULL,NULL,2,'klee@kean.edu'),(373,'Gonzalo','Leon',1,1,NULL,NULL,2,'leongo@kean.edu'),(374,'Miguel','Leon',1,1,NULL,NULL,3,'leonmig@kean.edu'),(375,'Valentina','Leon',2,2,NULL,NULL,1,'leonval@kean.edu'),(376,'Francis','Leonardo',1,1,NULL,NULL,4,'leonfran@kean.edu'),(377,'Pengcheng','Li',1,1,NULL,NULL,3,'lipen@kean.edu'),(378,'Wenxiao','Li',1,1,NULL,NULL,3,'liwen@kean.edu'),(379,'Xiao','Li',1,1,NULL,NULL,3,'lxiao@kean.edu'),(380,'Liam','Lidlow',3,3,NULL,NULL,4,'lidlowl@kean.edu'),(381,'Christian','Liguori',3,3,NULL,NULL,4,'liguorch@kean.edu'),(382,'Anna','Lin',1,1,NULL,NULL,1,'linan@kean.edu'),(383,'Tzu-Han','Lin',7,6,NULL,NULL,5,'lintzuh@kean.edu'),(384,'Kevin','Lochard',13,10,NULL,NULL,4,'lochardk@kean.edu'),(385,'Joanna','Loja',2,2,NULL,NULL,3,'lojaj@kean.edu'),(386,'Anthony','Lopez',1,1,NULL,NULL,4,'lopezant@kean.edu'),(387,'Richard','Lopez',1,1,NULL,NULL,4,'lorichar@kean.edu'),(388,'Edrimil','Lopez Jimenez',1,1,NULL,NULL,1,'lopezjie@kean.edu'),(389,'Andrew','Lopresti',1,1,NULL,NULL,2,'lopresta@kean.edu'),(390,'Braulio','Lora Encarnacion',3,3,NULL,NULL,2,'loraencb@kean.edu'),(391,'Daniel','Lordelo',1,1,NULL,NULL,2,'lordelod@kean.edu'),(392,'Ramses','Lorenzo Gonzalez',4,4,NULL,NULL,1,'lorenram@kean.edu'),(393,'Bria','Love',2,2,NULL,NULL,3,'blove@kean.edu'),(394,'Allan','Lozano Bardales',1,1,NULL,NULL,3,'lozanoba@kean.edu'),(395,'Rainer','Luis',3,3,NULL,NULL,4,'luisr@kean.edu'),(396,'Chito','Luna',5,5,NULL,NULL,4,'lunach@kean.edu'),(397,'Nathaniel','Luzon',5,5,NULL,NULL,1,'luzonn@kean.edu'),(398,'Kenneth','MacK',3,3,NULL,NULL,2,'mackken@kean.edu'),(399,'Tasani','MacK',5,5,NULL,NULL,1,'macktas@kean.edu'),(400,'Daniel','Madrilejos',1,1,NULL,NULL,4,'madriled@kean.edu'),(401,'Deep','Magrodia',5,5,NULL,NULL,4,'magrodid@kean.edu'),(402,'Nicola','Malang',3,3,NULL,NULL,1,'malangn@kean.edu'),(403,'Abijith','Manikandan',1,1,NULL,NULL,3,'manikaab@kean.edu'),(404,'Laxsikan','Manoranjan',1,1,NULL,NULL,3,'manoranl@kean.edu'),(405,'Lucas','Marando',5,5,NULL,NULL,4,'marandol@kean.edu'),(406,'James','Mardi',8,7,NULL,NULL,2,'mardij@kean.edu'),(407,'Matthew','Marino',5,5,NULL,NULL,2,'marinom4@kean.edu'),(408,'Peter','Mariolis',1,1,NULL,NULL,4,'mariolip@kean.edu'),(409,'Fernando','Marques',1,1,NULL,NULL,2,'marquefe@kean.edu'),(410,'Janmarcos','Marroquin',2,2,NULL,NULL,1,'marrojan@kean.edu'),(411,'Cesar','Marte Jimenez',2,2,NULL,NULL,2,'martejic@kean.edu'),(412,'Anigh','Martin',5,5,NULL,NULL,4,'martanig@kean.edu'),(413,'Brayan','Martinez',3,3,NULL,NULL,3,'martbray@kean.edu'),(414,'Kenneth','Martinez',1,1,NULL,NULL,3,'markenne@kean.edu'),(415,'Luis','Martinez',1,1,NULL,NULL,4,'maluis@kean.edu'),(416,'Matthew','Martins',2,2,NULL,NULL,3,'martima1@kean.edu'),(417,'Yuri','Martins',3,3,NULL,NULL,2,'martiyur@kean.edu'),(418,'Catherine','Matamoros',1,1,NULL,NULL,1,'matamorc@kean.edu'),(419,'Andy','Mateo',1,1,NULL,NULL,4,'mateoand@kean.edu'),(420,'Basil','Mathai',5,5,NULL,NULL,3,'mathaib@kean.edu'),(421,'Shayla','Matlock',3,3,NULL,NULL,3,'matlocsh@kean.edu'),(422,'Travis','Matos',3,3,NULL,NULL,2,'matostr@kean.edu'),(423,'Mariusz','Matysek',5,5,NULL,NULL,3,'matysema@kean.edu'),(424,'Christopher','Maurice',8,7,NULL,NULL,4,'mauricec@kean.edu'),(425,'Erik','Maza',2,2,NULL,NULL,3,'mazae@kean.edu'),(426,'Derek','McLean',2,2,NULL,NULL,1,'mcleader@kean.edu'),(427,'Michael','McSorley',1,1,NULL,NULL,1,'mcsorlem@kean.edu'),(428,'Nicholas','McTernan',1,1,NULL,18,4,'mcternni@kean.edu'),(429,'Mekonen','Mebrahtu',1,1,NULL,15,4,'mebrahtm@kean.edu'),(430,'Joshuarey','Medina',2,2,NULL,NULL,4,'medijosh@kean.edu'),(431,'Leonardo','Medina',1,1,NULL,NULL,3,'lmedina@kean.edu'),(432,'Daniel','Mejia',3,3,NULL,NULL,1,'mejidani@kean.edu'),(433,'Oscar','Mejia Rodriguez',1,1,NULL,NULL,1,'mejiaroo@kean.edu'),(434,'Denis','Melchor',1,1,NULL,NULL,1,'melchord@kean.edu'),(435,'Armando','Mendez',2,2,NULL,NULL,2,'mendearm@kean.edu'),(436,'Dylan','Meneses',5,5,NULL,NULL,3,'menesesd@kean.edu'),(437,'Nana','Mensah',2,2,NULL,NULL,2,'mensnana@kean.edu'),(438,'Christopher','Menza',1,1,NULL,NULL,4,'menzachr@kean.edu'),(439,'Brandon','Mesa',1,1,NULL,NULL,1,'mesab@kean.edu'),(440,'Marcussu','Meus',1,1,NULL,NULL,1,'meusm@kean.edu'),(441,'Derrick','Mian',1,1,NULL,NULL,3,'miand@kean.edu'),(442,'Christian','Micco',4,4,NULL,NULL,3,'miccoc@kean.edu'),(443,'Isiah','Middleton',1,1,NULL,NULL,3,'middleti@kean.edu'),(444,'Brandon','Miles',9,5,NULL,NULL,4,'milesb@kean.edu'),(445,'Kenneth','Millman',2,2,NULL,NULL,4,'millmake@kean.edu'),(446,'Mostafa','Moamen',4,4,NULL,NULL,3,'moamenm@kean.edu'),(447,'Pedro Henrique','Modolo',1,1,NULL,NULL,2,'palhanop@kean.edu'),(448,'Nicholas','Moffa',7,6,NULL,NULL,5,'moffan@kean.edu'),(449,'Hashir','Mohyuddin',4,4,NULL,NULL,4,'mohyudha@kean.edu'),(450,'Roger','Molesti',2,2,NULL,NULL,3,'molestir@kean.edu'),(451,'Felix','Molina',3,3,NULL,NULL,2,'molinafe@kean.edu'),(452,'Tyler','Molnar',2,2,NULL,NULL,3,'molnart@kean.edu'),(453,'Timothy','Mondesir',5,5,NULL,NULL,3,'mondesti@kean.edu'),(454,'Joe Amoro','Mong\'are',5,5,NULL,16,3,'mongarjo@kean.edu'),(455,'Felipe','Monsalvo',1,1,NULL,NULL,1,'monsalvf@kean.edu'),(456,'Brandon','Montalvo',8,7,NULL,NULL,3,'montalbr@kean.edu'),(457,'Aaliyah','Moore',5,5,NULL,NULL,1,'mooraali@kean.edu'),(458,'Samantha','Moore',5,5,NULL,NULL,4,'moorsama@kean.edu'),(459,'Andres','Mora Jara',1,1,NULL,NULL,4,'morajara@kean.edu'),(460,'Veronica','Morales',5,5,NULL,NULL,3,'moraleve@kean.edu'),(461,'Armin','Moran',3,3,NULL,NULL,1,'moranar@kean.edu'),(462,'Ricardo','Moran',8,7,NULL,NULL,1,'moranri@kean.edu'),(463,'Weslyn','Moran Perez',2,2,NULL,NULL,1,'moranpew@kean.edu'),(464,'Anthony Jackson','Moran Suarez',1,1,NULL,NULL,1,'moransua@kean.edu'),(465,'Michael','Mori',3,3,NULL,NULL,2,'morimi@kean.edu'),(466,'Gavin','Moses',1,1,NULL,NULL,2,'mosesga@kean.edu'),(467,'Dahana','Moz Ruiz',1,1,NULL,16,2,'mozruizd@kean.edu'),(468,'Estefany','Moz Ruiz',1,1,NULL,NULL,1,'mozruize@kean.edu'),(469,'Joseph','Muccigrosso',1,1,NULL,NULL,1,'muccigrj@kean.edu'),(470,'Malachi','Muldrow',3,3,NULL,NULL,1,'mmuldrow@kean.edu'),(471,'Moses','Muncibay',1,1,NULL,NULL,3,'muncibam@kean.edu'),(472,'Alexander','Munoz',1,1,NULL,NULL,2,'munalex@kean.edu'),(473,'Danny','Munoz',1,1,NULL,NULL,1,'munodann@kean.edu'),(474,'Giuseppe','Muscaritolo',1,1,NULL,NULL,1,'muscargi@kean.edu'),(475,'Yusrah','Muzaina',4,4,NULL,NULL,1,'muzainay@kean.edu'),(476,'Bazil','Nadeem',8,7,NULL,NULL,2,'nadeemb@kean.edu'),(477,'Nick','Narcisse',5,5,NULL,NULL,4,'narcissn@kean.edu'),(478,'Nika','Nareklishvili',1,1,NULL,NULL,4,'nareklin@kean.edu'),(479,'Askiaa','Nash',5,5,NULL,NULL,4,'nashask@kean.edu'),(480,'Mohammad','Nassrallah',10,8,NULL,NULL,4,'nassralm@kean.edu'),(481,'Jack','Nastasi',5,5,NULL,NULL,3,'nastasja@kean.edu'),(482,'Mathew','Nathan',9,5,NULL,NULL,4,'nathamat@kean.edu'),(483,'Matthew','Natson',1,1,NULL,NULL,1,'natsonma@kean.edu'),(484,'Asaad','Nazario',3,3,NULL,NULL,2,'nazarasa@kean.edu'),(485,'Asher','Nazhat',3,3,NULL,NULL,4,'nazhata@kean.edu'),(486,'Dominic','Negron',1,1,NULL,NULL,1,'negrodom@kean.edu'),(487,'Kyle','Neverson',2,2,NULL,NULL,4,'neversok@kean.edu'),(488,'Derek','Ng',3,3,NULL,NULL,4,'ngde@kean.edu'),(489,'Minh','Nguyen',2,2,NULL,NULL,1,'nguyminh@kean.edu'),(490,'Lucas','Nock',1,1,NULL,NULL,3,'nockl@kean.edu'),(491,'Natalie','Norcia',3,3,NULL,NULL,2,'norciana@kean.edu'),(492,'Landy','Nunez',5,5,NULL,NULL,2,'nunezla@kean.edu'),(493,'Luis','Nunez Gonzalez',1,1,NULL,NULL,1,'nunezgol@kean.edu'),(494,'Yaskarina','Nunez Jimenez',1,1,NULL,NULL,4,'nunezjiy@kean.edu'),(495,'Onyekachi','Nwadiogu',2,2,NULL,NULL,1,'nwadiogo@kean.edu'),(496,'Anthony','Nwekeze',5,5,NULL,NULL,1,'nwekezea@kean.edu'),(497,'Jared','Nyamadi',1,1,NULL,NULL,2,'nyamadij@kean.edu'),(498,'Aspen','O\'Brien',3,3,NULL,NULL,2,'obrieasp@kean.edu'),(499,'Abiodun','Obafemi',1,1,NULL,NULL,3,'aobafemi@kean.edu'),(500,'Joseph','Obeng',1,1,NULL,NULL,1,'obengj@kean.edu'),(501,'Kenechi','Obiozor',2,2,NULL,NULL,1,'obiozork@kean.edu'),(502,'Heaven','Odom',1,1,NULL,NULL,1,'odomhea@kean.edu'),(503,'Fred','Odonkor',5,5,NULL,NULL,4,'odonkorf@kean.edu'),(504,'Chigozie','Ofodike',14,11,NULL,NULL,4,'ofodikch@kean.edu'),(505,'Oluwatominiyi','Ogunlana',1,1,NULL,NULL,1,'ogunlano@kean.edu'),(506,'Moses Ojei','Ojei',5,5,NULL,NULL,2,'ojeim@kean.edu'),(507,'Chidera','Okafor',5,5,NULL,NULL,1,'okafchid@kean.edu'),(508,'Egan','Okumu',3,3,NULL,NULL,4,'okumueg@kean.edu'),(509,'Konrad','Olech',1,1,NULL,NULL,2,'olechko@kean.edu'),(510,'Christopher','Oliveira',1,1,NULL,NULL,1,'olivchri@kean.edu'),(511,'Bethel','Ololade',1,1,NULL,NULL,1,'ololadeb@kean.edu'),(512,'Elliot','Onsongo',3,3,NULL,NULL,1,'onsongoe@kean.edu'),(513,'Moses','Onwugbenu',9,5,NULL,NULL,3,'onwugbem@kean.edu'),(514,'Kimberly','Opara',3,3,NULL,NULL,2,'oparak@kean.edu'),(515,'Efiemaron','Oparison',1,1,NULL,NULL,4,'oparisoe@kean.edu'),(516,'Kelvin','Opoku',5,5,NULL,NULL,1,'opokukel@kean.edu'),(517,'Angel','Ordonez',1,1,NULL,NULL,1,'ordonang@kean.edu'),(518,'Byron','Ordonez',1,1,NULL,NULL,4,'ordonezb@kean.edu'),(519,'Bryan','Ortega',1,1,NULL,NULL,1,'ortegbry@kean.edu'),(520,'John','Ortega',1,1,NULL,NULL,3,'ortegjoh@kean.edu'),(521,'Justin','Ortiz',3,3,NULL,NULL,3,'ortijust@kean.edu'),(522,'Natalie','Ortiz',1,1,NULL,NULL,2,'ortiznat@kean.edu'),(523,'Andy','Osegueda',2,2,NULL,NULL,4,'osegueda@kean.edu'),(524,'Bryan','Ottah',1,1,NULL,NULL,1,'ottahb@kean.edu'),(525,'Edmund','Owusu-Ansah',8,7,NULL,NULL,3,'owusuaed@kean.edu'),(526,'Kwaku','Owusu-Frimpong',1,1,NULL,NULL,2,'owusufrk@kean.edu'),(527,'Brandon','Palao',5,5,NULL,NULL,4,'palaob@kean.edu'),(528,'Luis','Palma',1,1,NULL,NULL,1,'palmal@kean.edu'),(529,'Christopher','Paredes',1,1,NULL,NULL,3,'paredchr@kean.edu'),(530,'Aditya','Parekh',1,1,NULL,NULL,1,'parekhad@kean.edu'),(531,'Kevin','Parra-Olmedo',7,6,NULL,NULL,5,'parraolk@kean.edu'),(532,'Aarav','Patel',5,5,NULL,NULL,2,'pateaara@kean.edu'),(533,'Aayush','Patel',2,2,NULL,NULL,2,'pateaayu@kean.edu'),(534,'Anisha','Patel',5,5,NULL,NULL,2,'panisha@kean.edu'),(535,'Atitkumar','Patel',2,2,NULL,NULL,2,'atpatel@kean.edu'),(536,'Deep','Patel',1,1,NULL,NULL,1,'patedee2@kean.edu'),(537,'Dhruval','Patel',2,2,NULL,NULL,4,'patdhru1@kean.edu'),(538,'Heni','Patel',1,1,NULL,NULL,3,'patelhen@kean.edu'),(539,'Himani','Patel',2,2,NULL,NULL,4,'patehima@kean.edu'),(540,'Ishan','Patel',1,1,NULL,NULL,2,'patishan@kean.edu'),(541,'Jaynil','Patel',8,7,NULL,NULL,2,'patejayn@kean.edu'),(542,'Karan','Patel',1,1,NULL,NULL,2,'patekara@kean.edu'),(543,'Pankati','Patel',7,6,NULL,NULL,5,'patpanka@kean.edu'),(544,'Preet','Patel',2,2,NULL,NULL,4,'papreet@kean.edu'),(545,'Rahul','Patel',1,1,NULL,NULL,4,'paterahu@kean.edu'),(546,'Ravi','Patel',5,5,NULL,NULL,4,'patravi@kean.edu'),(547,'Rushil','Patel',5,5,NULL,16,4,'parushil@kean.edu'),(548,'Sem','Patel',5,5,NULL,NULL,1,'patelsem@kean.edu'),(549,'Vrundaben','Patel',5,5,NULL,16,4,'patevrun@kean.edu'),(550,'Juan','Patino',3,3,NULL,NULL,3,'patinjua@kean.edu'),(551,'Catzby','Paul',4,4,NULL,NULL,1,'paulca@kean.edu'),(552,'Cristopher','Peguero',1,1,NULL,NULL,1,'peguercr@kean.edu'),(553,'Jhony Cristian','Pellicer Ley',6,1,NULL,NULL,1,'pellicej@kean.edu'),(554,'Gladis','Penaloza',1,1,NULL,NULL,1,'penalozg@kean.edu'),(555,'Alexis','Penn',1,1,NULL,NULL,1,'pennal@kean.edu'),(556,'Rafael','Pepin',3,3,NULL,NULL,2,'pepinra@kean.edu'),(557,'Ashley','Peralta',1,1,NULL,NULL,1,'peraashl@kean.edu'),(558,'Jeremy','Peralta',5,5,NULL,NULL,4,'peraltje@kean.edu'),(559,'Abraham','Perez',1,1,NULL,NULL,1,'perezabr@kean.edu'),(560,'Angelo','Perez',8,7,NULL,NULL,2,'peangelo@kean.edu'),(561,'Leandro','Perez',3,3,NULL,NULL,3,'perezlea@kean.edu'),(562,'Dennis','Perez Torres',1,1,NULL,NULL,1,'peredenn@kean.edu'),(563,'Justin','Peters',1,1,NULL,NULL,3,'peterjus@kean.edu'),(564,'Patrick','Pi',1,1,NULL,NULL,2,'pip@kean.edu'),(565,'Seth','Pichardo',3,3,NULL,NULL,2,'picharse@kean.edu'),(566,'Angel','Picon',1,1,NULL,NULL,1,'picona@kean.edu'),(567,'Marvins','Pierre',3,3,NULL,NULL,2,'piermarv@kean.edu'),(568,'Sheddreese','Pierre',2,2,NULL,NULL,3,'piershed@kean.edu'),(569,'Jake','Pierro',3,3,NULL,NULL,1,'pierroj@kean.edu'),(570,'Fradeling','Pimentel',1,1,NULL,NULL,1,'pimentfr@kean.edu'),(571,'Brandon','Pizzarelli',2,2,NULL,NULL,2,'pizzareb@kean.edu'),(572,'Joshua','Portero',1,1,NULL,NULL,2,'porteroj@kean.edu'),(573,'Steven','Pozo',1,1,NULL,NULL,1,'pozost@kean.edu'),(574,'Dharmay','Prajapati',7,6,NULL,NULL,5,'prajapdh@kean.edu'),(575,'Jose','Profeta',1,1,NULL,NULL,3,'profetaj@kean.edu'),(576,'Michael','Prosper',1,1,NULL,NULL,2,'prospemi@kean.edu'),(577,'Genesis','Quimi',1,1,NULL,NULL,1,'gquimi@kean.edu'),(578,'Oscar','Quintanilla',5,5,NULL,NULL,4,'quintano@kean.edu'),(579,'Sahib','Rainey',1,1,NULL,NULL,1,'raineys@kean.edu'),(580,'Alaa','Rajab',1,1,NULL,NULL,4,'rajaba@kean.edu'),(581,'Rajakirija','Rameshkumar',5,5,NULL,NULL,1,'rameshkr@kean.edu'),(582,'Jennifer','Ramirez',5,5,NULL,NULL,4,'ramirej1@kean.edu'),(583,'Jason','Ramjattan',5,5,NULL,NULL,2,'ramjattj@kean.edu'),(584,'Kevin','Ramon Barrezueta',8,7,NULL,NULL,1,'ramonbak@kean.edu'),(585,'Joshua','Ramos',8,7,NULL,NULL,4,'rajoshua@kean.edu'),(586,'Michael','Ramos',5,5,NULL,NULL,4,'ramosm6@kean.edu'),(587,'Rayleen','Ramos',10,8,NULL,NULL,3,'ramorayl@kean.edu'),(588,'Sean','Ramsey',3,3,NULL,NULL,1,'ramseys@kean.edu'),(589,'Ayman','Rashid',3,3,NULL,NULL,1,'rashiday@kean.edu'),(590,'Christian','Rasmussen',1,1,NULL,NULL,3,'rasmusch@kean.edu'),(591,'Maahi','Rathod',2,2,NULL,NULL,1,'rathodm@kean.edu'),(592,'Scott','Reid',5,5,NULL,NULL,4,'reidsc@kean.edu'),(593,'Haaland','Remy',1,1,NULL,NULL,3,'remyh@kean.edu'),(594,'Jackson','Rendon',5,5,NULL,NULL,3,'rendojac@kean.edu'),(595,'Cielo','Reque Yaipen',4,4,NULL,NULL,1,'requeyac@kean.edu'),(596,'Mykel Anthony','Rerngsamai',1,1,NULL,NULL,3,'rerngsam@kean.edu'),(597,'Carissia','Reyes',1,1,NULL,NULL,3,'reyecari@kean.edu'),(598,'Isaac','Reyes',8,7,NULL,NULL,3,'reyeisaa@kean.edu'),(599,'Nelson','Reyes',3,3,NULL,NULL,1,'reyesne@kean.edu'),(600,'Alexander','Ribau',8,7,NULL,NULL,2,'aribau@kean.edu'),(601,'Cristopher','Rincon',2,2,NULL,NULL,1,'rinconc@kean.edu'),(602,'Hellen','Rivera',5,5,NULL,NULL,4,'rivehell@kean.edu'),(603,'Jonni','Rivera',3,3,NULL,NULL,1,'rivejonn@kean.edu'),(604,'Joseph','Rivera',1,1,NULL,NULL,2,'rijoseph@kean.edu'),(605,'Lissandro','Rivera',3,3,NULL,NULL,1,'riveliss@kean.edu'),(606,'Owens','Rivera',1,1,NULL,NULL,3,'riveraow@kean.edu'),(607,'Syed Mirsab','Rizvi',8,7,NULL,NULL,4,'rizvisye@kean.edu'),(608,'Joshua','Roasa',1,1,NULL,NULL,3,'roasaj@kean.edu'),(609,'Angel','Robles',1,1,NULL,NULL,3,'roblange@kean.edu'),(610,'Arthur','Rodriguez',3,3,NULL,NULL,2,'rodriart@kean.edu'),(611,'Chris','Rodriguez',1,1,NULL,NULL,1,'rochris@kean.edu'),(612,'Jehudiel','Rodriguez',1,1,NULL,NULL,1,'rodrijeh@kean.edu'),(613,'Julio','Rodriguez',10,8,NULL,NULL,4,'julrodri@kean.edu'),(614,'Priscilla','Rodriguez',1,1,NULL,NULL,1,'rodripri@kean.edu'),(615,'Yandel','Rodriguez',1,1,NULL,NULL,1,'rodryand@kean.edu'),(616,'Enghel','Rojas Malaver',8,7,NULL,NULL,2,'emalaver@kean.edu'),(617,'Tyler','Romanowski',1,1,NULL,NULL,1,'romanowt@kean.edu'),(618,'Jared','Romero',2,2,NULL,NULL,4,'romerjar@kean.edu'),(619,'Pedro','Romero',1,1,NULL,NULL,3,'romerop@kean.edu'),(620,'Jayden','Rosado',8,7,NULL,NULL,1,'rosajayd@kean.edu'),(621,'Ritvik','Roy',5,5,NULL,NULL,3,'royri@kean.edu'),(622,'Brian','Ruiz',4,4,NULL,NULL,3,'ruizbri@kean.edu'),(623,'Elijah','Ryu',1,1,NULL,NULL,1,'ryue@kean.edu'),(624,'Matthew','Sabo',5,5,NULL,NULL,4,'msabo@kean.edu'),(625,'Jawaad','Sadar',5,5,NULL,NULL,1,'sadarj@kean.edu'),(626,'Jason','Saguay Rodriguez',8,7,NULL,NULL,2,'saguayrj@kean.edu'),(627,'Noorul','Sahel',4,4,NULL,19,1,'saheln@kean.edu'),(628,'Allen','Saint-Juste',1,1,NULL,NULL,1,'saintjua@kean.edu'),(629,'Darell','Samedy',1,1,NULL,NULL,3,'samedyd@kean.edu'),(630,'Thomas','Sampson',1,1,NULL,NULL,4,'sampsoth@kean.edu'),(631,'Jordy','Sanango',3,3,NULL,NULL,1,'sananjor@kean.edu'),(632,'Michael','Sanchez',7,6,NULL,NULL,5,'sanchem1@kean.edu'),(633,'Yolanda','Sanchez',2,2,NULL,NULL,4,'sancheyo@kean.edu'),(634,'Ridge','Sanger',5,5,NULL,NULL,1,'sangerr@kean.edu'),(635,'Michael','Santana',1,1,NULL,NULL,1,'santanm4@kean.edu'),(636,'Daniel','Santos',1,1,NULL,NULL,1,'sandanie@kean.edu'),(637,'Jordano','Santos',1,1,NULL,NULL,1,'sanjorda@kean.edu'),(638,'Kevin','Santos',1,1,NULL,NULL,4,'santosk1@kean.edu'),(639,'Maria','Santos Perez',1,1,NULL,20,3,'marsanto@kean.edu'),(640,'Joshua','Sarria',8,7,NULL,NULL,3,'sarriaj@kean.edu'),(641,'Michael','Sarria',5,5,NULL,NULL,4,'sarriam@kean.edu'),(642,'Stephen','Schulte',2,2,NULL,NULL,2,'schultes@kean.edu'),(643,'Jacob','Sedar',5,5,NULL,NULL,4,'sedarj@kean.edu'),(644,'Awa','Sene',2,2,NULL,NULL,4,'senea@kean.edu'),(645,'Jose','Serra',7,6,NULL,NULL,5,'serrajo@kean.edu'),(646,'Gabriel','Serrano',1,1,NULL,NULL,4,'sergabri@kean.edu'),(647,'Carter','Setlock',5,5,NULL,NULL,2,'setlockc@kean.edu'),(648,'Edgar','Sevilla',2,2,NULL,NULL,3,'seviledg@kean.edu'),(649,'Jaineel','Shah',7,6,NULL,NULL,5,'shahjai@kean.edu'),(650,'Jesal','Shah',1,1,NULL,NULL,3,'shahje@kean.edu'),(651,'Neel','Shah',5,5,NULL,NULL,1,'shaneel@kean.edu'),(652,'Vrushal','Shah',5,5,NULL,16,4,'shahvru@kean.edu'),(653,'Gabriel','Silva Bolanos',3,3,NULL,NULL,2,'silvabog@kean.edu'),(654,'Gurdeep','Singh',2,2,NULL,NULL,3,'singgurd@kean.edu'),(655,'Karanpreet','Singh',1,1,NULL,NULL,1,'sikaranp@kean.edu'),(656,'Robin','Singh',5,5,NULL,NULL,4,'singhro@kean.edu'),(657,'Deanna','Skakel',8,7,NULL,NULL,1,'skakeld@kean.edu'),(658,'Amrit','Sohal',3,3,NULL,NULL,3,'sohala@kean.edu'),(659,'Eduardo','Solano',1,1,NULL,NULL,4,'solanedu@kean.edu'),(660,'Miguel Angel','Soler',1,1,NULL,NULL,1,'solermig@kean.edu'),(661,'Jacob','Solivan',2,2,NULL,NULL,1,'solivaja@kean.edu'),(662,'Shubhra','Sood',5,5,NULL,NULL,1,'soods@kean.edu'),(663,'Peter','Sorial',2,2,NULL,NULL,3,'sorialp@kean.edu'),(664,'Frankie','Sosa',12,9,NULL,NULL,1,'sosaf@kean.edu'),(665,'Sekou','Soumahoro',1,1,NULL,NULL,2,'soumahos@kean.edu'),(666,'Adam','Spencer',1,1,NULL,NULL,4,'spencead@kean.edu'),(667,'Zachary','Spricigo',13,10,NULL,NULL,4,'spricigz@kean.edu'),(668,'Josiah','Springer',3,3,NULL,NULL,4,'sprijosi@kean.edu'),(669,'Khage','Stephenson',5,5,NULL,NULL,1,'stephkha@kean.edu'),(670,'Dychon','Stewart',3,3,NULL,NULL,1,'stewardy@kean.edu'),(671,'Laura','Stump',1,1,NULL,21,4,'stumpl@kean.edu'),(672,'Morgan','Stump',1,1,NULL,21,4,'stumpm@kean.edu'),(673,'Kevin','Sukhraj',3,3,NULL,NULL,4,'sukhrajk@kean.edu'),(674,'Angel','Suri',8,7,NULL,NULL,3,'suria@kean.edu'),(675,'Peter','Sweeney',1,1,NULL,NULL,3,'sweenepe@kean.edu'),(676,'Faaz','Syed',2,2,NULL,NULL,2,'syedfaa@kean.edu'),(677,'Paul','Tadeo',3,3,NULL,NULL,1,'tadeop@kean.edu'),(678,'Marcelle','Tamegnon',5,5,NULL,NULL,4,'tamegnom@kean.edu'),(679,'Juan','Taveras',3,3,NULL,NULL,2,'taveraju@kean.edu'),(680,'Harold','Taylor',1,1,NULL,NULL,3,'taylorh@kean.edu'),(681,'Shavone','Taylor',5,5,NULL,NULL,3,'taylshav@kean.edu'),(682,'Stefan','Taylor',4,4,NULL,NULL,1,'taystefa@kean.edu'),(683,'Diego','Tayo',5,5,NULL,NULL,1,'tayod@kean.edu'),(684,'Eliceo','Tejeda',1,1,NULL,NULL,2,'tejedael@kean.edu'),(685,'Tyler','Tello',5,5,NULL,NULL,4,'tellot@kean.edu'),(686,'Romane','Telusma',1,1,NULL,NULL,2,'telusmar@kean.edu'),(687,'Genevieve','Terry',3,3,NULL,NULL,1,'terryge@kean.edu'),(688,'Andy','Thaureaux',1,1,NULL,NULL,1,'thaurean@kean.edu'),(689,'Skythen','Therlonge',2,2,NULL,NULL,1,'therlosk@kean.edu'),(690,'Nicholas','Thibault',8,7,NULL,NULL,4,'thibauni@kean.edu'),(691,'Azia','Thomas',8,7,NULL,NULL,3,'thomasaz@kean.edu'),(692,'Solomon','Thomas',1,1,NULL,NULL,4,'thomsolo@kean.edu'),(693,'Michael','Thompson',2,2,NULL,NULL,3,'thompmic@kean.edu'),(694,'Charles','Timmes',1,1,NULL,NULL,1,'timmesc@kean.edu'),(695,'Olivia','Tirso',8,7,NULL,NULL,2,'tirsoo@kean.edu'),(696,'Marco','Tlanipa',1,1,NULL,NULL,2,'tlanipam@kean.edu'),(697,'Rafael','Toledo',1,1,NULL,NULL,2,'toledraf@kean.edu'),(698,'Joseph','Tomasello',8,7,NULL,NULL,4,'tomaselj@kean.edu'),(699,'Lisandra','Toribio',2,2,NULL,NULL,4,'toribili@kean.edu'),(700,'Salvatore','Tornetto',3,3,NULL,15,3,'tornetts@kean.edu'),(701,'Adrian','Torres',1,1,NULL,NULL,1,'toradria@kean.edu'),(702,'Ander','Torres',1,1,NULL,NULL,1,'torrande@kean.edu'),(703,'Marco','Torres',1,1,NULL,NULL,1,'tormarco@kean.edu'),(704,'Leonel','Torres Garcia',2,2,NULL,NULL,1,'ltorresg@kean.edu'),(705,'Isaack','Traore',1,1,NULL,NULL,2,'traorei@kean.edu'),(706,'Johan','Triana',1,1,NULL,NULL,1,'trianajo@kean.edu'),(707,'Karlo','Tumasyan',5,5,NULL,NULL,4,'tumasyak@kean.edu'),(708,'Edward','Turay',2,2,NULL,NULL,3,'turaye@kean.edu'),(709,'Ricardo','Urbaez',1,1,NULL,NULL,1,'urbaezr@kean.edu'),(710,'Juan','Urena Javier',2,2,NULL,NULL,3,'urenajaj@kean.edu'),(711,'Karina','Urueta',4,4,NULL,NULL,2,'uruetak@kean.edu'),(712,'Kendahl','Valcin',5,5,NULL,NULL,4,'valcink@kean.edu'),(713,'Nathaniel','Valdez-Cagua',1,1,NULL,NULL,4,'valdezcn@kean.edu'),(714,'Victor','Valenzuela',5,5,NULL,NULL,3,'valenzvi@kean.edu'),(715,'Steven','Varela-Prado',3,3,NULL,NULL,2,'varelaps@kean.edu'),(716,'Lamore','Vassell',1,1,NULL,NULL,1,'vasselll@kean.edu'),(717,'Jesus','Vazquez',1,1,NULL,NULL,2,'vazjesus@kean.edu'),(718,'Julio','Vega',5,5,NULL,NULL,2,'vegajuli@kean.edu'),(719,'Luis','Velazquez Rodriguez',1,1,NULL,NULL,2,'velazlui@kean.edu'),(720,'Yashwanth','Vemula',8,7,NULL,NULL,4,'vemulay@kean.edu'),(721,'Mario','Ventura',2,2,NULL,NULL,3,'ventmari@kean.edu'),(722,'Daniel','Vera',1,1,NULL,NULL,4,'veradan@kean.edu'),(723,'Sebastian','Verdud',1,1,NULL,NULL,2,'verduds@kean.edu'),(724,'Charly','Verno',1,1,NULL,NULL,3,'vernoc@kean.edu'),(725,'Nuno','Vicente',1,1,NULL,NULL,2,'vicenten@kean.edu'),(726,'Jovens','Vilbrun',1,1,NULL,NULL,1,'vilbrunj@kean.edu'),(727,'Almond','Villafranca',5,5,NULL,NULL,3,'villafra@kean.edu'),(728,'Luis','Villafuerte',1,1,NULL,NULL,2,'villaflu@kean.edu'),(729,'Wilbert','Villalobos',1,1,NULL,NULL,2,'villalow@kean.edu'),(730,'Bryan','Vo',1,1,NULL,NULL,1,'vob@kean.edu'),(731,'Jeffrey','Voltaire',1,1,NULL,NULL,1,'voltairj@kean.edu'),(732,'Joseph','Waldron',4,4,NULL,NULL,4,'waldrojo@kean.edu'),(733,'Christopher','Wallace',2,2,NULL,22,3,'wallachr@kean.edu'),(734,'Justin','Wallen',1,1,NULL,NULL,1,'wallenju@kean.edu'),(735,'Danny','Wang',2,2,NULL,NULL,3,'wangdan@kean.edu'),(736,'Trent','Warmke',1,1,NULL,NULL,1,'warmket@kean.edu'),(737,'Brian','Weideli',1,1,NULL,NULL,3,'weidelib@kean.edu'),(738,'Brendan','West',5,5,NULL,NULL,4,'westbren@kean.edu'),(739,'Elliot','Whitney',1,1,NULL,NULL,2,'whitneye@kean.edu'),(740,'Faith','Williams',1,1,NULL,NULL,2,'willfait@kean.edu'),(741,'Iyana','Williams',3,3,NULL,NULL,1,'williaiy@kean.edu'),(742,'Miles','Williams',3,3,NULL,NULL,1,'milewill@kean.edu'),(743,'Aaron','Wilson',3,3,NULL,NULL,1,'wilsonaa@kean.edu'),(744,'Todd','Womelsdorf',1,1,NULL,NULL,3,'womelsdt@kean.edu'),(745,'Mekhi','Wood-Brock',1,1,NULL,NULL,3,'woodbrom@kean.edu'),(746,'Advait','Wudali',3,3,NULL,NULL,1,'wudalia@kean.edu'),(747,'Can','Xu',7,6,NULL,NULL,5,'xuca@kean.edu'),(748,'Zhuoting','Yang',1,1,NULL,NULL,2,'yangzhu@kean.edu'),(749,'Jaylen','Yeboah',2,2,NULL,NULL,1,'yeboahja@kean.edu'),(750,'Nicole','Yeh',7,6,NULL,NULL,5,'yehn@kean.edu'),(751,'Abel','Yemane',2,2,NULL,NULL,3,'ayemane@kean.edu'),(752,'Zanxiang','Yin',1,1,NULL,15,4,'yinza@kean.edu'),(753,'Jingxiang','Yu',1,1,NULL,NULL,3,'yujingx@kean.edu'),(754,'Mayra','Yucra',5,5,NULL,NULL,4,'yucram@kean.edu'),(755,'Ummu','Yuzugulluer',4,4,NULL,NULL,2,'yuzugulu@kean.edu'),(756,'Jorge','Zaldivar',5,5,NULL,NULL,2,'zaldivaj@kean.edu'),(757,'Amir','Zaman',1,1,NULL,NULL,3,'zamanam@kean.edu'),(758,'Christian','Zambrano',2,2,NULL,NULL,2,'zambrach@kean.edu'),(759,'Jason','Zaruma',1,1,NULL,NULL,1,'zarumaja@kean.edu'),(760,'Kevin','Zheng',1,1,NULL,NULL,2,'zhenkevi@kean.edu'),(761,'John ','Doe',12,7,NULL,1,5,'test@kean.edu');
/*!40000 ALTER TABLE `Students` ENABLE KEYS */;
UNLOCK TABLES;

--
-- Table structure for table `TestProgress`
--

DROP TABLE IF EXISTS `TestProgress`;
/*!40101 SET @saved_cs_client     = @@character_set_client */;
/*!40101 SET character_set_client = utf8 */;
CREATE TABLE `TestProgress` (
  `ID` int(11) NOT NULL DEFAULT 0,
  `FirstName` varchar(255) DEFAULT NULL,
  `LastName` varchar(255) DEFAULT NULL,
  `ActiveProgram` int(11) DEFAULT NULL,
  `Major1` int(11) DEFAULT NULL,
  `Major2` int(11) DEFAULT NULL,
  `Minor` int(11) DEFAULT NULL,
  `ClassStanding` int(11) DEFAULT NULL,
  `EmailAddress` varchar(255) DEFAULT NULL
) ENGINE=InnoDB DEFAULT CHARSET=latin1;
/*!40101 SET character_set_client = @saved_cs_client */;

--
-- Dumping data for table `TestProgress`
--

LOCK TABLES `TestProgress` WRITE;
/*!40000 ALTER TABLE `TestProgress` DISABLE KEYS */;
INSERT INTO `TestProgress` VALUES (7,'Alex','Fisher',1,1,NULL,NULL,1,'fisheral@kean.edu'),(8,'Pankati','Patel',2,2,NULL,NULL,2,'patpanka@kean.edu'),(9,'Uko','Ebreso',3,3,NULL,NULL,3,'ebresou@kean.edu'),(10,'Kevin','Parra-Olmedo',4,4,NULL,NULL,4,'parraolk@kean.edu'),(11,'Nicholas','Moffa',5,5,NULL,NULL,5,'moffan@kean.edu');
/*!40000 ALTER TABLE `TestProgress` ENABLE KEYS */;
UNLOCK TABLES;

--
-- Table structure for table `TestStudents`
--

DROP TABLE IF EXISTS `TestStudents`;
/*!40101 SET @saved_cs_client     = @@character_set_client */;
/*!40101 SET character_set_client = utf8 */;
CREATE TABLE `TestStudents` (
  `ID` int(11) NOT NULL AUTO_INCREMENT,
  `FirstName` varchar(255) DEFAULT NULL,
  `LastName` varchar(255) DEFAULT NULL,
  `ActiveProgram` int(11) DEFAULT NULL,
  `Major1` int(11) DEFAULT NULL,
  `Major2` int(11) DEFAULT NULL,
  `Minor` int(11) DEFAULT NULL,
  `ClassStanding` int(11) DEFAULT NULL,
  `EmailAddress` varchar(255) DEFAULT NULL,
  PRIMARY KEY (`ID`),
  KEY `ActiveProgram` (`ActiveProgram`),
  KEY `Major1` (`Major1`),
  KEY `Major2` (`Major2`),
  KEY `Minor` (`Minor`),
  KEY `ClassStanding` (`ClassStanding`),
  CONSTRAINT `TestStudents_ibfk_1` FOREIGN KEY (`ActiveProgram`) REFERENCES `ActiveProgram` (`ID`) ON DELETE CASCADE ON UPDATE CASCADE,
  CONSTRAINT `TestStudents_ibfk_2` FOREIGN KEY (`Major1`) REFERENCES `Curriculum` (`id`) ON DELETE CASCADE ON UPDATE CASCADE,
  CONSTRAINT `TestStudents_ibfk_3` FOREIGN KEY (`Major2`) REFERENCES `Curriculum` (`id`) ON DELETE CASCADE ON UPDATE CASCADE,
  CONSTRAINT `TestStudents_ibfk_4` FOREIGN KEY (`Minor`) REFERENCES `Curriculum` (`id`) ON DELETE CASCADE ON UPDATE CASCADE,
  CONSTRAINT `TestStudents_ibfk_5` FOREIGN KEY (`ClassStanding`) REFERENCES `ClassStanding` (`id`) ON DELETE CASCADE ON UPDATE CASCADE
) ENGINE=InnoDB AUTO_INCREMENT=24 DEFAULT CHARSET=latin1;
/*!40101 SET character_set_client = @saved_cs_client */;

--
-- Dumping data for table `TestStudents`
--

LOCK TABLES `TestStudents` WRITE;
/*!40000 ALTER TABLE `TestStudents` DISABLE KEYS */;
INSERT INTO `TestStudents` VALUES (23,'Alex','Fisher',1,1,NULL,NULL,1,'fisheral@kean.edu');
/*!40000 ALTER TABLE `TestStudents` ENABLE KEYS */;
UNLOCK TABLES;

--
-- Table structure for table `Tracking`
--

DROP TABLE IF EXISTS `Tracking`;
/*!40101 SET @saved_cs_client     = @@character_set_client */;
/*!40101 SET character_set_client = utf8 */;
CREATE TABLE `Tracking` (
  `StudentID` int(11) NOT NULL,
  `EmailID` int(11) NOT NULL,
  `Opened` tinyint(1) DEFAULT 0,
  `Clicked` tinyint(1) DEFAULT 0,
  PRIMARY KEY (`StudentID`,`EmailID`),
  KEY `Tracking_FK` (`EmailID`),
  CONSTRAINT `Tracking_FK` FOREIGN KEY (`EmailID`) REFERENCES `Email` (`ID`) ON UPDATE CASCADE,
  CONSTRAINT `Tracking_FK_1` FOREIGN KEY (`StudentID`) REFERENCES `Students` (`ID`) ON UPDATE CASCADE
) ENGINE=InnoDB DEFAULT CHARSET=latin1;
/*!40101 SET character_set_client = @saved_cs_client */;

--
-- Dumping data for table `Tracking`
--

LOCK TABLES `Tracking` WRITE;
/*!40000 ALTER TABLE `Tracking` DISABLE KEYS */;
INSERT INTO `Tracking` VALUES (1,1,0,0),(1,5,0,0),(1,6,1,0),(1,8,1,0),(1,9,1,1),(1,10,1,0),(2,1,1,0),(2,5,1,0),(2,6,1,0),(2,8,1,1),(2,9,0,0),(2,10,1,0),(3,1,1,0),(3,5,1,0),(3,6,1,0),(3,8,1,0),(3,9,1,0),(3,10,1,0),(4,1,1,0),(4,5,0,0),(4,6,0,0),(4,8,1,0),(4,9,1,1),(4,10,0,0),(5,2,0,0),(5,3,0,0),(5,5,0,0),(5,7,1,0),(5,8,1,0),(5,9,0,1),(5,10,0,0),(6,2,0,0),(6,3,0,0),(6,5,1,0),(6,7,0,0),(6,8,0,0),(6,9,0,1),(6,10,1,0),(7,1,0,0),(7,5,0,0),(7,6,1,0),(7,8,1,0),(7,9,1,0),(7,10,0,0),(8,1,0,0),(8,5,0,0),(8,6,1,0),(8,8,0,0),(8,9,1,0),(8,10,1,0),(9,1,0,0),(9,5,0,0),(9,6,1,0),(9,8,1,0),(9,9,1,0),(9,10,0,0),(10,2,0,0),(10,3,1,0),(10,5,1,0),(10,7,1,0),(10,8,1,0),(10,9,1,0),(10,10,0,0),(11,1,1,0),(11,5,1,0),(11,6,1,0),(11,8,1,0),(11,9,1,0),(11,10,0,0),(12,1,0,0),(12,5,0,0),(12,6,1,0),(12,8,0,0),(12,9,1,0),(12,10,1,0),(13,2,0,0),(13,3,1,0),(13,5,0,0),(13,7,0,0),(13,8,1,0),(13,9,1,0),(13,10,1,0),(14,1,0,0),(14,5,0,0),(14,6,1,0),(14,8,1,0),(14,9,0,0),(14,10,1,0),(15,1,0,0),(15,5,0,0),(15,6,1,0),(15,8,1,0),(15,9,0,0),(15,10,1,1),(16,2,0,0),(16,3,1,0),(16,5,0,0),(16,7,1,0),(16,8,1,1),(16,9,0,0),(16,10,1,0),(17,1,0,0),(17,5,0,0),(17,6,1,0),(17,8,1,0),(17,9,1,0),(17,10,1,0),(18,1,0,0),(18,5,0,0),(18,6,0,0),(18,8,1,0),(18,9,0,0),(18,10,1,0),(19,2,1,0),(19,3,1,0),(19,5,1,0),(19,7,1,0),(19,8,1,0),(19,9,1,0),(19,10,1,0),(20,2,0,0),(20,3,0,0),(20,5,1,0),(20,7,0,0),(20,8,0,0),(20,9,0,0),(20,10,0,0),(21,1,1,0),(21,5,1,0),(21,6,1,0),(21,8,1,0),(21,9,1,0),(21,10,1,0),(22,1,1,0),(22,5,1,0),(22,6,1,0),(22,8,1,0),(22,9,1,0),(22,10,1,0),(23,2,0,0),(23,3,0,0),(23,5,0,0),(23,7,0,0),(23,8,1,0),(23,9,0,0),(23,10,0,0),(24,1,0,0),(24,5,0,0),(24,6,0,0),(24,8,1,0),(24,9,0,0),(24,10,0,0),(25,2,0,0),(25,3,0,0),(25,5,0,0),(25,7,0,0),(25,8,1,0),(25,9,1,0),(25,10,1,0),(26,1,1,0),(26,5,1,0),(26,6,1,0),(26,8,1,0),(26,9,1,0),(26,10,1,0),(27,2,0,0),(27,3,1,0),(27,5,0,0),(27,7,0,0),(27,8,1,0),(27,9,1,0),(27,10,1,0),(28,2,0,0),(28,3,1,0),(28,4,1,0),(28,7,0,0),(28,8,1,0),(28,9,1,1),(28,10,1,1),(29,1,0,0),(29,5,0,0),(29,6,0,0),(29,8,1,0),(29,9,1,0),(29,10,1,0),(30,2,0,0),(30,3,0,0),(30,5,0,0),(30,7,0,0),(30,8,1,0),(30,9,0,0),(30,10,0,0),(31,2,0,0),(31,3,1,0),(31,5,1,0),(31,7,1,0),(31,8,1,0),(31,9,1,0),(31,10,1,0),(32,1,0,0),(32,5,0,0),(32,6,1,0),(32,8,1,0),(32,9,1,0),(32,10,1,0),(33,2,0,0),(33,3,0,0),(33,5,0,0),(33,7,0,0),(33,8,1,0),(33,9,0,0),(33,10,1,0),(34,2,1,0),(34,3,1,0),(34,5,1,0),(34,7,1,0),(34,8,0,0),(34,9,1,0),(34,10,0,0),(35,2,0,0),(35,3,1,1),(35,5,1,0),(35,7,0,0),(35,8,1,0),(35,9,1,1),(35,10,1,0),(36,2,0,0),(36,3,1,0),(36,5,1,0),(36,7,1,0),(36,8,1,0),(36,9,0,0),(36,10,0,0),(37,1,0,0),(37,5,0,0),(37,6,1,1),(37,8,1,1),(37,9,1,0),(37,10,1,0),(38,2,0,0),(38,3,1,0),(38,5,0,0),(38,7,0,0),(38,8,0,0),(38,9,0,0),(38,10,0,0),(39,2,0,0),(39,3,1,0),(39,5,1,0),(39,7,1,1),(39,8,1,0),(39,9,1,1),(39,10,1,1),(40,2,0,0),(40,3,0,0),(40,5,0,0),(40,7,0,0),(40,8,1,0),(40,9,1,1),(40,10,1,0),(41,2,0,0),(41,3,0,0),(41,5,0,0),(41,7,0,0),(41,8,1,0),(41,9,0,0),(41,10,0,0),(42,1,1,1),(42,5,1,0),(42,6,1,0),(42,8,1,1),(42,9,1,0),(42,10,1,1),(43,2,0,0),(43,3,1,1),(43,5,1,0),(43,7,0,0),(43,8,1,0),(43,9,1,0),(43,10,1,0),(44,1,0,0),(44,5,0,0),(44,6,1,0),(44,8,1,0),(44,9,1,0),(44,10,1,0),(45,2,1,0),(45,3,1,0),(45,5,1,0),(45,7,1,0),(45,8,1,0),(45,9,1,0),(45,10,1,0),(46,1,1,0),(46,5,0,0),(46,6,1,0),(46,8,1,0),(46,9,1,0),(46,10,0,0),(47,1,0,0),(47,5,0,0),(47,6,0,0),(47,8,1,0),(47,9,0,0),(47,10,0,0),(48,1,0,0),(48,5,0,0),(48,6,1,0),(48,8,0,0),(48,9,0,0),(48,10,1,0),(49,1,0,0),(49,5,1,0),(49,6,1,0),(49,8,1,0),(49,9,1,0),(49,10,1,0),(50,1,1,0),(50,5,1,0),(50,6,1,0),(50,8,1,0),(50,9,1,0),(50,10,1,0),(51,2,0,0),(51,3,1,0),(51,5,0,0),(51,7,1,0),(51,8,1,1),(51,9,1,0),(51,10,0,0),(52,2,0,0),(52,3,0,0),(52,5,0,0),(52,7,0,0),(52,8,1,0),(52,9,1,0),(52,10,1,0),(53,2,0,0),(53,3,0,0),(53,5,0,0),(53,7,1,0),(53,8,1,1),(53,9,0,0),(53,10,0,0),(54,2,0,0),(54,3,1,0),(54,5,0,0),(54,7,0,0),(54,8,0,0),(54,9,1,0),(54,10,1,0),(55,2,0,0),(55,3,1,0),(55,5,1,0),(55,7,1,0),(55,8,1,0),(55,9,1,0),(55,10,1,0),(56,1,0,0),(56,5,0,0),(56,6,1,0),(56,8,1,0),(56,9,0,0),(56,10,0,0),(57,2,0,0),(57,3,0,0),(57,5,0,0),(57,7,0,0),(57,8,0,0),(57,9,0,0),(57,10,0,0),(58,2,0,0),(58,3,1,0),(58,5,1,0),(58,7,1,0),(58,8,1,0),(58,9,1,0),(58,10,1,0),(59,2,0,0),(59,3,1,0),(59,5,1,0),(59,7,1,0),(59,8,1,0),(59,9,1,0),(59,10,1,0),(60,1,0,0),(60,5,1,0),(60,6,1,0),(60,8,1,0),(60,9,1,0),(60,10,1,0),(61,2,0,0),(61,3,0,0),(61,5,1,0),(61,7,0,0),(61,8,0,0),(61,9,0,0),(61,10,0,0),(62,2,0,0),(62,3,0,0),(62,5,0,0),(62,7,1,0),(62,8,1,0),(62,9,0,0),(62,10,0,0),(63,2,0,0),(63,3,1,0),(63,5,0,0),(63,7,0,0),(63,8,0,0),(63,9,0,0),(63,10,0,0),(64,2,0,0),(64,3,0,0),(64,5,0,0),(64,7,0,0),(64,8,1,0),(64,9,1,0),(64,10,0,0),(65,1,1,0),(65,5,0,0),(65,6,1,0),(65,8,1,0),(65,9,0,0),(65,10,1,0),(66,1,1,0),(66,5,1,0),(66,6,1,0),(66,8,1,0),(66,9,1,0),(66,10,1,0),(67,1,1,0),(67,5,0,0),(67,6,0,0),(67,8,1,0),(67,9,0,0),(67,10,1,0),(68,2,0,0),(68,3,0,0),(68,5,1,1),(68,7,1,0),(68,8,1,0),(68,9,0,0),(68,10,0,0),(69,1,0,0),(69,5,1,0),(69,6,0,0),(69,8,1,0),(69,9,0,0),(69,10,0,0),(70,2,0,0),(70,3,0,0),(70,5,0,0),(70,7,1,0),(70,8,1,0),(70,9,1,0),(70,10,1,0),(71,2,0,0),(71,3,1,0),(71,5,1,0),(71,7,1,0),(71,8,1,0),(71,9,1,0),(71,10,1,0),(72,1,0,0),(72,5,0,0),(72,6,1,0),(72,8,1,0),(72,9,0,0),(72,10,0,0),(73,1,0,0),(73,5,0,0),(73,6,0,0),(73,8,1,0),(73,9,0,0),(73,10,0,0),(74,1,0,0),(74,5,0,0),(74,6,0,0),(74,8,0,0),(74,9,0,0),(74,10,0,0),(75,1,0,0),(75,5,1,0),(75,6,0,0),(75,8,1,0),(75,9,0,0),(75,10,0,0),(76,2,0,0),(76,3,1,0),(76,5,1,0),(76,7,0,0),(76,8,1,0),(76,9,1,0),(76,10,1,0),(77,2,0,0),(77,3,0,0),(77,5,0,0),(77,7,1,0),(77,8,1,0),(77,9,1,0),(77,10,0,0),(78,2,0,0),(78,3,1,0),(78,5,0,0),(78,7,0,0),(78,8,1,0),(78,9,1,0),(78,10,1,0),(79,2,0,0),(79,3,0,0),(79,4,1,0),(79,7,0,0),(79,8,0,0),(79,9,0,0),(79,10,0,0),(80,2,0,0),(80,3,0,0),(80,5,0,0),(80,7,1,0),(80,8,0,0),(80,9,0,0),(80,10,0,0),(81,1,1,0),(81,5,0,0),(81,6,0,0),(81,8,1,0),(81,9,1,0),(81,10,1,1),(82,2,0,0),(82,3,1,0),(82,5,1,0),(82,7,1,0),(82,8,1,0),(82,9,1,0),(82,10,0,0),(83,2,0,0),(83,3,1,0),(83,5,1,0),(83,7,0,0),(83,8,1,0),(83,9,1,1),(83,10,1,0),(84,1,1,0),(84,5,0,0),(84,6,0,0),(84,8,1,0),(84,9,0,0),(84,10,0,0),(85,1,0,0),(85,5,1,0),(85,6,1,0),(85,8,1,0),(85,9,0,0),(85,10,0,0),(86,2,0,0),(86,3,1,0),(86,5,1,0),(86,7,1,0),(86,8,1,0),(86,9,1,0),(86,10,1,0),(87,1,0,0),(87,5,1,0),(87,6,1,0),(87,8,1,0),(87,9,1,0),(87,10,1,0),(88,1,1,0),(88,5,0,0),(88,6,0,0),(88,8,1,0),(88,9,1,1),(88,10,1,0),(89,1,1,0),(89,5,1,0),(89,6,1,0),(89,8,1,0),(89,9,1,0),(89,10,1,0),(90,2,0,0),(90,3,0,0),(90,5,0,0),(90,7,1,0),(90,8,1,0),(90,9,1,1),(90,10,0,0),(91,2,0,0),(91,3,1,0),(91,5,1,0),(91,7,1,0),(91,8,0,0),(91,9,1,0),(91,10,0,0),(92,1,1,0),(92,5,1,0),(92,6,0,0),(92,8,0,0),(92,9,0,0),(92,10,0,0),(93,2,0,0),(93,3,0,0),(93,5,1,0),(93,7,1,0),(93,8,1,0),(93,9,1,0),(93,10,1,0),(94,2,0,0),(94,3,0,0),(94,5,0,0),(94,7,0,0),(94,8,0,0),(94,9,0,0),(94,10,0,0),(95,2,0,0),(95,3,1,0),(95,5,1,0),(95,7,1,0),(95,8,1,0),(95,9,1,0),(95,10,1,0),(96,2,0,0),(96,3,1,0),(96,5,0,0),(96,7,0,0),(96,8,1,0),(96,9,1,0),(96,10,1,0),(97,1,1,0),(97,5,1,0),(97,6,0,0),(97,8,1,1),(97,9,1,1),(97,10,1,0),(98,2,0,0),(98,3,1,0),(98,5,1,0),(98,7,1,1),(98,8,0,0),(98,9,1,0),(98,10,1,0),(99,2,0,0),(99,3,1,0),(99,5,1,0),(99,7,1,0),(99,8,1,1),(99,9,1,0),(99,10,1,0),(100,2,0,0),(100,3,1,0),(100,5,1,0),(100,7,1,0),(100,8,1,0),(100,9,1,0),(100,10,1,0),(101,2,0,0),(101,3,1,0),(101,5,1,0),(101,7,1,0),(101,8,1,0),(101,9,1,0),(101,10,1,0),(102,1,0,0),(102,5,0,0),(102,6,0,0),(102,8,0,0),(102,9,0,0),(102,10,0,0),(103,1,1,0),(103,5,0,0),(103,6,1,0),(103,8,1,1),(103,9,1,0),(103,10,1,1),(104,2,0,0),(104,3,0,0),(104,5,1,0),(104,7,1,0),(104,8,1,0),(104,9,1,0),(104,10,1,1),(105,1,1,0),(105,5,1,0),(105,6,1,0),(105,8,1,0),(105,9,1,0),(105,10,1,0),(106,1,1,0),(106,5,1,0),(106,6,1,0),(106,8,1,0),(106,9,1,0),(106,10,1,0),(107,2,1,0),(107,3,1,0),(107,5,1,0),(107,7,1,0),(107,8,1,0),(107,9,1,1),(107,10,1,0),(108,1,1,0),(108,5,0,0),(108,6,1,0),(108,8,1,0),(108,9,1,0),(108,10,0,0),(109,2,0,0),(109,3,1,0),(109,5,1,0),(109,7,0,0),(109,8,1,0),(109,9,1,0),(109,10,1,0),(110,2,0,0),(110,3,1,0),(110,5,1,0),(110,7,1,0),(110,8,1,0),(110,9,1,0),(110,10,1,0),(111,1,1,0),(111,5,1,0),(111,6,1,0),(111,8,1,0),(111,9,0,0),(111,10,1,0),(112,1,1,0),(112,5,0,0),(112,6,1,0),(112,8,0,0),(112,9,1,0),(112,10,0,0),(113,1,0,0),(113,5,0,0),(113,6,1,0),(113,8,1,0),(113,9,0,0),(113,10,1,0),(114,1,1,0),(114,5,0,0),(114,6,1,0),(114,8,1,0),(114,9,1,0),(114,10,1,1),(115,1,1,0),(115,5,1,0),(115,6,1,0),(115,8,1,0),(115,9,1,0),(115,10,1,0),(116,2,0,0),(116,3,0,0),(116,5,0,0),(116,7,0,0),(116,8,0,0),(116,9,1,0),(116,10,1,0),(117,2,0,0),(117,3,0,0),(117,5,0,0),(117,7,1,0),(117,8,1,0),(117,9,0,0),(117,10,0,0),(118,2,0,0),(118,3,0,0),(118,5,0,0),(118,7,1,0),(118,8,1,0),(118,9,0,0),(118,10,0,0),(119,2,0,0),(119,3,1,0),(119,5,1,0),(119,7,0,0),(119,8,1,0),(119,9,1,0),(119,10,1,0),(120,1,1,0),(120,5,1,0),(120,6,1,0),(120,8,1,0),(120,9,1,0),(120,10,1,0),(121,1,1,0),(121,5,1,0),(121,6,1,1),(121,8,1,0),(121,9,1,0),(121,10,1,0),(122,2,0,0),(122,3,0,0),(122,5,0,0),(122,7,0,0),(122,8,1,0),(122,9,1,0),(122,10,0,0),(123,1,1,0),(123,5,0,0),(123,6,0,0),(123,8,1,0),(123,9,0,0),(123,10,1,0),(124,1,1,0),(124,5,1,0),(124,6,0,0),(124,8,0,0),(124,9,0,0),(124,10,0,0),(125,1,1,0),(125,5,1,0),(125,6,1,0),(125,8,1,0),(125,9,1,0),(125,10,1,0),(126,2,0,0),(126,3,0,0),(126,5,0,0),(126,7,0,0),(126,8,0,0),(126,9,1,0),(126,10,1,0),(127,1,1,0),(127,5,1,0),(127,6,1,0),(127,8,1,0),(127,9,1,0),(127,10,0,0),(128,1,1,0),(128,5,1,0),(128,6,1,0),(128,8,1,0),(128,9,1,0),(128,10,1,0),(129,2,0,0),(129,3,1,0),(129,5,1,0),(129,7,1,0),(129,8,1,0),(129,9,1,0),(129,10,1,0),(130,1,1,0),(130,5,0,0),(130,6,1,0),(130,8,0,0),(130,9,0,0),(130,10,0,0),(131,2,0,0),(131,3,0,0),(131,5,0,0),(131,7,0,0),(131,8,0,0),(131,9,0,0),(131,10,0,0),(132,1,1,0),(132,5,1,0),(132,6,1,0),(132,8,1,0),(132,9,1,0),(132,10,1,0),(133,2,0,0),(133,3,1,0),(133,5,0,0),(133,7,0,0),(133,8,1,0),(133,9,1,0),(133,10,1,0),(134,2,0,0),(134,3,1,0),(134,5,1,0),(134,7,0,0),(134,8,1,0),(134,9,1,0),(134,10,1,0),(135,1,0,0),(135,5,0,0),(135,6,1,0),(135,8,1,0),(135,9,1,0),(135,10,1,0),(136,1,0,0),(136,5,1,0),(136,6,0,0),(136,8,1,0),(136,9,0,0),(136,10,0,0),(137,2,0,0),(137,3,1,0),(137,5,1,0),(137,7,0,0),(137,8,0,0),(137,9,0,0),(137,10,0,0),(138,2,0,0),(138,3,0,0),(138,5,1,0),(138,7,0,0),(138,8,1,0),(138,9,0,0),(138,10,1,0),(139,1,0,0),(139,5,0,0),(139,6,1,0),(139,8,1,0),(139,9,1,0),(139,10,1,0),(140,2,0,0),(140,3,1,0),(140,5,1,0),(140,7,0,0),(140,8,1,0),(140,9,1,0),(140,10,1,0),(141,2,0,0),(141,3,1,0),(141,5,0,0),(141,7,1,0),(141,8,1,0),(141,9,1,1),(141,10,1,0),(142,1,1,0),(142,5,1,0),(142,6,1,0),(142,8,1,0),(142,9,1,0),(142,10,1,0),(143,1,1,0),(143,5,1,0),(143,6,1,0),(143,8,1,0),(143,9,1,0),(143,10,1,0),(144,1,1,0),(144,5,0,0),(144,6,1,0),(144,8,1,0),(144,9,1,0),(144,10,1,0),(145,2,0,0),(145,3,0,0),(145,5,1,1),(145,7,0,0),(145,8,0,0),(145,9,0,0),(145,10,1,1),(146,2,0,0),(146,3,1,0),(146,5,0,0),(146,7,1,0),(146,8,1,0),(146,9,1,0),(146,10,1,0),(147,2,0,0),(147,3,0,0),(147,5,0,0),(147,7,0,0),(147,8,0,0),(147,9,1,0),(147,10,1,0),(148,1,1,0),(148,5,0,0),(148,6,1,0),(148,8,1,0),(148,9,1,0),(148,10,1,0),(149,1,0,0),(149,5,1,0),(149,6,1,0),(149,8,1,0),(149,9,1,0),(149,10,1,0),(150,2,0,0),(150,3,0,0),(150,5,0,0),(150,7,1,0),(150,8,1,0),(150,9,0,0),(150,10,1,0),(151,2,0,0),(151,3,0,0),(151,5,1,0),(151,7,1,0),(151,8,0,0),(151,9,0,0),(151,10,0,0),(152,2,0,0),(152,3,0,0),(152,5,0,0),(152,7,0,0),(152,8,0,0),(152,9,0,0),(152,10,0,0),(153,2,0,0),(153,3,0,0),(153,5,0,0),(153,7,0,0),(153,8,0,0),(153,9,0,0),(153,10,0,0),(154,1,0,0),(154,5,0,0),(154,6,0,0),(154,8,1,0),(154,9,1,0),(154,10,1,0),(155,1,0,0),(155,5,0,0),(155,6,1,0),(155,8,1,0),(155,9,1,0),(155,10,0,0),(156,2,0,0),(156,3,1,0),(156,5,0,0),(156,7,1,0),(156,8,0,0),(156,9,0,0),(156,10,0,0),(157,2,0,1),(157,3,1,0),(157,5,1,0),(157,7,1,0),(157,8,1,0),(157,9,1,0),(157,10,1,0),(158,2,0,0),(158,3,1,0),(158,5,1,0),(158,7,0,0),(158,8,1,0),(158,9,1,0),(158,10,0,0),(159,2,0,0),(159,3,0,0),(159,5,1,0),(159,7,0,0),(159,8,1,0),(159,9,0,0),(159,10,1,0),(160,1,1,0),(160,5,1,0),(160,6,1,0),(160,8,1,0),(160,9,1,0),(160,10,1,0),(161,2,0,0),(161,3,1,0),(161,5,1,0),(161,7,0,0),(161,8,0,0),(161,9,1,0),(161,10,1,0),(162,1,1,0),(162,5,1,0),(162,6,1,0),(162,8,1,0),(162,9,1,0),(162,10,1,0),(163,2,0,0),(163,3,1,0),(163,5,1,0),(163,7,0,0),(163,8,1,0),(163,9,0,0),(163,10,0,0),(164,2,0,0),(164,3,1,0),(164,5,1,0),(164,7,1,0),(164,8,1,0),(164,9,0,0),(164,10,0,0),(165,2,0,0),(165,3,1,0),(165,5,0,0),(165,7,1,0),(165,8,1,0),(165,9,1,0),(165,10,1,0),(166,2,0,0),(166,3,1,0),(166,5,1,0),(166,7,1,0),(166,8,1,0),(166,9,1,0),(166,10,1,0),(167,2,0,0),(167,3,0,0),(167,5,0,0),(167,7,0,0),(167,8,0,0),(167,9,0,0),(167,10,0,0),(168,2,0,0),(168,3,1,0),(168,5,0,0),(168,7,1,0),(168,8,1,0),(168,9,1,0),(168,10,0,0),(169,2,0,0),(169,3,1,0),(169,5,0,0),(169,7,1,0),(169,8,1,0),(169,9,1,0),(169,10,1,0),(170,2,0,0),(170,3,0,0),(170,5,0,0),(170,7,0,0),(170,8,0,0),(170,9,0,0),(170,10,0,0),(171,2,0,0),(171,3,1,0),(171,5,0,0),(171,7,0,0),(171,8,1,0),(171,9,1,0),(171,10,1,0),(172,1,1,0),(172,5,1,0),(172,6,1,0),(172,8,1,0),(172,9,1,0),(172,10,1,0),(173,1,1,0),(173,5,1,0),(173,6,1,0),(173,8,1,0),(173,9,0,0),(173,10,1,0),(174,1,0,0),(174,5,0,0),(174,6,1,0),(174,8,0,0),(174,9,1,0),(174,10,0,0),(175,2,1,0),(175,3,0,0),(175,5,1,0),(175,7,1,1),(175,8,0,0),(175,9,1,0),(175,10,1,0),(176,1,1,0),(176,5,1,0),(176,6,1,0),(176,8,1,0),(176,9,0,0),(176,10,0,0),(177,2,0,0),(177,3,0,0),(177,5,0,0),(177,7,0,0),(177,8,0,0),(177,9,0,0),(177,10,0,0),(178,1,1,0),(178,5,1,0),(178,6,1,0),(178,8,0,0),(178,9,1,0),(178,10,1,1),(179,1,0,0),(179,5,1,0),(179,6,1,0),(179,8,1,0),(179,9,1,0),(179,10,1,0),(180,2,0,0),(180,3,1,0),(180,5,1,0),(180,7,1,0),(180,8,1,0),(180,9,1,0),(180,10,1,0),(181,1,0,0),(181,5,0,0),(181,6,1,0),(181,8,0,0),(181,9,1,0),(181,10,0,0),(182,2,1,0),(182,3,1,0),(182,4,1,1),(182,7,1,1),(182,8,1,0),(182,9,1,1),(182,10,1,0),(183,1,0,0),(183,5,0,0),(183,6,0,0),(183,8,1,0),(183,9,0,0),(183,10,0,0),(184,1,1,0),(184,5,1,0),(184,6,1,0),(184,8,1,0),(184,9,1,0),(184,10,1,0),(185,1,1,0),(185,5,1,0),(185,6,1,0),(185,8,1,0),(185,9,1,0),(185,10,1,1),(186,1,1,0),(186,5,1,0),(186,6,1,0),(186,8,0,0),(186,9,1,0),(186,10,1,0),(187,1,0,0),(187,5,1,0),(187,6,0,0),(187,8,0,0),(187,9,0,0),(187,10,1,0),(188,2,0,0),(188,3,1,0),(188,5,1,0),(188,7,1,0),(188,8,1,0),(188,9,1,0),(188,10,1,0),(189,2,0,0),(189,3,0,0),(189,5,0,0),(189,7,0,0),(189,8,0,0),(189,9,0,0),(189,10,0,0),(190,2,0,0),(190,3,1,0),(190,5,1,0),(190,7,1,0),(190,8,1,1),(190,9,1,1),(190,10,1,0),(191,1,0,0),(191,5,0,0),(191,6,1,0),(191,8,1,0),(191,9,0,0),(191,10,1,0),(192,1,0,0),(192,5,1,0),(192,6,1,0),(192,8,1,0),(192,9,1,0),(192,10,1,0),(193,1,1,0),(193,5,0,0),(193,6,0,0),(193,8,0,0),(193,9,1,0),(193,10,1,0),(194,1,0,0),(194,5,1,0),(194,6,0,0),(194,8,0,0),(194,9,1,0),(194,10,1,0),(195,2,0,0),(195,3,0,0),(195,5,1,0),(195,7,0,0),(195,8,1,0),(195,9,1,1),(195,10,1,0),(196,1,1,0),(196,5,1,0),(196,6,0,0),(196,8,1,0),(196,9,1,0),(196,10,0,0),(197,2,0,0),(197,3,0,0),(197,5,0,0),(197,7,0,0),(197,8,0,0),(197,9,1,0),(197,10,1,0),(198,2,0,0),(198,3,0,0),(198,5,1,0),(198,7,1,0),(198,8,1,0),(198,9,0,0),(198,10,0,0),(199,1,0,0),(199,5,0,0),(199,6,0,0),(199,8,0,0),(199,9,1,0),(199,10,0,0),(200,1,1,0),(200,5,1,0),(200,6,1,0),(200,8,1,0),(200,9,1,0),(200,10,0,0),(201,1,1,0),(201,5,0,0),(201,6,1,0),(201,8,1,0),(201,9,1,0),(201,10,1,0),(202,2,0,0),(202,3,0,0),(202,4,1,1),(202,7,0,0),(202,8,0,0),(202,9,0,0),(202,10,1,0),(203,2,0,0),(203,3,0,0),(203,5,1,0),(203,7,1,0),(203,8,0,0),(203,9,0,0),(203,10,0,0),(204,1,1,0),(204,5,1,0),(204,6,0,0),(204,8,1,0),(204,9,1,0),(204,10,1,0),(205,1,0,0),(205,5,0,0),(205,6,0,0),(205,8,0,0),(205,9,0,0),(205,10,0,0),(206,2,1,0),(206,3,1,1),(206,4,1,0),(206,7,1,1),(206,8,1,0),(206,9,1,0),(206,10,1,0),(207,2,0,0),(207,3,0,0),(207,5,0,0),(207,7,1,0),(207,8,1,0),(207,9,0,0),(207,10,0,0),(208,2,0,0),(208,3,0,0),(208,5,0,0),(208,7,0,0),(208,8,0,0),(208,9,0,0),(208,10,1,0),(209,1,1,0),(209,5,0,0),(209,6,1,0),(209,8,0,0),(209,9,1,0),(209,10,1,0),(210,1,1,0),(210,5,0,0),(210,6,1,0),(210,8,1,0),(210,9,1,0),(210,10,1,0),(211,1,1,0),(211,5,0,0),(211,6,1,0),(211,8,1,0),(211,9,0,0),(211,10,1,0),(212,2,0,0),(212,3,0,0),(212,5,1,0),(212,7,1,0),(212,8,0,0),(212,9,0,0),(212,10,1,0),(213,1,1,0),(213,5,1,0),(213,6,1,0),(213,8,1,0),(213,9,1,0),(213,10,1,0),(214,1,1,0),(214,5,1,0),(214,6,1,0),(214,8,1,0),(214,9,1,0),(214,10,1,1),(215,1,1,0),(215,5,1,0),(215,6,1,0),(215,8,1,0),(215,9,1,0),(215,10,1,0),(216,2,0,0),(216,3,1,0),(216,5,1,0),(216,7,1,0),(216,8,1,0),(216,9,1,0),(216,10,1,0),(217,1,1,0),(217,5,0,0),(217,6,1,0),(217,8,1,0),(217,9,0,0),(217,10,1,0),(218,2,0,0),(218,3,1,0),(218,5,1,0),(218,7,1,0),(218,8,1,0),(218,9,1,0),(218,10,1,0),(219,1,0,0),(219,5,1,0),(219,6,0,0),(219,8,1,0),(219,9,1,0),(219,10,1,0),(220,2,1,0),(220,3,1,0),(220,5,1,0),(220,7,0,0),(220,8,0,0),(220,9,1,0),(220,10,0,0),(221,1,1,0),(221,5,0,0),(221,6,1,0),(221,8,0,0),(221,9,0,0),(221,10,0,0),(222,1,1,0),(222,5,1,0),(222,6,1,0),(222,8,1,0),(222,9,1,0),(222,10,1,0),(223,1,1,0),(223,5,0,0),(223,6,0,0),(223,8,0,0),(223,9,0,0),(223,10,1,0),(224,1,0,0),(224,5,1,0),(224,6,1,0),(224,8,1,0),(224,9,1,0),(224,10,1,0),(225,1,1,0),(225,5,1,0),(225,6,1,1),(225,8,1,0),(225,9,1,0),(225,10,1,0),(226,1,0,0),(226,5,0,0),(226,6,1,0),(226,8,1,0),(226,9,0,0),(226,10,0,0),(227,2,1,1),(227,3,1,0),(227,5,1,1),(227,7,1,0),(227,8,1,0),(227,9,1,0),(227,10,1,0),(228,2,0,0),(228,3,1,0),(228,5,0,0),(228,7,1,0),(228,8,1,0),(228,9,0,0),(228,10,1,0),(229,1,1,0),(229,5,1,0),(229,6,1,0),(229,8,1,0),(229,9,1,0),(229,10,1,0),(230,2,0,0),(230,3,1,0),(230,5,1,0),(230,7,1,0),(230,8,1,0),(230,9,1,0),(230,10,1,0),(231,2,0,0),(231,3,1,0),(231,5,0,0),(231,7,0,0),(231,8,0,0),(231,9,1,0),(231,10,0,0),(232,1,1,0),(232,5,1,0),(232,6,1,0),(232,8,1,0),(232,9,1,0),(232,10,1,0),(233,1,1,0),(233,5,1,0),(233,6,1,0),(233,8,1,0),(233,9,1,0),(233,10,0,0),(234,1,1,0),(234,5,1,0),(234,6,1,0),(234,8,1,0),(234,9,1,0),(234,10,1,0),(235,1,1,0),(235,5,1,0),(235,6,1,0),(235,8,1,0),(235,9,1,0),(235,10,1,0),(236,1,1,0),(236,5,1,0),(236,6,0,0),(236,8,0,0),(236,9,0,0),(236,10,0,0),(237,2,0,0),(237,3,1,0),(237,5,1,1),(237,7,1,0),(237,8,0,0),(237,9,1,1),(237,10,1,0),(238,1,0,0),(238,5,1,0),(238,6,1,0),(238,8,0,0),(238,9,1,0),(238,10,0,0),(239,2,0,0),(239,3,1,0),(239,5,1,0),(239,7,1,0),(239,8,0,0),(239,9,0,0),(239,10,0,0),(240,2,0,0),(240,3,1,0),(240,5,1,0),(240,7,1,0),(240,8,1,0),(240,9,1,0),(240,10,1,0),(241,1,1,0),(241,5,1,0),(241,6,1,0),(241,8,1,0),(241,9,0,0),(241,10,1,0),(242,2,1,0),(242,3,1,0),(242,5,1,0),(242,7,1,1),(242,8,1,0),(242,9,1,0),(242,10,1,0),(243,1,0,0),(243,5,0,0),(243,6,0,0),(243,8,0,0),(243,9,1,0),(243,10,0,0),(244,2,0,0),(244,3,1,0),(244,5,1,0),(244,7,1,0),(244,8,1,0),(244,9,1,0),(244,10,1,0),(245,1,0,0),(245,5,0,0),(245,6,1,0),(245,8,0,0),(245,9,0,0),(245,10,0,0),(246,2,0,0),(246,3,0,0),(246,5,0,0),(246,7,0,0),(246,8,0,0),(246,9,1,1),(246,10,1,0),(247,2,0,0),(247,3,1,0),(247,5,0,0),(247,7,0,0),(247,8,1,0),(247,9,0,0),(247,10,0,0),(248,1,1,0),(248,5,1,0),(248,6,1,0),(248,8,1,0),(248,9,1,0),(248,10,1,1),(249,1,1,0),(249,5,0,0),(249,6,1,0),(249,8,0,0),(249,9,0,0),(249,10,0,0),(250,1,1,0),(250,5,1,0),(250,6,1,0),(250,8,1,0),(250,9,1,0),(250,10,1,0),(251,2,0,0),(251,3,0,0),(251,5,0,0),(251,7,1,0),(251,8,0,0),(251,9,0,0),(251,10,0,0),(252,1,0,0),(252,5,1,0),(252,6,1,0),(252,8,1,0),(252,9,1,0),(252,10,1,0),(253,1,1,0),(253,5,1,0),(253,6,0,0),(253,8,1,0),(253,9,1,0),(253,10,1,0),(254,1,1,0),(254,5,1,0),(254,6,1,0),(254,8,1,0),(254,9,1,0),(254,10,1,0),(255,2,0,0),(255,3,0,0),(255,5,1,0),(255,7,1,0),(255,8,1,0),(255,9,1,0),(255,10,1,0),(256,2,0,0),(256,3,0,0),(256,5,0,0),(256,7,0,0),(256,8,0,0),(256,9,0,0),(256,10,0,0),(257,1,1,0),(257,5,0,0),(257,6,1,0),(257,8,0,0),(257,9,0,0),(257,10,0,0),(258,1,1,0),(258,5,1,0),(258,6,0,0),(258,8,1,0),(258,9,1,0),(258,10,1,1),(259,2,0,0),(259,3,1,0),(259,5,1,0),(259,7,1,0),(259,8,1,0),(259,9,1,0),(259,10,1,0),(260,2,0,0),(260,3,1,0),(260,5,1,0),(260,7,1,0),(260,8,1,0),(260,9,1,0),(260,10,0,0),(261,1,1,0),(261,5,1,0),(261,6,1,0),(261,8,1,0),(261,9,1,0),(261,10,0,0),(262,1,1,0),(262,5,0,0),(262,6,0,0),(262,8,0,0),(262,9,0,0),(262,10,0,0),(263,1,1,0),(263,5,0,0),(263,6,1,0),(263,8,1,0),(263,9,0,0),(263,10,0,0),(264,2,0,0),(264,3,0,0),(264,5,0,0),(264,7,0,0),(264,8,0,0),(264,9,1,0),(264,10,0,0),(265,1,0,0),(265,5,1,0),(265,6,1,0),(265,8,1,0),(265,9,1,0),(265,10,1,0),(266,2,0,0),(266,3,0,0),(266,5,0,0),(266,7,0,0),(266,8,0,0),(266,9,1,1),(266,10,0,0),(267,1,1,0),(267,5,1,0),(267,6,1,0),(267,8,1,0),(267,9,1,0),(267,10,1,0),(268,2,0,0),(268,3,0,0),(268,5,0,0),(268,7,0,0),(268,8,0,0),(268,9,0,0),(268,10,0,0),(269,1,1,0),(269,5,1,0),(269,6,1,0),(269,8,1,0),(269,9,0,0),(269,10,1,0),(270,2,0,0),(270,3,1,0),(270,5,1,0),(270,7,1,0),(270,8,1,0),(270,9,1,0),(270,10,1,0),(271,2,0,0),(271,3,0,0),(271,5,0,0),(271,7,1,0),(271,8,1,0),(271,9,0,0),(271,10,0,0),(272,1,1,0),(272,5,1,0),(272,6,1,0),(272,8,1,0),(272,9,1,0),(272,10,1,0),(273,2,0,0),(273,3,1,0),(273,5,1,0),(273,7,1,0),(273,8,0,0),(273,9,1,0),(273,10,0,0),(274,2,0,0),(274,3,0,0),(274,5,1,0),(274,7,0,0),(274,8,0,0),(274,9,0,0),(274,10,0,0),(275,2,0,0),(275,3,1,0),(275,5,1,0),(275,7,1,0),(275,8,1,0),(275,9,1,0),(275,10,1,0),(276,1,1,0),(276,5,1,0),(276,6,1,0),(276,8,1,0),(276,9,1,0),(276,10,1,0),(277,1,0,0),(277,5,1,0),(277,6,1,0),(277,8,1,0),(277,9,1,0),(277,10,0,0),(278,2,0,0),(278,3,1,0),(278,5,0,0),(278,7,1,0),(278,8,1,0),(278,9,1,0),(278,10,1,0),(279,1,1,0),(279,5,1,0),(279,6,1,0),(279,8,1,0),(279,9,1,0),(279,10,1,0),(280,1,1,0),(280,5,1,0),(280,6,1,1),(280,8,1,0),(280,9,1,0),(280,10,1,0),(281,2,0,0),(281,3,0,0),(281,5,1,0),(281,7,0,0),(281,8,1,0),(281,9,1,0),(281,10,0,0),(282,1,0,0),(282,5,1,0),(282,6,1,0),(282,8,0,0),(282,9,0,0),(282,10,1,0),(283,1,1,0),(283,5,1,0),(283,6,1,1),(283,8,1,0),(283,9,1,0),(283,10,1,0),(284,2,0,0),(284,3,0,0),(284,5,0,0),(284,7,1,0),(284,8,1,0),(284,9,0,0),(284,10,0,0),(285,2,0,0),(285,3,1,0),(285,5,0,0),(285,7,1,0),(285,8,0,0),(285,9,1,0),(285,10,1,0),(286,2,0,0),(286,3,1,0),(286,5,1,0),(286,7,1,0),(286,8,1,0),(286,9,1,0),(286,10,0,0),(287,1,1,0),(287,5,1,0),(287,6,1,0),(287,8,0,0),(287,9,1,0),(287,10,1,0),(288,2,0,0),(288,3,1,0),(288,5,1,0),(288,7,0,0),(288,8,0,0),(288,9,0,0),(288,10,0,0),(289,1,0,0),(289,5,1,0),(289,6,1,0),(289,8,0,0),(289,9,0,0),(289,10,0,0),(290,1,1,0),(290,5,0,0),(290,6,1,0),(290,8,1,0),(290,9,1,0),(290,10,1,0),(291,1,1,0),(291,5,0,0),(291,6,1,0),(291,8,1,0),(291,9,0,0),(291,10,0,0),(292,2,0,0),(292,3,1,0),(292,5,1,0),(292,7,1,0),(292,8,1,1),(292,9,1,1),(292,10,1,0),(293,2,0,0),(293,3,1,0),(293,5,1,0),(293,7,1,0),(293,8,1,0),(293,9,1,0),(293,10,1,0),(294,2,0,0),(294,3,1,0),(294,4,1,0),(294,7,1,0),(294,8,1,0),(294,9,0,0),(294,10,1,0),(295,1,1,0),(295,5,1,0),(295,6,0,0),(295,8,0,0),(295,9,0,0),(295,10,1,0),(296,1,1,0),(296,5,1,0),(296,6,0,0),(296,8,0,0),(296,9,0,0),(296,10,0,0),(297,1,0,0),(297,5,1,0),(297,6,1,0),(297,8,1,0),(297,9,1,0),(297,10,0,0),(298,2,0,0),(298,3,0,0),(298,5,0,0),(298,7,1,0),(298,8,1,0),(298,9,0,0),(298,10,0,0),(299,2,0,0),(299,3,1,0),(299,5,1,0),(299,7,1,0),(299,8,1,0),(299,9,1,0),(299,10,0,0),(300,2,0,0),(300,3,0,0),(300,5,0,0),(300,7,1,0),(300,8,0,0),(300,9,1,0),(300,10,1,0),(301,1,1,0),(301,5,1,0),(301,6,1,0),(301,8,1,0),(301,9,0,0),(301,10,1,0),(302,1,1,0),(302,5,1,0),(302,6,1,0),(302,8,1,0),(302,9,1,0),(302,10,1,0),(303,2,0,0),(303,3,0,0),(303,5,0,0),(303,7,0,0),(303,8,0,0),(303,9,1,0),(303,10,0,0),(304,1,1,0),(304,5,1,0),(304,6,0,0),(304,8,1,0),(304,9,1,0),(304,10,1,0),(305,2,0,0),(305,3,1,0),(305,5,1,0),(305,7,1,0),(305,8,1,0),(305,9,1,0),(305,10,1,0),(306,2,0,0),(306,3,0,0),(306,5,0,0),(306,7,1,0),(306,8,0,0),(306,9,0,0),(306,10,0,0),(307,1,0,0),(307,5,1,0),(307,6,1,0),(307,8,1,0),(307,9,1,0),(307,10,1,0),(308,2,0,0),(308,3,1,0),(308,5,1,0),(308,7,1,0),(308,8,1,0),(308,9,1,0),(308,10,1,0),(309,1,0,0),(309,5,0,0),(309,6,1,0),(309,8,1,0),(309,9,0,0),(309,10,1,0),(310,1,1,0),(310,5,1,0),(310,6,1,0),(310,8,1,0),(310,9,1,0),(310,10,1,0),(311,1,1,0),(311,5,1,0),(311,6,1,0),(311,8,1,0),(311,9,1,0),(311,10,1,1),(312,1,1,0),(312,5,1,0),(312,6,1,0),(312,8,1,0),(312,9,1,1),(312,10,1,0),(313,1,0,0),(313,5,0,0),(313,6,1,0),(313,8,1,0),(313,9,1,0),(313,10,1,0),(314,1,1,0),(314,5,1,0),(314,6,1,0),(314,8,1,0),(314,9,1,0),(314,10,1,0),(315,1,1,0),(315,5,1,0),(315,6,0,0),(315,8,1,0),(315,9,0,0),(315,10,0,0),(316,1,0,0),(316,5,0,0),(316,6,0,0),(316,8,0,0),(316,9,0,0),(316,10,0,0),(317,1,0,0),(317,5,1,0),(317,6,1,0),(317,8,1,0),(317,9,1,0),(317,10,1,0),(318,1,1,0),(318,5,1,0),(318,6,0,0),(318,8,0,0),(318,9,1,0),(318,10,1,0),(319,1,1,0),(319,5,1,1),(319,6,1,0),(319,8,1,0),(319,9,1,1),(319,10,1,0),(320,2,0,0),(320,3,1,0),(320,5,1,0),(320,7,1,0),(320,8,1,0),(320,9,1,0),(320,10,1,1),(321,2,0,0),(321,3,0,0),(321,5,1,0),(321,7,1,0),(321,8,1,0),(321,9,1,0),(321,10,0,0),(322,1,1,0),(322,5,0,0),(322,6,0,0),(322,8,0,0),(322,9,1,0),(322,10,0,0),(323,2,0,0),(323,3,1,0),(323,5,1,0),(323,7,1,0),(323,8,1,0),(323,9,1,0),(323,10,1,0),(324,2,0,0),(324,3,1,0),(324,5,1,0),(324,7,1,0),(324,8,1,0),(324,9,1,0),(324,10,1,0),(325,1,0,0),(325,5,0,0),(325,6,1,0),(325,8,0,0),(325,9,0,0),(325,10,0,0),(326,2,0,0),(326,3,1,0),(326,5,0,0),(326,7,1,0),(326,8,1,0),(326,9,1,0),(326,10,1,1),(327,1,1,0),(327,5,0,0),(327,6,0,0),(327,8,1,0),(327,9,0,0),(327,10,0,0),(328,1,1,0),(328,5,0,0),(328,6,0,0),(328,8,0,0),(328,9,1,0),(328,10,1,0),(329,2,0,0),(329,3,1,0),(329,5,1,0),(329,7,0,0),(329,8,0,0),(329,9,0,0),(329,10,0,0),(330,2,0,0),(330,3,0,0),(330,5,1,0),(330,7,1,0),(330,8,1,1),(330,9,1,0),(330,10,0,0),(331,1,0,0),(331,5,1,0),(331,6,1,0),(331,8,1,0),(331,9,1,1),(331,10,1,0),(332,1,1,0),(332,5,1,0),(332,6,1,0),(332,8,1,0),(332,9,1,0),(332,10,0,0),(333,1,0,0),(333,5,1,0),(333,6,1,0),(333,8,1,0),(333,9,0,0),(333,10,1,0),(334,1,1,0),(334,5,0,0),(334,6,0,0),(334,8,0,0),(334,9,1,0),(334,10,0,0),(335,1,0,0),(335,5,0,0),(335,6,0,0),(335,8,0,0),(335,9,1,0),(335,10,0,0),(336,1,1,0),(336,5,1,0),(336,6,1,0),(336,8,1,0),(336,9,1,0),(336,10,1,0),(337,2,0,0),(337,3,0,0),(337,5,1,1),(337,7,0,0),(337,8,0,0),(337,9,0,0),(337,10,0,0),(338,2,0,0),(338,3,0,0),(338,5,1,0),(338,7,1,0),(338,8,0,0),(338,9,1,0),(338,10,1,0),(339,1,1,0),(339,5,1,0),(339,6,0,0),(339,8,0,0),(339,9,0,0),(339,10,0,0),(340,2,0,0),(340,3,1,0),(340,5,1,0),(340,7,1,0),(340,8,1,0),(340,9,1,0),(340,10,1,0),(341,1,0,0),(341,5,0,0),(341,6,0,0),(341,8,0,0),(341,9,0,0),(341,10,0,0),(342,2,0,0),(342,3,0,0),(342,5,1,0),(342,7,1,0),(342,8,1,1),(342,9,1,0),(342,10,0,0),(343,2,0,0),(343,3,1,0),(343,5,1,0),(343,7,1,0),(343,8,0,0),(343,9,0,0),(343,10,1,0),(344,1,0,0),(344,5,1,0),(344,6,1,0),(344,8,1,0),(344,9,1,0),(344,10,1,0),(345,2,0,0),(345,3,0,0),(345,5,0,0),(345,7,1,0),(345,8,1,0),(345,9,0,0),(345,10,0,0),(346,2,0,0),(346,3,0,0),(346,5,0,0),(346,7,1,0),(346,8,1,0),(346,9,1,0),(346,10,1,1),(347,2,0,0),(347,3,0,0),(347,5,0,0),(347,7,0,0),(347,8,0,0),(347,9,1,0),(347,10,0,0),(348,2,0,0),(348,3,0,0),(348,5,0,0),(348,7,1,0),(348,8,1,0),(348,9,0,0),(348,10,0,0),(349,1,1,0),(349,5,1,0),(349,6,1,0),(349,8,1,0),(349,9,1,0),(349,10,1,0),(350,1,0,0),(350,5,0,0),(350,6,0,0),(350,8,1,0),(350,9,0,0),(350,10,0,0),(351,1,0,0),(351,5,1,0),(351,6,1,0),(351,8,1,0),(351,9,0,0),(351,10,0,0),(352,1,1,0),(352,5,1,0),(352,6,0,0),(352,8,1,0),(352,9,1,0),(352,10,1,0),(353,2,0,0),(353,3,0,0),(353,5,1,0),(353,7,1,0),(353,8,1,0),(353,9,1,0),(353,10,1,1),(354,2,0,0),(354,3,0,0),(354,5,0,0),(354,7,1,0),(354,8,1,0),(354,9,0,0),(354,10,0,0),(355,1,1,0),(355,5,1,0),(355,6,1,0),(355,8,1,0),(355,9,1,0),(355,10,1,0),(356,2,0,0),(356,3,0,0),(356,5,0,0),(356,7,1,0),(356,8,0,0),(356,9,1,1),(356,10,0,0),(357,2,0,0),(357,3,0,0),(357,5,0,0),(357,7,0,0),(357,8,1,0),(357,9,0,0),(357,10,0,0),(358,1,0,0),(358,5,0,0),(358,6,1,0),(358,8,1,0),(358,9,0,0),(358,10,0,0),(359,1,1,0),(359,5,1,0),(359,6,1,0),(359,8,1,0),(359,9,1,0),(359,10,1,0),(360,1,1,0),(360,5,1,0),(360,6,1,0),(360,8,1,0),(360,9,1,0),(360,10,1,0),(361,2,0,0),(361,3,0,0),(361,5,1,0),(361,7,1,0),(361,8,1,0),(361,9,1,0),(361,10,1,0),(362,2,0,0),(362,3,1,0),(362,5,1,0),(362,7,1,0),(362,8,1,0),(362,9,1,0),(362,10,1,0),(363,2,0,0),(363,3,0,0),(363,5,1,0),(363,7,1,0),(363,8,1,0),(363,9,0,0),(363,10,0,0),(364,1,1,0),(364,5,1,0),(364,6,0,0),(364,8,1,0),(364,9,1,0),(364,10,1,0),(365,2,0,0),(365,3,1,0),(365,5,1,0),(365,7,1,0),(365,8,1,0),(365,9,1,0),(365,10,1,0),(366,1,0,0),(366,5,1,0),(366,6,1,0),(366,8,1,0),(366,9,1,0),(366,10,1,0),(367,1,1,0),(367,5,1,0),(367,6,1,0),(367,8,1,0),(367,9,1,0),(367,10,1,0),(368,2,0,0),(368,3,0,0),(368,5,1,0),(368,7,1,0),(368,8,1,1),(368,9,0,0),(368,10,0,0),(369,1,1,0),(369,5,0,0),(369,6,0,0),(369,8,0,0),(369,9,1,0),(369,10,1,0),(370,1,1,0),(370,5,1,0),(370,6,1,0),(370,8,0,0),(370,9,1,0),(370,10,0,0),(371,1,1,0),(371,5,0,0),(371,6,0,0),(371,8,0,0),(371,9,0,0),(371,10,0,0),(372,1,1,0),(372,5,0,0),(372,6,1,0),(372,8,1,0),(372,9,0,0),(372,10,0,0),(373,1,1,0),(373,5,1,1),(373,6,1,0),(373,8,0,0),(373,9,0,0),(373,10,1,0),(374,2,0,0),(374,3,1,0),(374,5,1,0),(374,7,1,0),(374,8,1,0),(374,9,1,0),(374,10,1,0),(375,1,0,0),(375,5,0,0),(375,6,0,0),(375,8,0,0),(375,9,1,0),(375,10,0,0),(376,2,0,0),(376,3,0,0),(376,5,1,0),(376,7,1,0),(376,8,0,0),(376,9,0,0),(376,10,0,0),(377,2,0,0),(377,3,0,0),(377,5,0,0),(377,7,0,0),(377,8,1,0),(377,9,0,0),(377,10,1,0),(378,2,0,0),(378,3,0,0),(378,5,0,0),(378,7,0,0),(378,8,0,0),(378,9,1,0),(378,10,1,0),(379,2,0,0),(379,3,1,0),(379,5,1,1),(379,7,0,0),(379,8,1,0),(379,9,1,0),(379,10,1,0),(380,2,0,0),(380,3,0,0),(380,5,1,0),(380,7,1,0),(380,8,1,0),(380,9,1,0),(380,10,1,0),(381,2,0,0),(381,3,1,0),(381,5,1,0),(381,7,1,0),(381,8,1,0),(381,9,1,1),(381,10,1,0),(382,1,0,0),(382,5,0,0),(382,6,0,0),(382,8,1,0),(382,9,0,0),(382,10,0,0),(383,2,0,0),(383,3,1,0),(383,4,1,0),(383,7,1,0),(383,8,1,0),(383,9,1,0),(383,10,1,0),(384,2,0,0),(384,3,1,0),(384,5,0,0),(384,7,0,0),(384,8,1,0),(384,9,1,0),(384,10,0,0),(385,2,0,0),(385,3,1,0),(385,5,1,0),(385,7,1,0),(385,8,1,0),(385,9,1,0),(385,10,1,1),(386,2,0,0),(386,3,1,0),(386,5,1,0),(386,7,1,0),(386,8,1,0),(386,9,1,0),(386,10,1,0),(387,2,0,0),(387,3,0,0),(387,5,0,0),(387,7,0,0),(387,8,1,0),(387,9,0,0),(387,10,1,0),(388,1,1,0),(388,5,1,0),(388,6,0,0),(388,8,1,0),(388,9,0,0),(388,10,1,0),(389,1,0,0),(389,5,0,0),(389,6,0,0),(389,8,1,0),(389,9,0,0),(389,10,0,0),(390,1,0,0),(390,5,0,0),(390,6,1,0),(390,8,1,0),(390,9,1,0),(390,10,0,0),(391,1,0,0),(391,5,0,0),(391,6,0,0),(391,8,0,0),(391,9,1,0),(391,10,1,0),(392,1,0,0),(392,5,1,0),(392,6,1,0),(392,8,1,0),(392,9,1,0),(392,10,1,0),(393,2,0,0),(393,3,1,0),(393,5,0,0),(393,7,1,0),(393,8,0,0),(393,9,1,0),(393,10,1,0),(394,2,0,0),(394,3,1,0),(394,5,0,0),(394,7,1,0),(394,8,1,0),(394,9,0,0),(394,10,1,0),(395,2,0,0),(395,3,1,0),(395,5,1,0),(395,7,1,0),(395,8,1,0),(395,9,1,0),(395,10,1,0),(396,2,0,0),(396,3,0,0),(396,5,1,0),(396,7,1,0),(396,8,0,0),(396,9,0,0),(396,10,0,0),(397,1,1,0),(397,5,1,0),(397,6,0,0),(397,8,1,0),(397,9,0,0),(397,10,0,0),(398,1,1,0),(398,5,0,0),(398,6,1,0),(398,8,1,0),(398,9,0,0),(398,10,1,0),(399,1,1,0),(399,5,0,0),(399,6,1,0),(399,8,1,0),(399,9,1,0),(399,10,0,0),(400,2,0,0),(400,3,1,0),(400,5,1,0),(400,7,1,0),(400,8,1,0),(400,9,1,1),(400,10,1,0),(401,2,0,0),(401,3,1,0),(401,5,1,0),(401,7,1,0),(401,8,1,0),(401,9,1,0),(401,10,0,0),(402,1,0,0),(402,5,1,0),(402,6,1,0),(402,8,0,0),(402,9,1,0),(402,10,1,0),(403,2,0,0),(403,3,1,0),(403,5,1,0),(403,7,1,0),(403,8,1,0),(403,9,1,0),(403,10,1,0),(404,2,0,0),(404,3,1,0),(404,5,1,0),(404,7,1,1),(404,8,1,0),(404,9,1,0),(404,10,1,0),(405,2,0,0),(405,3,0,0),(405,5,0,0),(405,7,0,0),(405,8,0,0),(405,9,0,0),(405,10,0,0),(406,1,1,0),(406,5,1,0),(406,6,1,0),(406,8,1,0),(406,9,1,1),(406,10,1,1),(407,1,0,0),(407,5,1,0),(407,6,1,0),(407,8,1,0),(407,9,1,0),(407,10,1,0),(408,2,0,0),(408,3,0,0),(408,5,0,0),(408,7,1,0),(408,8,0,0),(408,9,1,0),(408,10,1,0),(409,1,1,0),(409,5,1,0),(409,6,1,0),(409,8,1,0),(409,9,1,0),(409,10,0,0),(410,1,1,0),(410,5,1,0),(410,6,1,0),(410,8,1,0),(410,9,1,0),(410,10,1,0),(411,1,1,1),(411,5,1,1),(411,6,1,0),(411,8,1,0),(411,9,1,0),(411,10,1,1),(412,2,0,0),(412,3,0,0),(412,5,0,0),(412,7,1,0),(412,8,0,0),(412,9,1,0),(412,10,0,0),(413,2,0,0),(413,3,1,0),(413,5,1,0),(413,7,1,0),(413,8,1,0),(413,9,1,0),(413,10,1,0),(414,2,0,0),(414,3,1,0),(414,5,1,0),(414,7,1,0),(414,8,0,0),(414,9,1,0),(414,10,1,0),(415,2,0,0),(415,3,0,0),(415,5,0,0),(415,7,0,0),(415,8,0,0),(415,9,1,0),(415,10,0,0),(416,2,0,0),(416,3,1,0),(416,5,1,0),(416,7,1,0),(416,8,1,0),(416,9,1,0),(416,10,1,0),(417,1,0,0),(417,5,0,0),(417,6,1,0),(417,8,1,0),(417,9,1,0),(417,10,1,1),(418,1,0,0),(418,5,1,0),(418,6,1,0),(418,8,1,0),(418,9,0,0),(418,10,0,0),(419,2,0,0),(419,3,0,0),(419,5,0,0),(419,7,0,0),(419,8,0,0),(419,9,0,0),(419,10,1,0),(420,2,0,0),(420,3,0,0),(420,5,0,0),(420,7,1,0),(420,8,1,0),(420,9,0,0),(420,10,1,0),(421,2,0,0),(421,3,0,0),(421,5,0,0),(421,7,1,0),(421,8,1,0),(421,9,1,1),(421,10,1,1),(422,1,1,0),(422,5,1,0),(422,6,1,0),(422,8,1,0),(422,9,1,0),(422,10,1,0),(423,2,0,0),(423,3,1,0),(423,5,1,0),(423,7,1,0),(423,8,1,0),(423,9,0,0),(423,10,1,0),(424,2,0,0),(424,3,0,0),(424,5,0,0),(424,7,0,0),(424,8,0,0),(424,9,1,0),(424,10,1,0),(425,2,0,0),(425,3,1,1),(425,5,1,0),(425,7,1,0),(425,8,1,0),(425,9,1,1),(425,10,1,1),(426,1,1,0),(426,5,1,0),(426,6,1,0),(426,8,1,0),(426,9,0,0),(426,10,0,0),(427,1,1,0),(427,5,1,0),(427,6,1,0),(427,8,1,0),(427,9,1,0),(427,10,1,0),(428,2,0,0),(428,3,0,0),(428,5,1,0),(428,7,1,0),(428,8,0,0),(428,9,0,0),(428,10,0,0),(429,2,0,0),(429,3,1,0),(429,5,0,0),(429,7,0,0),(429,8,1,0),(429,9,1,0),(429,10,1,1),(430,2,0,0),(430,3,0,0),(430,5,0,0),(430,7,0,0),(430,8,0,0),(430,9,1,1),(430,10,0,0),(431,2,0,0),(431,3,1,0),(431,5,1,0),(431,7,1,0),(431,8,1,0),(431,9,1,0),(431,10,1,0),(432,1,0,0),(432,5,1,0),(432,6,1,1),(432,8,0,0),(432,9,0,0),(432,10,1,0),(433,1,1,0),(433,5,0,0),(433,6,1,0),(433,8,1,1),(433,9,1,0),(433,10,1,0),(434,1,0,0),(434,5,1,0),(434,6,1,0),(434,8,1,0),(434,9,1,0),(434,10,1,0),(435,1,0,0),(435,5,1,0),(435,6,0,0),(435,8,1,0),(435,9,1,0),(435,10,1,0),(436,2,0,0),(436,3,1,0),(436,5,1,0),(436,7,1,0),(436,8,1,0),(436,9,1,0),(436,10,1,0),(437,1,0,0),(437,5,1,0),(437,6,1,0),(437,8,0,0),(437,9,0,0),(437,10,1,0),(438,2,0,0),(438,3,0,0),(438,5,0,0),(438,7,0,0),(438,8,0,0),(438,9,1,0),(438,10,1,0),(439,1,0,0),(439,5,1,0),(439,6,0,0),(439,8,1,0),(439,9,1,0),(439,10,0,0),(440,1,0,0),(440,5,0,0),(440,6,1,0),(440,8,1,0),(440,9,1,0),(440,10,1,0),(441,2,0,0),(441,3,0,0),(441,5,0,0),(441,7,0,0),(441,8,1,0),(441,9,0,0),(441,10,0,0),(442,2,0,0),(442,3,1,0),(442,5,0,0),(442,7,1,0),(442,8,1,0),(442,9,1,0),(442,10,1,1),(443,2,0,0),(443,3,1,0),(443,5,1,0),(443,7,1,0),(443,8,1,0),(443,9,1,0),(443,10,1,0),(444,2,0,0),(444,3,0,0),(444,5,0,0),(444,7,1,0),(444,8,1,0),(444,9,0,0),(444,10,0,0),(445,2,0,0),(445,3,1,0),(445,5,0,0),(445,7,1,0),(445,8,1,0),(445,9,1,0),(445,10,1,0),(446,2,0,0),(446,3,0,0),(446,5,0,0),(446,7,1,0),(446,8,1,0),(446,9,0,0),(446,10,0,0),(447,1,1,0),(447,5,1,0),(447,6,1,0),(447,8,1,0),(447,9,1,0),(447,10,1,0),(448,2,1,0),(448,3,1,0),(448,4,1,1),(448,7,1,1),(448,8,1,0),(448,9,1,0),(448,10,1,1),(449,2,1,0),(449,3,1,0),(449,5,1,0),(449,7,1,0),(449,8,1,1),(449,9,1,0),(449,10,1,0),(450,2,0,0),(450,3,0,0),(450,5,0,0),(450,7,1,0),(450,8,1,0),(450,9,0,0),(450,10,1,0),(451,1,0,0),(451,5,1,0),(451,6,1,0),(451,8,1,0),(451,9,1,0),(451,10,1,0),(452,2,0,0),(452,3,1,0),(452,5,1,0),(452,7,1,0),(452,8,1,0),(452,9,0,0),(452,10,0,0),(453,2,0,0),(453,3,0,0),(453,5,1,0),(453,7,1,0),(453,8,0,0),(453,9,0,0),(453,10,0,0),(454,2,0,0),(454,3,1,0),(454,5,0,0),(454,7,1,0),(454,8,0,0),(454,9,0,0),(454,10,0,0),(455,1,1,0),(455,5,1,0),(455,6,1,0),(455,8,1,0),(455,9,1,0),(455,10,1,0),(456,2,0,0),(456,3,1,0),(456,5,0,0),(456,7,1,0),(456,8,0,0),(456,9,1,0),(456,10,0,0),(457,1,0,0),(457,5,0,0),(457,6,1,0),(457,8,1,0),(457,9,0,0),(457,10,0,0),(458,2,0,0),(458,3,1,0),(458,5,1,0),(458,7,1,0),(458,8,1,0),(458,9,1,0),(458,10,1,0),(459,2,0,0),(459,3,1,0),(459,5,1,0),(459,7,1,1),(459,8,1,0),(459,9,1,0),(459,10,1,0),(460,2,0,0),(460,3,1,0),(460,5,0,0),(460,7,1,0),(460,8,1,0),(460,9,1,0),(460,10,0,0),(461,1,0,0),(461,5,1,0),(461,6,1,0),(461,8,1,0),(461,9,1,0),(461,10,1,0),(462,1,1,0),(462,5,0,0),(462,6,1,1),(462,8,0,0),(462,9,0,0),(462,10,1,0),(463,1,0,0),(463,5,1,0),(463,6,1,0),(463,8,1,0),(463,9,1,0),(463,10,0,0),(464,1,1,0),(464,5,1,0),(464,6,1,1),(464,8,1,0),(464,9,1,0),(464,10,1,0),(465,1,1,0),(465,5,1,0),(465,6,0,0),(465,8,1,0),(465,9,1,0),(465,10,0,0),(466,1,0,0),(466,5,0,0),(466,6,0,0),(466,8,0,0),(466,9,1,0),(466,10,0,0),(467,1,0,0),(467,5,1,1),(467,6,1,0),(467,8,1,0),(467,9,1,1),(467,10,1,0),(468,1,1,0),(468,5,1,0),(468,6,1,0),(468,8,1,0),(468,9,1,0),(468,10,1,0),(469,1,0,0),(469,5,1,0),(469,6,1,0),(469,8,1,0),(469,9,0,0),(469,10,0,0),(470,1,1,0),(470,5,1,0),(470,6,1,0),(470,8,1,0),(470,9,1,1),(470,10,0,0),(471,2,0,0),(471,3,1,0),(471,5,1,0),(471,7,1,0),(471,8,1,0),(471,9,1,0),(471,10,1,0),(472,1,0,0),(472,5,0,0),(472,6,0,0),(472,8,0,0),(472,9,0,0),(472,10,1,0),(473,1,0,0),(473,5,1,0),(473,6,1,0),(473,8,1,0),(473,9,0,0),(473,10,0,0),(474,1,1,0),(474,5,1,0),(474,6,1,0),(474,8,1,0),(474,9,1,0),(474,10,1,0),(475,1,0,0),(475,5,0,0),(475,6,0,0),(475,8,1,0),(475,9,0,0),(475,10,0,0),(476,1,1,0),(476,5,0,0),(476,6,0,0),(476,8,1,0),(476,9,0,0),(476,10,0,0),(477,2,0,0),(477,3,0,0),(477,5,1,0),(477,7,0,0),(477,8,1,0),(477,9,0,0),(477,10,1,0),(478,2,0,0),(478,3,0,0),(478,5,0,0),(478,7,0,0),(478,8,0,0),(478,9,0,0),(478,10,0,0),(479,2,0,0),(479,3,1,0),(479,5,1,1),(479,7,1,0),(479,8,1,0),(479,9,1,0),(479,10,1,0),(480,2,0,0),(480,3,0,0),(480,5,1,0),(480,7,1,0),(480,8,0,0),(480,9,1,1),(480,10,1,0),(481,2,0,0),(481,3,0,0),(481,5,1,0),(481,7,1,0),(481,8,1,0),(481,9,0,0),(481,10,1,0),(482,2,0,0),(482,3,1,0),(482,5,0,0),(482,7,1,0),(482,8,1,0),(482,9,1,0),(482,10,1,0),(483,1,1,0),(483,5,0,0),(483,6,0,0),(483,8,1,0),(483,9,1,0),(483,10,1,0),(484,1,0,0),(484,5,1,0),(484,6,0,0),(484,8,0,0),(484,9,0,0),(484,10,0,0),(485,2,0,0),(485,3,1,0),(485,5,1,0),(485,7,1,0),(485,8,1,0),(485,9,1,1),(485,10,1,0),(486,1,0,0),(486,5,0,0),(486,6,1,0),(486,8,1,0),(486,9,0,0),(486,10,0,0),(487,2,0,0),(487,3,1,0),(487,5,1,0),(487,7,1,0),(487,8,1,0),(487,9,1,1),(487,10,1,1),(488,2,0,0),(488,3,1,0),(488,5,1,0),(488,7,1,0),(488,8,1,0),(488,9,1,0),(488,10,1,0),(489,1,1,0),(489,5,1,0),(489,6,1,0),(489,8,1,0),(489,9,1,0),(489,10,0,0),(490,2,0,0),(490,3,1,0),(490,5,0,0),(490,7,1,0),(490,8,0,0),(490,9,1,0),(490,10,1,0),(491,1,0,0),(491,5,1,0),(491,6,1,0),(491,8,1,0),(491,9,1,0),(491,10,1,0),(492,1,0,0),(492,5,0,0),(492,6,0,0),(492,8,1,0),(492,9,1,0),(492,10,1,0),(493,1,1,0),(493,5,0,0),(493,6,0,0),(493,8,0,0),(493,9,0,0),(493,10,0,0),(494,2,0,0),(494,3,1,0),(494,5,0,0),(494,7,1,0),(494,8,1,0),(494,9,1,0),(494,10,1,0),(495,1,0,0),(495,5,0,0),(495,6,0,0),(495,8,0,0),(495,9,1,0),(495,10,0,0),(496,1,0,0),(496,5,1,0),(496,6,1,0),(496,8,1,0),(496,9,0,0),(496,10,0,0),(497,1,0,0),(497,5,1,0),(497,6,1,0),(497,8,0,0),(497,9,1,0),(497,10,0,0),(498,1,0,0),(498,5,0,0),(498,6,1,0),(498,8,1,0),(498,9,1,0),(498,10,1,0),(499,2,0,0),(499,3,1,0),(499,5,1,0),(499,7,1,0),(499,8,1,0),(499,9,1,0),(499,10,0,0),(500,1,1,0),(500,5,1,0),(500,6,0,0),(500,8,1,0),(500,9,1,0),(500,10,0,0),(501,1,0,0),(501,5,0,0),(501,6,0,0),(501,8,0,0),(501,9,1,0),(501,10,1,1),(502,1,0,0),(502,5,0,0),(502,6,0,0),(502,8,0,0),(502,9,1,0),(502,10,0,0),(503,2,0,0),(503,3,0,0),(503,5,0,0),(503,7,0,0),(503,8,0,0),(503,9,0,0),(503,10,0,0),(504,2,0,0),(504,3,1,0),(504,5,1,0),(504,7,1,0),(504,8,1,0),(504,9,1,0),(504,10,1,0),(505,1,0,0),(505,5,1,0),(505,6,0,0),(505,8,1,0),(505,9,0,0),(505,10,1,0),(506,1,1,0),(506,5,1,0),(506,6,1,0),(506,8,1,0),(506,9,0,0),(506,10,1,0),(507,1,0,0),(507,5,0,0),(507,6,0,0),(507,8,0,0),(507,9,1,0),(507,10,0,0),(508,2,0,0),(508,3,0,0),(508,5,0,0),(508,7,0,0),(508,8,1,0),(508,9,0,0),(508,10,1,0),(509,1,1,0),(509,5,1,0),(509,6,1,0),(509,8,0,0),(509,9,1,0),(509,10,1,0),(510,1,1,0),(510,5,1,0),(510,6,1,0),(510,8,0,0),(510,9,1,0),(510,10,0,0),(511,1,0,0),(511,5,0,0),(511,6,1,0),(511,8,0,0),(511,9,1,0),(511,10,1,0),(512,1,1,0),(512,5,1,0),(512,6,1,0),(512,8,0,0),(512,9,1,0),(512,10,1,0),(513,2,0,0),(513,3,0,0),(513,5,0,0),(513,7,0,0),(513,8,0,0),(513,9,0,0),(513,10,1,0),(514,1,1,1),(514,5,1,1),(514,6,1,0),(514,8,1,0),(514,9,1,0),(514,10,1,1),(515,2,0,0),(515,3,0,0),(515,5,0,0),(515,7,0,0),(515,8,0,0),(515,9,0,0),(515,10,0,0),(516,1,1,0),(516,5,1,0),(516,6,1,0),(516,8,1,0),(516,9,0,0),(516,10,0,0),(517,1,0,0),(517,5,1,0),(517,6,1,0),(517,8,1,0),(517,9,1,0),(517,10,1,0),(518,2,0,0),(518,3,0,0),(518,5,0,0),(518,7,0,0),(518,8,0,0),(518,9,1,0),(518,10,1,0),(519,1,1,0),(519,5,1,0),(519,6,1,0),(519,8,1,0),(519,9,0,0),(519,10,1,0),(520,2,0,0),(520,3,1,0),(520,5,1,1),(520,7,1,0),(520,8,1,0),(520,9,1,0),(520,10,1,1),(521,2,0,0),(521,3,0,0),(521,5,0,0),(521,7,0,0),(521,8,0,0),(521,9,0,0),(521,10,1,0),(522,1,0,0),(522,5,0,0),(522,6,0,0),(522,8,1,0),(522,9,1,0),(522,10,1,0),(523,2,0,0),(523,3,0,0),(523,5,1,0),(523,7,1,0),(523,8,1,0),(523,9,1,0),(523,10,0,0),(524,1,1,0),(524,5,1,0),(524,6,0,0),(524,8,1,0),(524,9,1,0),(524,10,1,0),(525,2,0,0),(525,3,0,0),(525,5,1,0),(525,7,1,0),(525,8,1,0),(525,9,1,0),(525,10,0,0),(526,1,0,0),(526,5,1,0),(526,6,1,0),(526,8,1,0),(526,9,0,0),(526,10,0,0),(527,2,0,0),(527,3,0,0),(527,5,0,0),(527,7,1,0),(527,8,0,0),(527,9,1,0),(527,10,0,0),(528,1,1,0),(528,5,0,0),(528,6,1,0),(528,8,1,0),(528,9,1,0),(528,10,1,0),(529,2,0,0),(529,3,0,0),(529,5,0,0),(529,7,0,0),(529,8,1,0),(529,9,1,0),(529,10,0,0),(530,1,1,0),(530,5,1,1),(530,6,0,0),(530,8,1,0),(530,9,1,0),(530,10,1,1),(531,2,1,1),(531,3,1,0),(531,4,1,0),(531,7,1,0),(531,8,1,0),(531,9,1,0),(531,10,1,0),(532,1,1,0),(532,5,1,0),(532,6,1,0),(532,8,1,0),(532,9,1,0),(532,10,1,0),(533,1,0,0),(533,5,1,0),(533,6,1,0),(533,8,1,0),(533,9,1,0),(533,10,1,0),(534,1,1,0),(534,5,1,0),(534,6,1,0),(534,8,1,0),(534,9,1,0),(534,10,0,0),(535,1,1,0),(535,5,1,0),(535,6,1,0),(535,8,1,0),(535,9,1,0),(535,10,0,0),(536,1,1,0),(536,5,1,0),(536,6,1,1),(536,8,1,0),(536,9,1,0),(536,10,1,0),(537,2,0,0),(537,3,0,0),(537,5,1,0),(537,7,1,0),(537,8,1,0),(537,9,1,0),(537,10,1,0),(538,2,0,0),(538,3,0,0),(538,5,0,0),(538,7,1,0),(538,8,1,0),(538,9,1,0),(538,10,1,0),(539,2,0,0),(539,3,1,0),(539,5,1,1),(539,7,1,0),(539,8,1,0),(539,9,1,1),(539,10,1,0),(540,1,1,0),(540,5,0,0),(540,6,1,0),(540,8,1,0),(540,9,0,0),(540,10,1,0),(541,1,1,0),(541,5,0,0),(541,6,0,0),(541,8,1,0),(541,9,1,0),(541,10,1,0),(542,1,0,0),(542,5,1,0),(542,6,1,0),(542,8,0,0),(542,9,0,0),(542,10,0,0),(543,2,1,0),(543,3,1,0),(543,4,1,1),(543,7,1,1),(543,8,1,1),(543,9,1,0),(543,10,1,0),(544,2,0,0),(544,3,1,0),(544,5,1,0),(544,7,1,0),(544,8,1,0),(544,9,1,0),(544,10,1,1),(545,2,0,0),(545,3,1,0),(545,5,0,0),(545,7,1,0),(545,8,1,0),(545,9,1,0),(545,10,1,0),(546,2,0,0),(546,3,1,0),(546,5,1,0),(546,7,1,0),(546,8,1,0),(546,9,1,0),(546,10,1,0),(547,2,0,0),(547,3,1,0),(547,5,1,1),(547,7,1,0),(547,8,1,0),(547,9,0,0),(547,10,1,0),(548,1,1,0),(548,5,1,0),(548,6,1,0),(548,8,0,0),(548,9,0,0),(548,10,1,0),(549,2,0,0),(549,3,0,0),(549,5,1,1),(549,7,1,0),(549,8,0,0),(549,9,1,0),(549,10,0,0),(550,2,0,0),(550,3,1,0),(550,5,1,0),(550,7,1,0),(550,8,1,0),(550,9,1,0),(550,10,1,0),(551,1,1,0),(551,5,1,1),(551,6,1,0),(551,8,1,0),(551,9,1,0),(551,10,1,0),(552,1,0,0),(552,5,1,0),(552,6,1,0),(552,8,1,0),(552,9,1,0),(552,10,1,0),(553,1,1,0),(553,5,1,0),(553,6,1,0),(553,8,1,0),(553,9,1,0),(553,10,1,0),(554,1,0,0),(554,5,0,0),(554,6,1,0),(554,8,1,0),(554,9,1,0),(554,10,0,0),(555,1,1,1),(555,5,1,0),(555,6,1,0),(555,8,1,0),(555,9,1,0),(555,10,1,0),(556,1,1,0),(556,5,0,0),(556,6,0,0),(556,8,1,0),(556,9,0,0),(556,10,1,1),(557,1,1,0),(557,5,0,0),(557,6,1,0),(557,8,1,0),(557,9,1,0),(557,10,1,0),(558,2,0,0),(558,3,1,0),(558,5,1,0),(558,7,1,0),(558,8,1,0),(558,9,1,0),(558,10,1,0),(559,1,0,0),(559,5,1,0),(559,6,1,0),(559,8,1,0),(559,9,0,0),(559,10,1,0),(560,1,0,0),(560,5,1,0),(560,6,1,0),(560,8,1,0),(560,9,1,0),(560,10,1,0),(561,2,0,0),(561,3,1,0),(561,5,1,0),(561,7,1,0),(561,8,1,0),(561,9,0,0),(561,10,1,0),(562,1,1,0),(562,5,1,0),(562,6,1,0),(562,8,1,0),(562,9,1,0),(562,10,1,0),(563,2,0,0),(563,3,1,0),(563,5,1,0),(563,7,1,0),(563,8,0,0),(563,9,0,0),(563,10,0,0),(564,1,0,0),(564,5,0,0),(564,6,0,0),(564,8,0,0),(564,9,1,0),(564,10,0,0),(565,1,1,0),(565,5,1,1),(565,6,1,0),(565,8,1,0),(565,9,1,0),(565,10,1,0),(566,1,0,0),(566,5,0,0),(566,6,0,0),(566,8,1,0),(566,9,0,0),(566,10,0,0),(567,1,0,0),(567,5,1,0),(567,6,1,1),(567,8,1,0),(567,9,1,0),(567,10,1,0),(568,2,0,0),(568,3,1,0),(568,5,1,0),(568,7,0,0),(568,8,0,0),(568,9,1,0),(568,10,1,0),(569,1,0,0),(569,5,1,0),(569,6,1,0),(569,8,1,0),(569,9,0,0),(569,10,0,0),(570,1,1,0),(570,5,1,0),(570,6,1,0),(570,8,1,0),(570,9,0,0),(570,10,1,0),(571,1,0,0),(571,5,0,0),(571,6,0,0),(571,8,1,0),(571,9,0,0),(571,10,0,0),(572,1,0,0),(572,5,0,0),(572,6,0,0),(572,8,0,0),(572,9,0,0),(572,10,1,0),(573,1,1,0),(573,5,1,0),(573,6,1,0),(573,8,1,0),(573,9,1,0),(573,10,1,0),(574,2,0,0),(574,3,1,0),(574,4,1,1),(574,7,1,0),(574,8,1,0),(574,9,1,0),(574,10,1,0),(575,2,0,0),(575,3,1,0),(575,5,1,0),(575,7,0,0),(575,8,1,0),(575,9,1,0),(575,10,1,0),(576,1,0,0),(576,5,0,0),(576,6,1,0),(576,8,0,0),(576,9,1,0),(576,10,0,0),(577,1,1,0),(577,5,1,0),(577,6,1,0),(577,8,1,0),(577,9,1,0),(577,10,1,0),(578,2,0,0),(578,3,0,0),(578,5,0,0),(578,7,0,0),(578,8,0,0),(578,9,1,1),(578,10,1,0),(579,1,0,0),(579,5,0,0),(579,6,0,0),(579,8,1,0),(579,9,0,0),(579,10,0,0),(580,2,0,0),(580,3,1,0),(580,5,0,0),(580,7,0,0),(580,8,1,0),(580,9,1,0),(580,10,1,0),(581,1,1,0),(581,5,1,0),(581,6,1,0),(581,8,1,0),(581,9,1,0),(581,10,1,0),(582,2,0,0),(582,3,1,0),(582,5,1,0),(582,7,1,0),(582,8,1,0),(582,9,1,0),(582,10,1,0),(583,1,0,0),(583,5,0,0),(583,6,0,0),(583,8,0,0),(583,9,1,1),(583,10,1,0),(584,1,1,0),(584,5,0,0),(584,6,1,0),(584,8,0,0),(584,9,1,0),(584,10,1,0),(585,2,0,0),(585,3,0,0),(585,5,0,0),(585,7,0,0),(585,8,0,0),(585,9,0,0),(585,10,1,0),(586,2,0,0),(586,3,0,0),(586,5,1,0),(586,7,1,0),(586,8,1,0),(586,9,1,0),(586,10,1,0),(587,2,0,0),(587,3,0,0),(587,5,0,0),(587,7,1,0),(587,8,1,0),(587,9,0,0),(587,10,0,0),(588,1,0,0),(588,5,1,0),(588,6,1,0),(588,8,1,0),(588,9,1,0),(588,10,1,0),(589,1,0,0),(589,5,1,0),(589,6,1,0),(589,8,0,0),(589,9,1,0),(589,10,1,0),(590,2,0,0),(590,3,1,0),(590,5,1,0),(590,7,1,0),(590,8,1,0),(590,9,1,0),(590,10,1,0),(591,1,0,0),(591,5,1,0),(591,6,1,0),(591,8,1,0),(591,9,0,0),(591,10,1,0),(592,2,0,0),(592,3,1,0),(592,5,1,0),(592,7,1,0),(592,8,1,0),(592,9,1,0),(592,10,1,0),(593,2,0,0),(593,3,1,0),(593,5,1,0),(593,7,1,0),(593,8,1,0),(593,9,1,0),(593,10,1,0),(594,2,0,0),(594,3,1,0),(594,5,1,0),(594,7,1,0),(594,8,0,0),(594,9,1,0),(594,10,0,0),(595,1,0,0),(595,5,0,0),(595,6,1,0),(595,8,0,0),(595,9,0,0),(595,10,1,1),(596,2,0,0),(596,3,0,0),(596,5,1,0),(596,7,1,0),(596,8,0,0),(596,9,0,0),(596,10,0,0),(597,2,0,0),(597,3,0,0),(597,5,0,0),(597,7,1,0),(597,8,1,0),(597,9,0,0),(597,10,1,0),(598,2,0,0),(598,3,0,0),(598,5,0,0),(598,7,0,0),(598,8,0,0),(598,9,1,1),(598,10,1,0),(599,1,1,0),(599,5,1,0),(599,6,1,0),(599,8,1,0),(599,9,1,0),(599,10,0,0),(600,1,0,0),(600,5,0,0),(600,6,0,0),(600,8,1,0),(600,9,0,0),(600,10,0,0),(601,1,0,0),(601,5,1,0),(601,6,1,0),(601,8,1,0),(601,9,1,0),(601,10,1,0),(602,2,1,0),(602,3,1,0),(602,5,1,0),(602,7,1,0),(602,8,1,0),(602,9,1,0),(602,10,1,0),(603,1,0,0),(603,5,0,0),(603,6,0,0),(603,8,0,0),(603,9,0,0),(603,10,0,0),(604,1,0,0),(604,5,0,0),(604,6,1,0),(604,8,1,0),(604,9,1,0),(604,10,1,0),(605,1,0,0),(605,5,0,0),(605,6,1,0),(605,8,0,0),(605,9,0,0),(605,10,0,0),(606,2,0,0),(606,3,1,1),(606,5,1,0),(606,7,1,1),(606,8,1,0),(606,9,1,0),(606,10,1,0),(607,2,0,0),(607,3,0,0),(607,5,1,0),(607,7,1,0),(607,8,0,0),(607,9,0,0),(607,10,0,0),(608,2,0,0),(608,3,1,0),(608,5,1,0),(608,7,1,0),(608,8,1,0),(608,9,1,0),(608,10,1,0),(609,2,0,0),(609,3,1,0),(609,5,1,0),(609,7,1,0),(609,8,1,0),(609,9,1,0),(609,10,1,0),(610,1,0,0),(610,5,1,0),(610,6,1,0),(610,8,1,0),(610,9,1,0),(610,10,1,0),(611,1,1,0),(611,5,1,0),(611,6,1,0),(611,8,1,0),(611,9,1,0),(611,10,1,0),(612,1,0,0),(612,5,1,0),(612,6,0,0),(612,8,1,0),(612,9,1,0),(612,10,1,0),(613,2,0,0),(613,3,1,0),(613,5,1,0),(613,7,1,0),(613,8,1,0),(613,9,1,0),(613,10,1,1),(614,1,0,0),(614,5,0,0),(614,6,0,0),(614,8,0,0),(614,9,1,0),(614,10,1,0),(615,1,1,0),(615,5,1,0),(615,6,1,0),(615,8,1,0),(615,9,1,0),(615,10,1,0),(616,1,1,0),(616,5,1,0),(616,6,1,0),(616,8,1,0),(616,9,1,0),(616,10,1,0),(617,1,1,0),(617,5,0,0),(617,6,1,0),(617,8,1,0),(617,9,0,0),(617,10,0,0),(618,2,0,0),(618,3,0,0),(618,5,0,0),(618,7,0,0),(618,8,0,0),(618,9,1,0),(618,10,1,0),(619,2,0,0),(619,3,0,0),(619,5,1,0),(619,7,1,0),(619,8,1,0),(619,9,1,0),(619,10,0,0),(620,1,0,0),(620,5,1,0),(620,6,1,0),(620,8,1,0),(620,9,1,0),(620,10,1,0),(621,2,0,0),(621,3,1,0),(621,5,0,0),(621,7,1,0),(621,8,1,0),(621,9,1,0),(621,10,0,0),(622,2,0,0),(622,3,0,0),(622,5,1,0),(622,7,1,0),(622,8,1,0),(622,9,1,0),(622,10,0,0),(623,1,1,0),(623,5,1,0),(623,6,1,0),(623,8,1,0),(623,9,1,0),(623,10,1,0),(624,2,0,0),(624,3,1,1),(624,5,0,0),(624,7,0,0),(624,8,1,1),(624,9,1,0),(624,10,1,0),(625,1,1,0),(625,5,1,0),(625,6,0,0),(625,8,0,0),(625,9,1,0),(625,10,0,0),(626,1,0,0),(626,5,1,0),(626,6,1,0),(626,8,0,0),(626,9,0,0),(626,10,0,0),(627,1,0,0),(627,5,1,0),(627,6,1,0),(627,8,1,0),(627,9,1,0),(627,10,1,0),(628,1,1,0),(628,5,1,0),(628,6,1,0),(628,8,0,0),(628,9,1,0),(628,10,0,0),(629,2,0,0),(629,3,1,0),(629,5,0,0),(629,7,0,0),(629,8,0,0),(629,9,1,0),(629,10,1,0),(630,2,0,0),(630,3,0,0),(630,5,0,0),(630,7,0,0),(630,8,0,0),(630,9,0,0),(630,10,0,0),(631,1,0,0),(631,5,1,0),(631,6,1,1),(631,8,0,0),(631,9,1,0),(631,10,0,0),(632,2,1,0),(632,3,0,0),(632,4,0,0),(632,7,0,0),(632,8,0,0),(632,9,1,0),(632,10,1,0),(633,2,0,0),(633,3,1,0),(633,5,1,1),(633,7,1,0),(633,8,1,0),(633,9,1,0),(633,10,1,0),(634,1,1,0),(634,5,1,0),(634,6,1,1),(634,8,1,0),(634,9,0,0),(634,10,1,0),(635,1,1,0),(635,5,0,0),(635,6,1,0),(635,8,1,0),(635,9,0,0),(635,10,0,0),(636,1,1,0),(636,5,0,0),(636,6,0,0),(636,8,1,0),(636,9,1,0),(636,10,1,0),(637,1,0,0),(637,5,0,0),(637,6,1,0),(637,8,0,0),(637,9,0,0),(637,10,0,0),(638,2,0,0),(638,3,1,0),(638,5,1,0),(638,7,1,0),(638,8,1,0),(638,9,1,0),(638,10,1,0),(639,2,0,0),(639,3,1,0),(639,5,1,0),(639,7,1,1),(639,8,1,0),(639,9,1,1),(639,10,1,1),(640,2,0,0),(640,3,1,0),(640,5,1,0),(640,7,1,0),(640,8,1,0),(640,9,1,0),(640,10,1,0),(641,2,0,0),(641,3,1,0),(641,5,1,0),(641,7,1,0),(641,8,1,0),(641,9,0,0),(641,10,0,0),(642,1,1,0),(642,5,1,0),(642,6,0,0),(642,8,1,0),(642,9,1,0),(642,10,1,0),(643,2,0,0),(643,3,1,0),(643,5,1,1),(643,7,1,0),(643,8,1,0),(643,9,1,0),(643,10,1,0),(644,2,0,0),(644,3,1,0),(644,5,1,0),(644,7,1,1),(644,8,1,1),(644,9,1,1),(644,10,1,0),(645,2,0,0),(645,3,1,0),(645,4,0,0),(645,7,1,0),(645,8,0,0),(645,9,0,0),(645,10,1,0),(646,2,0,1),(646,3,1,0),(646,5,1,0),(646,7,1,1),(646,8,1,0),(646,9,1,1),(646,10,1,0),(647,1,0,0),(647,5,1,0),(647,6,1,0),(647,8,0,0),(647,9,0,0),(647,10,1,0),(648,2,0,0),(648,3,0,0),(648,5,0,0),(648,7,0,0),(648,8,1,0),(648,9,0,0),(648,10,0,0),(649,2,0,0),(649,3,0,0),(649,4,0,0),(649,7,0,0),(649,8,0,0),(649,9,1,0),(649,10,1,0),(650,2,0,0),(650,3,0,0),(650,5,0,0),(650,7,1,0),(650,8,1,0),(650,9,1,0),(650,10,0,0),(651,1,0,0),(651,5,1,1),(651,6,1,0),(651,8,1,0),(651,9,1,0),(651,10,1,1),(652,2,0,0),(652,3,1,0),(652,5,1,1),(652,7,1,0),(652,8,1,0),(652,9,1,1),(652,10,1,0),(653,1,1,0),(653,5,1,0),(653,6,1,0),(653,8,0,0),(653,9,1,0),(653,10,1,0),(654,2,0,0),(654,3,1,0),(654,5,1,0),(654,7,1,0),(654,8,1,0),(654,9,0,0),(654,10,1,0),(655,1,0,0),(655,5,0,0),(655,6,1,0),(655,8,0,0),(655,9,0,0),(655,10,0,0),(656,2,0,0),(656,3,0,0),(656,5,1,0),(656,7,1,0),(656,8,1,1),(656,9,0,0),(656,10,1,0),(657,1,1,0),(657,5,1,0),(657,6,1,0),(657,8,1,0),(657,9,1,0),(657,10,1,0),(658,2,0,0),(658,3,0,0),(658,5,0,0),(658,7,0,0),(658,8,1,0),(658,9,0,0),(658,10,0,0),(659,2,0,0),(659,3,1,0),(659,5,0,0),(659,7,1,0),(659,8,0,0),(659,9,1,0),(659,10,1,0),(660,1,1,0),(660,5,1,0),(660,6,1,0),(660,8,1,0),(660,9,0,0),(660,10,1,0),(661,1,0,0),(661,5,0,0),(661,6,1,0),(661,8,0,0),(661,9,0,0),(661,10,0,0),(662,1,0,0),(662,5,0,0),(662,6,1,0),(662,8,0,0),(662,9,0,0),(662,10,0,0),(663,2,0,0),(663,3,0,0),(663,5,0,0),(663,7,0,0),(663,8,0,0),(663,9,1,0),(663,10,1,0),(664,1,1,0),(664,5,1,0),(664,6,1,0),(664,8,0,0),(664,9,0,0),(664,10,0,0),(665,1,1,0),(665,5,1,0),(665,6,1,0),(665,8,0,0),(665,9,1,1),(665,10,1,1),(666,2,0,0),(666,3,1,0),(666,5,1,0),(666,7,1,0),(666,8,1,1),(666,9,1,0),(666,10,0,0),(667,2,0,0),(667,3,0,0),(667,5,1,0),(667,7,1,0),(667,8,0,0),(667,9,0,0),(667,10,0,0),(668,2,0,0),(668,3,0,0),(668,5,1,0),(668,7,0,0),(668,8,0,0),(668,9,1,1),(668,10,1,0),(669,1,1,0),(669,5,0,0),(669,6,0,0),(669,8,1,0),(669,9,0,0),(669,10,1,0),(670,1,1,0),(670,5,1,0),(670,6,1,0),(670,8,1,0),(670,9,1,0),(670,10,1,1),(671,2,0,0),(671,3,0,0),(671,5,1,0),(671,7,1,0),(671,8,1,0),(671,9,1,0),(671,10,0,0),(672,2,0,0),(672,3,1,0),(672,5,0,0),(672,7,0,0),(672,8,0,0),(672,9,1,0),(672,10,0,0),(673,2,0,0),(673,3,0,0),(673,5,0,0),(673,7,0,0),(673,8,1,0),(673,9,0,0),(673,10,0,0),(674,2,0,0),(674,3,0,0),(674,5,1,0),(674,7,0,0),(674,8,0,0),(674,9,0,0),(674,10,0,0),(675,2,0,0),(675,3,0,0),(675,5,1,0),(675,7,1,0),(675,8,1,0),(675,9,0,0),(675,10,0,0),(676,1,0,0),(676,5,0,0),(676,6,1,0),(676,8,0,0),(676,9,1,0),(676,10,0,0),(677,1,0,0),(677,5,1,0),(677,6,1,0),(677,8,0,0),(677,9,1,0),(677,10,1,0),(678,2,0,0),(678,3,1,0),(678,5,0,0),(678,7,1,0),(678,8,0,0),(678,9,1,0),(678,10,1,0),(679,1,0,0),(679,5,0,0),(679,6,0,0),(679,8,0,0),(679,9,1,0),(679,10,0,0),(680,2,0,0),(680,3,0,0),(680,5,1,0),(680,7,1,0),(680,8,1,0),(680,9,0,0),(680,10,0,0),(681,2,0,0),(681,3,1,0),(681,5,0,0),(681,7,1,0),(681,8,1,0),(681,9,1,0),(681,10,1,0),(682,1,0,0),(682,5,1,0),(682,6,1,0),(682,8,0,0),(682,9,0,0),(682,10,0,0),(683,1,0,0),(683,5,1,0),(683,6,1,0),(683,8,1,0),(683,9,1,0),(683,10,1,0),(684,1,1,0),(684,5,0,0),(684,6,1,0),(684,8,1,0),(684,9,0,0),(684,10,0,0),(685,2,0,0),(685,3,1,0),(685,5,0,0),(685,7,0,0),(685,8,0,0),(685,9,1,0),(685,10,1,0),(686,1,0,0),(686,5,1,0),(686,6,0,0),(686,8,1,0),(686,9,1,0),(686,10,0,0),(687,1,1,0),(687,5,1,1),(687,6,0,0),(687,8,0,0),(687,9,0,0),(687,10,1,0),(688,1,1,0),(688,5,0,0),(688,6,1,0),(688,8,1,0),(688,9,0,0),(688,10,0,0),(689,1,0,0),(689,5,0,0),(689,6,1,0),(689,8,0,0),(689,9,1,0),(689,10,0,0),(690,2,1,0),(690,3,1,0),(690,5,1,0),(690,7,1,0),(690,8,1,0),(690,9,1,0),(690,10,1,0),(691,2,0,0),(691,3,0,0),(691,5,1,0),(691,7,0,0),(691,8,0,0),(691,9,1,0),(691,10,1,0),(692,2,0,0),(692,3,1,0),(692,5,1,0),(692,7,1,0),(692,8,1,0),(692,9,1,0),(692,10,1,0),(693,2,0,0),(693,3,1,0),(693,5,1,0),(693,7,1,0),(693,8,1,0),(693,9,1,0),(693,10,1,0),(694,1,0,0),(694,5,0,0),(694,6,1,1),(694,8,1,1),(694,9,1,0),(694,10,1,1),(695,1,1,0),(695,5,1,0),(695,6,1,0),(695,8,1,0),(695,9,1,0),(695,10,1,0),(696,1,1,0),(696,5,1,0),(696,6,1,0),(696,8,1,0),(696,9,0,0),(696,10,0,0),(697,1,1,0),(697,5,0,0),(697,6,0,0),(697,8,0,0),(697,9,1,0),(697,10,0,0),(698,2,0,0),(698,3,1,0),(698,5,1,0),(698,7,1,0),(698,8,1,0),(698,9,1,0),(698,10,1,1),(699,2,0,0),(699,3,1,0),(699,5,1,0),(699,7,1,0),(699,8,1,0),(699,9,1,0),(699,10,1,1),(700,2,0,0),(700,3,1,0),(700,5,1,0),(700,7,1,0),(700,8,1,0),(700,9,1,0),(700,10,1,1),(701,1,1,0),(701,5,1,0),(701,6,1,1),(701,8,1,0),(701,9,0,0),(701,10,0,0),(702,1,0,0),(702,5,0,0),(702,6,1,0),(702,8,1,0),(702,9,0,0),(702,10,0,0),(703,1,0,0),(703,5,1,0),(703,6,1,0),(703,8,1,0),(703,9,0,0),(703,10,0,0),(704,1,1,0),(704,5,1,0),(704,6,1,0),(704,8,1,0),(704,9,1,1),(704,10,1,0),(705,1,0,0),(705,5,0,0),(705,6,0,0),(705,8,0,0),(705,9,1,0),(705,10,0,0),(706,1,0,0),(706,5,1,0),(706,6,1,0),(706,8,1,0),(706,9,0,0),(706,10,1,0),(707,2,0,0),(707,3,1,0),(707,5,0,0),(707,7,0,0),(707,8,0,0),(707,9,0,0),(707,10,0,0),(708,2,0,0),(708,3,1,0),(708,5,1,0),(708,7,1,0),(708,8,1,0),(708,9,1,1),(708,10,0,0),(709,1,1,0),(709,5,1,0),(709,6,1,0),(709,8,1,0),(709,9,1,0),(709,10,1,0),(710,2,0,0),(710,3,1,0),(710,5,1,0),(710,7,1,0),(710,8,1,0),(710,9,1,0),(710,10,1,0),(711,1,0,0),(711,5,1,0),(711,6,1,0),(711,8,1,0),(711,9,1,0),(711,10,1,0),(712,2,0,0),(712,3,0,0),(712,5,1,0),(712,7,1,0),(712,8,0,0),(712,9,1,0),(712,10,0,0),(713,2,0,0),(713,3,1,0),(713,5,1,1),(713,7,1,1),(713,8,1,1),(713,9,1,1),(713,10,1,1),(714,2,0,0),(714,3,1,0),(714,5,1,0),(714,7,1,0),(714,8,1,0),(714,9,1,0),(714,10,1,0),(715,1,1,0),(715,5,1,0),(715,6,1,0),(715,8,1,0),(715,9,1,0),(715,10,1,0),(716,1,0,0),(716,5,0,0),(716,6,1,0),(716,8,1,0),(716,9,1,0),(716,10,1,0),(717,1,0,0),(717,5,1,0),(717,6,1,1),(717,8,1,0),(717,9,0,0),(717,10,1,1),(718,1,0,0),(718,5,0,0),(718,6,1,0),(718,8,1,0),(718,9,1,0),(718,10,1,0),(719,1,0,0),(719,5,1,1),(719,6,1,0),(719,8,1,0),(719,9,0,0),(719,10,0,0),(720,2,0,0),(720,3,1,0),(720,5,1,0),(720,7,0,0),(720,8,0,0),(720,9,1,0),(720,10,1,0),(721,2,1,0),(721,3,1,0),(721,5,1,0),(721,7,1,0),(721,8,1,0),(721,9,1,1),(721,10,1,0),(722,2,0,0),(722,3,1,0),(722,5,0,0),(722,7,0,0),(722,8,1,0),(722,9,1,0),(722,10,0,0),(723,1,1,0),(723,5,0,0),(723,6,1,0),(723,8,1,0),(723,9,0,0),(723,10,0,0),(724,2,0,0),(724,3,0,0),(724,5,0,0),(724,7,0,0),(724,8,0,0),(724,9,0,0),(724,10,0,0),(725,1,0,0),(725,5,0,0),(725,6,0,0),(725,8,0,0),(725,9,0,0),(725,10,0,0),(726,1,1,0),(726,5,1,0),(726,6,0,0),(726,8,0,0),(726,9,0,0),(726,10,0,0),(727,2,0,0),(727,3,0,0),(727,5,0,0),(727,7,1,0),(727,8,1,0),(727,9,1,1),(727,10,1,0),(728,1,0,0),(728,5,0,0),(728,6,1,0),(728,8,1,0),(728,9,0,0),(728,10,1,0),(729,1,1,0),(729,5,1,0),(729,6,1,0),(729,8,1,0),(729,9,1,0),(729,10,1,1),(730,1,1,0),(730,5,1,0),(730,6,1,0),(730,8,1,0),(730,9,0,0),(730,10,0,0),(731,1,0,0),(731,5,1,0),(731,6,1,0),(731,8,0,0),(731,9,0,0),(731,10,0,0),(732,2,0,0),(732,3,1,0),(732,5,1,0),(732,7,1,0),(732,8,1,0),(732,9,1,0),(732,10,1,0),(733,2,0,0),(733,3,0,0),(733,5,1,0),(733,7,1,0),(733,8,1,0),(733,9,1,0),(733,10,1,0),(734,1,1,0),(734,5,0,0),(734,6,1,0),(734,8,0,0),(734,9,0,0),(734,10,0,0),(735,2,0,0),(735,3,1,0),(735,5,1,1),(735,7,1,0),(735,8,1,0),(735,9,1,0),(735,10,1,0),(736,1,0,0),(736,5,0,0),(736,6,1,0),(736,8,0,0),(736,9,0,0),(736,10,0,0),(737,2,0,0),(737,3,0,0),(737,5,1,0),(737,7,0,0),(737,8,1,0),(737,9,0,0),(737,10,0,0),(738,2,0,0),(738,3,0,0),(738,5,1,0),(738,7,1,0),(738,8,1,0),(738,9,1,1),(738,10,1,0),(739,1,1,0),(739,5,1,0),(739,6,1,0),(739,8,0,0),(739,9,1,0),(739,10,0,0),(740,1,0,0),(740,5,1,0),(740,6,1,0),(740,8,1,0),(740,9,1,0),(740,10,0,0),(741,1,1,0),(741,5,1,0),(741,6,0,0),(741,8,1,0),(741,9,1,1),(741,10,1,0),(742,1,0,0),(742,5,1,0),(742,6,1,0),(742,8,1,0),(742,9,1,0),(742,10,1,0),(743,1,0,0),(743,5,0,0),(743,6,1,0),(743,8,0,0),(743,9,0,0),(743,10,0,0),(744,2,0,0),(744,3,0,0),(744,5,0,0),(744,7,0,0),(744,8,0,0),(744,9,0,0),(744,10,0,0),(745,2,0,0),(745,3,1,0),(745,5,1,0),(745,7,1,0),(745,8,1,0),(745,9,1,0),(745,10,0,0),(746,1,1,0),(746,5,1,0),(746,6,1,0),(746,8,1,0),(746,9,1,0),(746,10,1,0),(747,2,0,0),(747,3,1,0),(747,4,1,1),(747,7,1,0),(747,8,1,0),(747,9,1,0),(747,10,1,0),(748,1,1,0),(748,5,0,0),(748,6,0,0),(748,8,0,0),(748,9,1,0),(748,10,1,0),(749,1,1,0),(749,5,1,0),(749,6,1,0),(749,8,0,0),(749,9,0,0),(749,10,0,0),(750,2,0,0),(750,3,1,0),(750,4,1,0),(750,7,1,1),(750,8,1,0),(750,9,1,1),(750,10,0,1),(751,2,0,0),(751,3,0,0),(751,5,0,0),(751,7,1,0),(751,8,1,0),(751,9,0,0),(751,10,1,0),(752,2,0,0),(752,3,0,0),(752,5,1,0),(752,7,1,0),(752,8,1,0),(752,9,1,0),(752,10,1,0),(753,2,0,0),(753,3,1,0),(753,5,1,0),(753,7,1,0),(753,8,1,0),(753,9,0,0),(753,10,1,0),(754,2,0,0),(754,3,1,0),(754,5,0,0),(754,7,1,1),(754,8,1,0),(754,9,1,0),(754,10,1,0),(755,1,1,0),(755,5,1,0),(755,6,1,0),(755,8,1,0),(755,9,1,0),(755,10,1,0),(756,1,0,0),(756,5,1,0),(756,6,1,0),(756,8,1,0),(756,9,1,0),(756,10,1,0),(757,2,0,0),(757,3,1,0),(757,5,1,0),(757,7,1,0),(757,8,1,0),(757,9,1,0),(757,10,1,0),(758,1,1,0),(758,5,0,0),(758,6,1,0),(758,8,0,0),(758,9,1,0),(758,10,0,0),(759,1,0,0),(759,5,0,0),(759,6,0,0),(759,8,0,0),(759,9,1,0),(759,10,1,0),(760,1,0,0),(760,5,1,0),(760,6,1,0),(760,8,1,0),(760,9,1,0),(760,10,1,0),(761,2,0,0),(761,3,0,0),(761,4,1,0),(761,7,1,0),(761,8,1,0),(761,9,0,0),(761,10,0,0);
/*!40000 ALTER TABLE `Tracking` ENABLE KEYS */;
UNLOCK TABLES;
/*!40103 SET TIME_ZONE=@OLD_TIME_ZONE */;

/*!40101 SET SQL_MODE=@OLD_SQL_MODE */;
/*!40014 SET FOREIGN_KEY_CHECKS=@OLD_FOREIGN_KEY_CHECKS */;
/*!40014 SET UNIQUE_CHECKS=@OLD_UNIQUE_CHECKS */;
/*!40101 SET CHARACTER_SET_CLIENT=@OLD_CHARACTER_SET_CLIENT */;
/*!40101 SET CHARACTER_SET_RESULTS=@OLD_CHARACTER_SET_RESULTS */;
/*!40101 SET COLLATION_CONNECTION=@OLD_COLLATION_CONNECTION */;
/*!40111 SET SQL_NOTES=@OLD_SQL_NOTES */;

-- Dump completed on 2023-05-09 12:09:28
