CREATE DATABASE  IF NOT EXISTS `csemaildb` DEFAULT CHARACTER SET utf8mb4 COLLATE utf8mb4_general_ci;
USE `csemaildb`;
-- MariaDB dump 10.19  Distrib 10.4.27-MariaDB, for Win64 (AMD64)
--
-- Host: 127.0.0.1    Database: csemaildb
-- ------------------------------------------------------
-- Server version	10.4.27-MariaDB

/*!40101 SET @OLD_CHARACTER_SET_CLIENT=@@CHARACTER_SET_CLIENT */;
/*!40101 SET @OLD_CHARACTER_SET_RESULTS=@@CHARACTER_SET_RESULTS */;
/*!40101 SET @OLD_COLLATION_CONNECTION=@@COLLATION_CONNECTION */;
/*!40101 SET NAMES utf8 */;
/*!40103 SET @OLD_TIME_ZONE=@@TIME_ZONE */;
/*!40103 SET TIME_ZONE='+00:00' */;
/*!40014 SET @OLD_UNIQUE_CHECKS=@@UNIQUE_CHECKS, UNIQUE_CHECKS=0 */;
/*!40014 SET @OLD_FOREIGN_KEY_CHECKS=@@FOREIGN_KEY_CHECKS, FOREIGN_KEY_CHECKS=0 */;
/*!40101 SET @OLD_SQL_MODE=@@SQL_MODE, SQL_MODE='NO_AUTO_VALUE_ON_ZERO' */;
/*!40111 SET @OLD_SQL_NOTES=@@SQL_NOTES, SQL_NOTES=0 */;

--
-- Table structure for table `ActiveProgram`
--

DROP TABLE IF EXISTS `ActiveProgram`;
/*!40101 SET @saved_cs_client     = @@character_set_client */;
/*!40101 SET character_set_client = utf8 */;
CREATE TABLE `ActiveProgram` (
  `ID` int(11) NOT NULL AUTO_INCREMENT,
  `ActiveProgram` varchar(255) DEFAULT NULL,
  PRIMARY KEY (`ID`)
) ENGINE=InnoDB AUTO_INCREMENT=15 DEFAULT CHARSET=latin1 COLLATE=latin1_swedish_ci;
/*!40101 SET character_set_client = @saved_cs_client */;

--
-- Dumping data for table `ActiveProgram`
--

LOCK TABLES `ActiveProgram` WRITE;
/*!40000 ALTER TABLE `ActiveProgram` DISABLE KEYS */;
INSERT INTO `ActiveProgram` VALUES (1,'BS.COMPUTER/SCI.22'),(2,'BS.INFOTEC/CYBERS.22'),(3,'BS.COMPSCI/CYBERS.22'),(4,'BS.COMPSCI/DATSCI.22'),(5,'BS.INFO/TECH.22'),(6,'BS.COMPUTER/SCIENCE'),(7,'MS.COMP/INFO/SYST.22'),(8,'BS.COMPSCI/INFO.22'),(9,'BS.INFO/TECH'),(10,'BS.MS/COMSC/IS/5Y.22'),(11,'MS.COMP/INFO/SYSTEMS'),(12,'BS.COMPUTERSCI/INFO'),(13,'BS.MS/INTEC/IS/5Y.22'),(14,'BS.COMPSCI/DATASCI');
/*!40000 ALTER TABLE `ActiveProgram` ENABLE KEYS */;
UNLOCK TABLES;

--
-- Table structure for table `ClassStanding`
--

DROP TABLE IF EXISTS `ClassStanding`;
/*!40101 SET @saved_cs_client     = @@character_set_client */;
/*!40101 SET character_set_client = utf8 */;
CREATE TABLE `ClassStanding` (
  `ID` int(11) NOT NULL AUTO_INCREMENT,
  `Standing` varchar(255) DEFAULT NULL,
  PRIMARY KEY (`ID`)
) ENGINE=InnoDB AUTO_INCREMENT=6 DEFAULT CHARSET=latin1 COLLATE=latin1_swedish_ci;
/*!40101 SET character_set_client = @saved_cs_client */;

--
-- Dumping data for table `ClassStanding`
--

LOCK TABLES `ClassStanding` WRITE;
/*!40000 ALTER TABLE `ClassStanding` DISABLE KEYS */;
INSERT INTO `ClassStanding` VALUES (1,'FR'),(2,'SO'),(3,'JR'),(4,'SR'),(5,'GR');
/*!40000 ALTER TABLE `ClassStanding` ENABLE KEYS */;
UNLOCK TABLES;

--
-- Table structure for table `Curriculum`
--

DROP TABLE IF EXISTS `Curriculum`;
/*!40101 SET @saved_cs_client     = @@character_set_client */;
/*!40101 SET character_set_client = utf8 */;
CREATE TABLE `Curriculum` (
  `ID` int(11) NOT NULL AUTO_INCREMENT,
  `Curriculum` varchar(255) DEFAULT NULL,
  PRIMARY KEY (`ID`)
) ENGINE=InnoDB AUTO_INCREMENT=23 DEFAULT CHARSET=latin1 COLLATE=latin1_swedish_ci;
/*!40101 SET character_set_client = @saved_cs_client */;

--
-- Dumping data for table `Curriculum`
--

LOCK TABLES `Curriculum` WRITE;
/*!40000 ALTER TABLE `Curriculum` DISABLE KEYS */;
INSERT INTO `Curriculum` VALUES (1,'COMPUTER SCIENCE'),(2,'INFO TECH-CYBERSECURITY OPT'),(3,'COMP SCI-CYBERSECURITY OPTION'),(4,'COMP SCI-DATA SCIENCE OPTION'),(5,'INFORMATION TECHNOLOGY'),(6,'COMPUTER INFORMATION SYSTEMS'),(7,'COMP SCI-INFO SYSTEMS OPTION'),(8,'COMP SCI/INFO SYS 5 YR BS/MS'),(9,'COMP SCI/INFO SYSTEMS OPTION'),(10,'INFO TECH/INFO SYS 5YR BS/MS'),(11,'COMP SCI/DATA SCIENCE OPTION'),(12,'GRAPHIC DESIGN'),(13,'MATHEMATICAL SCIENCES'),(14,'ART HISTORY'),(15,'MATHEMATICAL SCIENCE'),(16,'CYBERSECURITY'),(17,'PHILOSOPHY & REL'),(18,'HEALTH'),(19,'MANAGEMENT'),(20,'PSYCHOLOGY'),(21,'HISTORY'),(22,'CRIMINAL JUSTICE');
/*!40000 ALTER TABLE `Curriculum` ENABLE KEYS */;
UNLOCK TABLES;

--
-- Table structure for table `Email`
--

DROP TABLE IF EXISTS `Email`;
/*!40101 SET @saved_cs_client     = @@character_set_client */;
/*!40101 SET character_set_client = utf8 */;
CREATE TABLE `Email` (
  `ID` int(11) NOT NULL AUTO_INCREMENT,
  `SemesterID` int(11) NOT NULL,
  `Created` timestamp NOT NULL DEFAULT current_timestamp(),
  `SenderID` int(11) NOT NULL,
  `Subject` blob DEFAULT NULL,
  `Body` blob DEFAULT NULL,
  `ViewCount` int(11) DEFAULT NULL,
  `ClickCount` int(11) DEFAULT NULL,
  `RecipientCount` int(11) DEFAULT NULL,
  PRIMARY KEY (`ID`,`SemesterID`),
  KEY `SenderID` (`SenderID`),
  KEY `SemesterID` (`SemesterID`),
  CONSTRAINT `Email_ibfk_1` FOREIGN KEY (`SenderID`) REFERENCES `Login` (`ID`),
  CONSTRAINT `Email_ibfk_2` FOREIGN KEY (`SemesterID`) REFERENCES `Semester` (`ID`)
) ENGINE=InnoDB AUTO_INCREMENT=14 DEFAULT CHARSET=latin1 COLLATE=latin1_swedish_ci;
/*!40101 SET character_set_client = @saved_cs_client */;

--
-- Dumping data for table `Email`
--

LOCK TABLES `Email` WRITE;
/*!40000 ALTER TABLE `Email` DISABLE KEYS */;
INSERT INTO `Email` VALUES (1,1,'2023-04-24 17:08:45',14,0x546865204461696C7920526F6172206973206865726521,0x266C743B702667743B4C616469657320616E642067656E746C656D656E2C266C743B2F702667743B266C743B702667743B266C743B62722667743B266C743B2F702667743B266C743B702667743B436F6465727320616E6420636F646574746573212054686520677265617465737420696E6E6F766174696F6E2073696E636520746865207072696E74696E6720707265737320686173206265656E20626F726E2120266C743B7374726F6E672667743B4F6E20417072696C20323674682C20323032332066726F6D20343A33302D363A3330706D2C20636F6D6520746F20266C743B2F7374726F6E672667743B266C743B6120687265663D2671756F743B68747470733A2F2F7777772E6B65616E2E6564752F72657365617263682D646179732671756F743B207461726765743D2671756F743B5F626C616E6B2671756F743B2667743B266C743B7374726F6E672667743B4B65616E20556E697665727369747926233033393B7320526573656172636820446179266C743B2F7374726F6E672667743B266C743B2F612667743B266C743B7374726F6E672667743B206174204C4841432045786869626974696F6E20746F2073656520746865204461696C7920526F61722073797374656D2E266C743B2F7374726F6E672667743B266C743B2F702667743B266C743B702667743B266C743B62722667743B266C743B2F702667743B266C743B702667743B45766572796F6E65206B6E6F777320746861742073747564656E747320726172656C79207265616420746865697220656D61696C732E2E2E207965732C20796F75722070726F666573736F7273206B6E6F7720746869732C20616E64207468657920776572656E26233033393B7420626F726E2079657374657264617921204D6F7265206F6674656E207468616E20616E79206F6620757320776F756C64206C696B652C20626967206F70706F7274756E697469657320666F722072657365617263682C206A6F6220696E746572766965777320616E642063616D707573206576656E747320617265206C6F737420696E2074686520496E626F78206772617665796172642E205769746820746865204461696C7920526F61722C20796F7526233033393B6C6C20266C743B656D2667743B6E65766572266C743B2F656D2667743B206861766520746F20776F7272792061626F7574206D697373696E6720616E20696D706F7274616E7420656D61696C20616761696E2E20416C6C20435320616E64204954206465706172746D656E7420656D61696C732077696C6C206E6F7720636F6D652066726F6D206F6E6520736F757263652C20736F20796F752063616E2066696E616C6C792073746F7020736561726368696E6720666F72206D756C7469706C65206E616D657320696E20796F757220476D61696C20736561726368206261722E266C743B2F702667743B266C743B702667743B266C743B62722667743B266C743B2F702667743B266C743B702667743B446F6E26233033393B742062656C696576652075733F20266C743B656D2667743B436F6D6520616E642073656520666F7220796F757273656C6621266C743B2F656D2667743B266C743B2F702667743B266C743B702667743B266C743B62722667743B266C743B2F702667743B266C743B702667743B54686520616D617A696E672067726164756174652073747564656E747320626568696E64207468697320696E6E6F7661746976652073797374656D2C2050616E6B61746920506174656C2C20416C6578204669736865722C20556B6F2045627265736F2C204E6963686F6C6173204D6F6666612C20616E64204B6576696E2050617272612D4F6C6D65646F2C2077696C6C2062652073686F77636173696E67207468652066756E6374696F6E616C697479206F6620746865204461696C7920526F61722073797374656D206174204B65616E20556E697665727369747926233033393B73205265736561726368204461792E20446F6E26233033393B74206D697373206F7574206F6E2074686520636F6F6C657374206576656E74206F6620746865207965617221204265207468657265206F72206265204E554C4C21266C743B2F702667743B266C743B702667743B266C743B62722667743B266C743B2F702667743B266C743B702667743B266C743B656D207374796C653D2671756F743B636F6C6F723A20726762283133362C203133362C20313336293B2671756F743B2667743B53656E742066726F6D20746865204461696C7920526F61722053797374656D266C743B2F656D2667743B266C743B2F702667743B,0,0,395),(2,1,'2023-04-24 18:11:33',14,0x5B496D706F7274616E745D204E6F7469636520466F722052657365617263682044617973,0x266C743B702667743B4F6E20417072696C20323674682C20323032332066726F6D20343A33302D363A3330706D2C20636F6D6520746F204B65616E20556E697665727369747926233033393B7320266C743B6120687265663D2671756F743B68747470733A2F2F7777772E6B65616E2E6564752F72657365617263682D646179732671756F743B207461726765743D2671756F743B5F626C616E6B2671756F743B2667743B526573656172636820446179266C743B2F612667743B206174204C4841432045786869626974696F6E2048616C6C20746F2073656520746865204461696C7920526F61722073797374656D2E266C743B2F702667743B266C743B702667743B266C743B62722667743B266C743B2F702667743B266C743B702667743B54686973206E657720736F6674776172652073797374656D206275696C74206279204B65616E20556E69766572736974792067726164756174652073747564656E74732073656E6473206D61737320656D61696C732061626F7574206A6F62206F666665727320616E64206576656E74732074686174206D616B65206D657373616765732065617369657220666F722073747564656E747320746F207265616421266C743B2F702667743B266C743B702667743B266C743B62722667743B266C743B2F702667743B266C743B702667743B42652074686520312C20646F6E26233033393B7420626520746865203021266C743B2F702667743B,0,0,366),(3,1,'2023-04-25 17:57:33',18,0x546865204461696C7920526F6172206973204865726521,0x266C743B702667743B476F6F642041667465726E6F6F6E2046656C6C6F772053747564656E74732C266C743B2F702667743B266C743B702667743B266C743B62722667743B266C743B2F702667743B266C743B702667743B546F6D6F72726F772C204F6E20417072696C20323674682C20323032332066726F6D20343A33302D363A3330706D2C20636F6D6520746F204B65616E20556E697665727369747926233033393B7326616D703B6E6273703B266C743B6120687265663D2671756F743B68747470733A2F2F7777772E6B65616E2E6564752F72657365617263682D646179732671756F743B207461726765743D2671756F743B5F626C616E6B2671756F743B2667743B526573656172636820446179266C743B2F612667743B26616D703B6E6273703B6174204C4841432045786869626974696F6E2048616C6C20746F2073656520746865204461696C7920526F61722073797374656D2E266C743B2F702667743B266C743B702667743B266C743B62722667743B266C743B2F702667743B266C743B702667743B54686973206E657720736F6674776172652073797374656D206275696C74206279204B65616E20556E69766572736974792067726164756174652073747564656E74732073656E6473206D61737320656D61696C732061626F7574206A6F62206F666665727320616E64206576656E74732074686174206D616B65206D657373616765732065617369657220666F722073747564656E747320746F207265616421266C743B2F702667743B266C743B702667743B266C743B62722667743B266C743B2F702667743B266C743B702667743B546F204E554C4C206F72206E6F7420746F204E554C4C3F20546861742069732074686520517565727921266C743B2F702667743B,0,0,366),(4,1,'2023-04-25 19:35:24',14,0x5B544F4D4F52524F575D205253565020466F722050697A7A6120616E642053656E696F722053686F776361736520,0x266C743B702667743B266C743B7374726F6E67207374796C653D2671756F743B636F6C6F723A207267622833342C2033342C203334293B2671756F743B2667743B546563686E6F6C6F67792053656E696F722053686F7763617365266C743B2F7374726F6E672667743B266C743B2F702667743B266C743B702667743B266C743B62722667743B266C743B2F702667743B266C743B702667743B4A6F696E207573206F6E26616D703B6E6273703B266C743B7374726F6E672667743B5765646E65736461792C20417072696C20323674682066726F6D203320702E6D2E202D203520702E6D2E26616D703B6E6273703B266C743B2F7374726F6E672667743B666F72206F75722039746820616E6E75616C2053656E696F722053686F776361736521266C743B2F702667743B266C743B702667743B266C743B62722667743B266C743B2F702667743B266C743B702667743B436F6D652073656520616E6420737570706F727420616C6C206F66206F757220616D617A696E6720616E6420696E6E6F7661746976652073656E696F72732C20617320746865792073686F77636173652074686569722063617073746F6E652070726F6A6563747320616E64206D756368206D6F726521205253565020746F20746865206576656E74206E6F206C61746572207468616E20417072696C2032356E64207573696E6720746865206C696E6B26616D703B6E6273703B62656C6F773A26616D703B6E6273703B266C743B2F702667743B266C743B702667743B266C743B62722667743B266C743B2F702667743B266C743B702667743B266C743B6120687265663D2671756F743B68747470733A2F2F666F726D732E676C652F6B6765436E72426E704774594A545841382671756F743B207461726765743D2671756F743B5F626C616E6B2671756F743B207374796C653D2671756F743B636F6C6F723A207267622831372C2038352C20323034293B2671756F743B2667743B52535650204845524520544F20415454454E442026616D703B616D703B26616D703B6E6273703B50495A5A4126616D703B6E6273703B266C743B2F612667743B266C743B2F702667743B,0,0,17),(5,1,'2023-04-25 19:40:35',14,0x5B544F4D4F52524F575D205253565020464F522050495A5A4120414E442053454E494F522053484F5743415345,0x266C743B702667743B446F6E26233033393B7420466F726765742120266C743B2F702667743B266C743B702667743B266C743B62722667743B266C743B2F702667743B266C743B702667743B266C743B7374726F6E6720636C6173733D2671756F743B716C2D73697A652D6C617267652671756F743B207374796C653D2671756F743B636F6C6F723A20726762283130322C203136332C20323234293B2671756F743B2667743B4F757220616E6E75616C206465706172746D656E7420546563686E6F6C6F67792053656E696F722053686F776361736520697320746F6D6F72726F772120266C743B2F7374726F6E672667743B266C743B2F702667743B266C743B702667743B266C743B62722667743B266C743B2F702667743B266C743B702667743B4A6F696E207573206F6E26616D703B6E6273703B266C743B7374726F6E672667743B5765646E65736461792C20417072696C20323674682066726F6D203320702E6D2E202D203520702E6D2E26616D703B6E6273703B266C743B2F7374726F6E672667743B666F72206F75722039746820616E6E75616C2053656E696F722053686F776361736521266C743B2F702667743B266C743B702667743B266C743B62722667743B266C743B2F702667743B266C743B702667743B436F6D652073656520616E6420737570706F727420616C6C206F66206F757220616D617A696E6720616E6420696E6E6F76617469766520266C743B7374726F6E672667743B266C743B656D2667743B73656E696F7273266C743B2F656D2667743B266C743B2F7374726F6E672667743B2C20617320746865792073686F77636173652074686569722063617073746F6E652070726F6A6563747320616E64206D756368206D6F726521205253565020746F20746865206576656E74206E6F206C61746572207468616E20417072696C2032356E64207573696E6720746865206C696E6B26616D703B6E6273703B62656C6F773A26616D703B6E6273703B266C743B2F702667743B266C743B702667743B266C743B62722667743B266C743B2F702667743B266C743B702667743B266C743B6120687265663D2671756F743B68747470733A2F2F666F726D732E676C652F6B6765436E72426E704774594A545841382671756F743B207461726765743D2671756F743B5F626C616E6B2671756F743B207374796C653D2671756F743B636F6C6F723A207267622831372C2038352C20323034293B2671756F743B2667743B52535650204845524520544F20415454454E442026616D703B616D703B26616D703B6E6273703B50495A5A4126616D703B6E6273703B266C743B2F612667743B266C743B2F702667743B,0,0,744),(6,1,'2023-04-25 20:52:16',14,0x53747564656E7420466565646261636B206F6E204461696C7920526F61722053797374656D205B5375727665795D,0x266C743B702667743B48656C6C6F2053747564656E74732C266C743B2F702667743B266C743B702667743B266C743B62722667743B266C743B2F702667743B266C743B702667743B42656C6F7720697320612073757276657920726567617264696E6720666565646261636B206F6E2074686520656D61696C7320796F752068617665206265656E20726563656976696E672066726F6D20746869732073797374656D2E20596F757220696E7075742069732068656176696C792076616C75656420616E642067726561746C792061707072656369617465642E266C743B2F702667743B266C743B702667743B266C743B62722667743B266C743B2F702667743B266C743B702667743B266C743B6120687265663D2671756F743B68747470733A2F2F666F726D732E676C652F5A585754484866543551334B77584332392671756F743B207461726765743D2671756F743B5F626C616E6B2671756F743B2667743B53555256455920434C49434B2048455245266C743B2F612667743B266C743B2F702667743B266C743B702667743B266C743B62722667743B266C743B2F702667743B266C743B702667743B53696E636572656C792C266C743B2F702667743B266C743B702667743B266C743B62722667743B266C743B2F702667743B266C743B702667743B546865204461696C7920526F6172205465616D266C743B2F702667743B,0,0,395),(7,1,'2023-04-25 20:55:55',14,0x53747564656E7420466565646261636B206F6E204461696C7920526F61722053797374656D205B5375727665795D,0x266C743B702667743B48656C6C6F2053747564656E74732C266C743B2F702667743B266C743B702667743B266C743B62722667743B266C743B2F702667743B266C743B702667743B42656C6F7720697320612073757276657920726567617264696E6720666565646261636B206F6E2074686520656D61696C7320796F752068617665206265656E20726563656976696E672066726F6D20746869732073797374656D2E20596F757220696E7075742069732068656176696C792076616C75656420616E642067726561746C792061707072656369617465642E266C743B2F702667743B266C743B702667743B266C743B62722667743B266C743B2F702667743B266C743B702667743B266C743B6120687265663D2671756F743B68747470733A2F2F666F726D732E676C652F45573972416261357958743853335668392671756F743B207461726765743D2671756F743B5F626C616E6B2671756F743B2667743B53555256455920434C49434B2048455245266C743B2F612667743B266C743B2F702667743B266C743B702667743B266C743B62722667743B266C743B2F702667743B266C743B702667743B53696E636572656C792C266C743B2F702667743B266C743B702667743B266C743B62722667743B266C743B2F702667743B266C743B702667743B546865204461696C7920526F6172205465616D266C743B2F702667743B,0,0,366),(8,1,'2023-04-26 14:53:30',14,0x546F64617926233033393B732074686520446179212053656E696F722053686F77636173652C4772616420436F72647320616E6420526573756D65205265766965777321204F6820596561682C20646964207765206D656E74696F6E2050697A7A612120,0x266C743B702667743B266C743B7370616E20636C6173733D2671756F743B716C2D73697A652D6C617267652671756F743B2667743B48415050454E494E4720544F4441592120266C743B2F7370616E2667743B266C743B2F702667743B266C743B702667743B266C743B62722667743B266C743B2F702667743B266C743B702667743B266C743B7374726F6E6720636C6173733D2671756F743B716C2D73697A652D6C617267652671756F743B207374796C653D2671756F743B636F6C6F723A20726762283130372C2033362C20313738293B2671756F743B2667743B546563686E6F6C6F67792053656E696F722053686F7763617365266C743B2F7374726F6E672667743B266C743B2F702667743B266C743B702667743B266C743B62722667743B266C743B2F702667743B266C743B702667743B4A6F696E20757320746F6461792C20266C743B7374726F6E672667743B5765646E65736461792C20417072696C20323674682066726F6D203320702E6D2E202D203520702E6D2E26616D703B6E6273703B266C743B2F7374726F6E672667743B666F72206F75722039746820616E6E75616C2053656E696F722053686F776361736521266C743B2F702667743B266C743B702667743B436F6D652073656520616E6420737570706F727420616C6C206F66206F757220616D617A696E6720616E6420696E6E6F7661746976652073656E696F72732C20617320746865792073686F77636173652074686569722063617073746F6E652070726F6A6563747320616E64206D756368206D6F7265212052535650207573696E6720746865206C696E6B26616D703B6E6273703B62656C6F773A26616D703B6E6273703B266C743B2F702667743B266C743B702667743B266C743B62722667743B266C743B2F702667743B266C743B702667743B266C743B6120687265663D2671756F743B68747470733A2F2F666F726D732E676C652F6B6765436E72426E704774594A545841382671756F743B207461726765743D2671756F743B5F626C616E6B2671756F743B207374796C653D2671756F743B636F6C6F723A207267622831372C2038352C20323034293B2671756F743B2667743B52535650204845524520544F20415454454E442026616D703B616D703B26616D703B6E6273703B50495A5A4126616D703B6E6273703B266C743B2F612667743B266C743B2F702667743B266C743B702667743B266C743B62722667743B266C743B2F702667743B266C743B702667743B41742073686F77636173652C2077652077696C6C2062652070726F766964696E6720726573756D65207265766965777321204D757374206272696E67206120706170657220636F7079206F6620796F757220726573756D6520746F2062652072657669657765642C206E6F20657863657074696F6E732120266C743B2F702667743B266C743B702667743B266C743B62722667743B266C743B2F702667743B266C743B702667743B266C743B62722667743B266C743B2F702667743B266C743B702667743B266C743B7374726F6E6720636C6173733D2671756F743B716C2D73697A652D6C617267652671756F743B2667743B497426233033393B7320746861742074696D6521266C743B2F7374726F6E672667743B266C743B7370616E20636C6173733D2671756F743B716C2D73697A652D6C617267652671756F743B2667743B26616D703B6E6273703B266C743B2F7370616E2667743B266C743B2F702667743B266C743B702667743B266C743B62722667743B266C743B2F702667743B266C743B702667743B54696D6520666F72266C743B7374726F6E672667743B2047726164756174696F6E26616D703B6E6273703B436F72647326616D703B6E6273703B666F722047726164756174696E672053656E696F7273266C743B2F7374726F6E672667743B2120266C743B2F702667743B266C743B702667743B266C743B62722667743B266C743B2F702667743B266C743B702667743B416C6C2067726164756174696E672043532F49542073747564656E74732077696C6C20726563656976652028312926616D703B6E6273703B636F726426616D703B6E6273703B666F722067726164756174696F6E2E26616D703B6E6273703B494620796F752070617274696369706174656420696E20616E79206F746865722043532F49542073747564656E74206F70706F7274756E6974792C26616D703B6E6273703B796F75206D617920626520656C696769626C6520666F7220616E6F7468657226616D703B6E6273703B636F726426616D703B6E6273703B666F7220796F75722070617274696369706174696F6E2E26616D703B6E6273703B266C743B752667743B506C65617365206E6F74652C20616C6C206164646974696F6E616C2070617274696369706174696F6E2077696C6C206E65656420746F20626520636F6E6669726D65642E266C743B2F752667743B266C743B2F702667743B266C743B702667743B266C743B62722667743B266C743B2F702667743B266C743B702667743B266C743B7374726F6E672667743B266C743B752667743B47726164756174696F6E26616D703B6E6273703B436F72647326616D703B6E6273703B77696C6C20646973747269627574656420647572696E672053454E494F522053484F574341534520616E64207468656E2077696C6C20626520617661696C61626C6520666F72207069636B2D7570206174207468652043414853492053747564656E74205265736F757263652043656E746572206C6F6361746564206F6E207468652034746820666C6F6F72206F6620474C4142207374617274696E6720417072696C203236746820756E74696C204D617920313274682E26616D703B6E6273703B266C743B2F752667743B266C743B2F7374726F6E672667743B266C743B2F702667743B266C743B702667743B266C743B62722667743B266C743B2F702667743B266C743B702667743B266C743B6120687265663D2671756F743B68747470733A2F2F666F726D732E676C652F465034313256624A7A55694753344558372671756F743B207461726765743D2671756F743B5F626C616E6B2671756F743B207374796C653D2671756F743B636F6C6F723A207267622831372C2038352C20323034293B2671756F743B2667743B266C743B7374726F6E672667743B434F4D504C45544520464F524D20484552452053454E494F525326616D703B6E6273703B266C743B2F7374726F6E672667743B266C743B2F612667743B20266C743B656D207374796C653D2671756F743B636F6C6F723A20726762283233302C20302C2030293B2671756F743B2667743B266C743B752667743B28464F524D204D55535420424520434F4D504C4554454420494E204F5244455220544F204745542047524144554154494F4E20434F524453212920266C743B2F752667743B266C743B2F656D2667743B266C743B2F702667743B266C743B702667743B266C743B62722667743B266C743B2F702667743B,0,0,761),(9,1,'2023-05-02 21:23:55',14,0x54484953205745454B3A546F6E73206F6620696E7465726E7368697020616E64206F70706F7274756E697469657320666F722043532F49542053747564656E7473,0x266C743B702667743B266C743B62722667743B266C743B2F702667743B266C743B702667743B266C743B7374726F6E67207374796C653D2671756F743B636F6C6F723A20726762283233302C20302C2030293B2671756F743B20636C6173733D2671756F743B716C2D73697A652D6C617267652671756F743B2667743B48656164732075702C20746865726526233033393B732061206C6F74206F66207465787420696E207468697320656D61696C20266C743B2F7374726F6E672667743B266C743B2F702667743B266C743B702667743B266C743B62722667743B266C743B2F702667743B266C743B702667743B266C743B7374726F6E67207374796C653D2671756F743B636F6C6F723A20726762283233302C20302C2030293B2671756F743B20636C6173733D2671756F743B716C2D73697A652D687567652671756F743B2667743B42555420266C743B2F7374726F6E672667743B266C743B2F702667743B266C743B702667743B266C743B62722667743B266C743B2F702667743B266C743B702667743B266C743B7374726F6E67207374796C653D2671756F743B636F6C6F723A20726762283233302C20302C2030293B2671756F743B20636C6173733D2671756F743B716C2D73697A652D6C617267652671756F743B2667743B697426233033393B7320746F74616C6C7920776F7274682069742120546F6E73206F6620696E7465726E736869702C20656D706C6F796D656E7420616E64206F70706F7274756E69746965732C20696E636C7564696E672061206379626572736563757269747920636F6E666572656E63652068657265206174204B65616E2120266C743B2F7374726F6E672667743B266C743B2F702667743B266C743B702667743B266C743B62722667743B266C743B2F702667743B266C743B702667743B266C743B7374726F6E6720636C6173733D2671756F743B716C2D73697A652D6C617267652671756F743B2667743B5570636F6D696E67204576656E7473266C743B2F7374726F6E672667743B266C743B2F702667743B266C743B756C2667743B266C743B6C692667743B4D617920357468202D205361792048656C6C6F20746F2074686520576F726C64206F66204D616368696E65204C6561726E696E672028434148534920576F726B73686F7029202D2053656520617474616368656420466C796572266C743B2F6C692667743B266C743B2F756C2667743B266C743B702667743B266C743B62722667743B266C743B2F702667743B266C743B702667743B266C743B7374726F6E6720636C6173733D2671756F743B716C2D73697A652D6C617267652671756F743B2667743B4665617475726564204F70706F7274756E69747920266C743B2F7374726F6E672667743B266C743B2F702667743B266C743B756C2667743B266C743B6C692667743B266C743B6120687265663D2671756F743B68747470733A2F2F7777772E6E6A6F6873702E676F762F63617265657273236F702D3537323930362D32333039732D637962657273656375726974792D616E616C7973742D692D696E74656C6C6967656E63652D616E616C7973742D61707072656E746963652671756F743B207461726765743D2671756F743B5F626C616E6B2671756F743B207374796C653D2671756F743B636F6C6F723A207267622832362C2032362C203236293B2671756F743B2667743B32332D30392D53204379626572736563757269747920416E616C79737420492028496E74656C6C6967656E636520416E616C7973742041707072656E7469636529266C743B2F612667743B207C204C6F636174696F6E3A2048616D696C746F6E2C2057657374205472656E746F6E2C6F72204E657761726B204E6577204A6572736579207C26616D703B6E6273703B46756C6C2D74696D65207C205061727469616C6C792072656D6F7465266C743B2F6C692667743B266C743B6C692667743B266C743B6120687265663D2671756F743B68747470733A2F2F7777772E6E6A6F6873702E676F762F63617265657273236F702D3537333039322D32333130732D676F7665726E6F72732D66656C6C6F772671756F743B207461726765743D2671756F743B5F626C616E6B2671756F743B207374796C653D2671756F743B636F6C6F723A207267622832362C2032362C203236293B2671756F743B2667743B32332D31302D5320476F7665726E6F7226233033393B732046656C6C6F77266C743B2F612667743B207C204C6F636174696F6E3A2048616D696C746F6E20546F776E736869702C204E6577204A65727365792C20556E6974656420537461746573207C26616D703B6E6273703B46756C6C2D74696D65207C205061727469616C6C792072656D6F746520266C743B7370616E207374796C653D2671756F743B6261636B67726F756E642D636F6C6F723A20726762283235352C203235352C2030293B2671756F743B2667743B2A2A2A47524144554154452053545544454E5453204F4E4C592A2A2A20266C743B2F7370616E2667743B266C743B2F6C692667743B266C743B2F756C2667743B266C743B702667743B266C743B62722667743B266C743B2F702667743B266C743B702667743B266C743B7374726F6E6720636C6173733D2671756F743B716C2D73697A652D6C617267652671756F743B2667743B466561747572656420436F6D70616E696573266C743B2F7374726F6E672667743B266C743B2F702667743B266C743B756C2667743B266C743B6C692667743B266C743B6120687265663D2671756F743B68747470733A2F2F7777772E7468656D7573652E636F6D2F70726F66696C65732F68756D616E613F73635F7372633D656D61696C5F3336323031383526616D703B616D703B73635F6C69643D33363735393839343526616D703B616D703B73635F7569643D7475657233455450713226616D703B616D703B73635F6C6C69643D38393726616D703B616D703B73635F65683D386362323839323133373765376538613126616D703B616D703B75746D5F736F757263653D656D617273797326616D703B616D703B75746D5F6D656469756D3D656D61696C26616D703B616D703B75746D5F63616D706169676E3D6465646963617465645F32303233303432385F68756D616E615F74617267657465645F39304461795F3336323031383526616D703B616D703B75746D5F636F6E74656E743D44656469636174656426616D703B616D703B75746D5F7465726D3D436F6D70616E792B50726F66696C65735F26616D703B616D703B7569643D373037383835303939236A6F62732671756F743B207461726765743D2671756F743B5F626C616E6B2671756F743B2667743B48756D616E6120266C743B2F612667743B2026616D703B616D703B20456475636174696F6E616C2054657374696E672053657276696365202845545329202D20266C743B6120687265663D2671756F743B68747470733A2F2F657473636172656572732E706572656C6573732E636F6D2F38333038302F74616C656E742E63666D2671756F743B207461726765743D2671756F743B5F626C616E6B2671756F743B2667743B456D706C6F796D656E74266C743B2F612667743B207C20266C743B6120687265663D2671756F743B68747470733A2F2F7777772E6574732E6F72672F72657365617263682F696E7465726E736869702D66656C6C6F77736869702F61626F75742E68746D6C2671756F743B207461726765743D2671756F743B5F626C616E6B2671756F743B2667743B496E7465726E7368697073266C743B2F612667743B266C743B2F6C692667743B266C743B2F756C2667743B266C743B702667743B266C743B62722667743B266C743B2F702667743B266C743B702667743B266C743B7374726F6E6720636C6173733D2671756F743B716C2D73697A652D6C617267652671756F743B2667743B46656174757265642041727469636C657320266C743B2F7374726F6E672667743B266C743B2F702667743B266C743B756C2667743B266C743B6C692667743B266C743B6120687265663D2671756F743B68747470733A2F2F7777772E7468656D7573652E636F6D2F6164766963652F656E7472792D6C6576656C2D746563682D6A6F62732D636172656572732D6C6973743F75746D5F736F757263653D73656E646772696426616D703B616D703B75746D5F6D656469756D3D656D61696C26616D703B616D703B75746D5F63616D706169676E3D6461696C795F32303233303530315F73675F325F393044617926616D703B616D703B75746D5F636F6E74656E743D6E6577736C65747465722671756F743B207461726765743D2671756F743B5F626C616E6B2671756F743B2667743B3820456E7472792D4C6576656C20526F6C657320746F20427265616B20496E746F2054656368E280944E6F204D6174746572205768617420596F7572204261636B67726F756E64204973266C743B2F612667743B266C743B2F6C692667743B266C743B6C692667743B266C743B6120687265663D2671756F743B68747470733A2F2F7777772E7468656D7573652E636F6D2F6164766963652F66696C6C2D696E2D7468652D626C616E6B2D726573756D652D776F726B73686565743F73635F7372633D656D61696C5F3334383737383826616D703B616D703B73635F6C69643D33353131353731343926616D703B616D703B73635F7569643D7475657233455450713226616D703B616D703B73635F6C6C69643D373135303926616D703B616D703B73635F65683D386362323839323133373765376538613126616D703B616D703B75746D5F736F757263653D656D617273797326616D703B616D703B75746D5F6D656469756D3D656D61696C26616D703B616D703B75746D5F63616D706169676E3D6461696C795F32303233303332325F4E6F53706F6E5F39304461795F3334383737383826616D703B616D703B75746D5F636F6E74656E743D73706F6E736F72656426616D703B616D703B75746D5F7465726D3D4164766963652B2D2B46696E64696E672B612B4A6F625F26616D703B616D703B7569643D3730373838353039392671756F743B207461726765743D2671756F743B5F626C616E6B2671756F743B2667743B54686973204672656520576F726B7368656574204D616B6573204974204561737920746F2043726561746520286F72205570646174652920596F757220526573756D65266C743B2F612667743B266C743B2F6C692667743B266C743B6C692667743B266C743B6120687265663D2671756F743B68747470733A2F2F7777772E7468656D7573652E636F6D2F6164766963652F3138352D706F77657266756C2D76657262732D746861742D77696C6C2D6D616B652D796F75722D726573756D652D617765736F6D653F73635F7372633D656D61696C5F3334363531323826616D703B616D703B73635F6C69643D33343739303033313526616D703B616D703B73635F7569643D7475657233455450713226616D703B616D703B73635F6C6C69643D313836343326616D703B616D703B73635F65683D386362323839323133373765376538613126616D703B616D703B75746D5F736F757263653D656D617273797326616D703B616D703B75746D5F6D656469756D3D656D61696C26616D703B616D703B75746D5F63616D706169676E3D6461696C795F32303233303331355F4E6F53706F6E5F39304461795F3334363531323826616D703B616D703B75746D5F636F6E74656E743D73706F6E736F72656426616D703B616D703B75746D5F7465726D3D4164766963652B2D2B46696E64696E672B612B4A6F625F26616D703B616D703B7569643D3730373838353039392671756F743B207461726765743D2671756F743B5F626C616E6B2671756F743B2667743B3138352B20416374696F6E20566572627320546861742057696C6C204D616A6F726C7920496D707265737320486972696E67204D616E6167657273266C743B2F612667743B266C743B2F6C692667743B266C743B6C692667743B266C743B6120687265663D2671756F743B68747470733A2F2F7777772E7468656D7573652E636F6D2F6164766963652F6D616E6167696E672D696E626F782D746970732D7265616C2D70656F706C652D6765742D68756E64726564732D656D61696C733F73635F7372633D656D61696C5F3334363531323826616D703B616D703B73635F6C69643D33343739303033313126616D703B616D703B73635F7569643D7475657233455450713226616D703B616D703B73635F6C6C69643D313836343326616D703B616D703B73635F65683D386362323839323133373765376538613126616D703B616D703B75746D5F736F757263653D656D617273797326616D703B616D703B75746D5F6D656469756D3D656D61696C26616D703B616D703B75746D5F63616D706169676E3D6461696C795F32303233303331355F4E6F53706F6E5F39304461795F3334363531323826616D703B616D703B75746D5F636F6E74656E743D73706F6E736F72656426616D703B616D703B75746D5F7465726D3D4164766963655F26616D703B616D703B7569643D3730373838353039392671756F743B207461726765743D2671756F743B5F626C616E6B2671756F743B2667743B3130205761797320746F204D616E61676520596F757220456D61696C20496E626F78E280944163636F7264696E6720746F2050656F706C652057686F20476574203130302B20456D61696C73206120446179266C743B2F612667743B266C743B2F6C692667743B266C743B2F756C2667743B266C743B702667743B266C743B62722667743B266C743B2F702667743B266C743B702667743B266C743B7370616E20636C6173733D2671756F743B716C2D73697A652D6C617267652671756F743B2667743B496D706F7274616E7420496E666F726D6174696F6E2028546F74616C206F66203929266C743B2F7370616E2667743B266C743B2F702667743B266C743B702667743B266C743B62722667743B266C743B2F702667743B266C743B702667743B266C743B7374726F6E6720636C6173733D2671756F743B716C2D73697A652D6C617267652671756F743B2667743B3129205345434F4E204E4A2032303233204379626572736563757269747920436F6E666572656E6365202D20266C743B2F7374726F6E672667743B266C743B6120687265663D2671756F743B68747470733A2F2F7777772E6576656E7462726974652E636F6D2F6F7267616E697A6174696F6E732F6D6973736976652F61637469766974792F72656469726563742F3F703D414249647656734F6E52356F7953397757476F7264464941686832575A6F734B776561574847792D68353775584A372D4E59364262353145463956444E445A4938497736756E5647476667494E6D3379464A4233382D716843486B526662577444613278342D4F6B79594630645A57646B666863384B6F72787139586A776C515F5A4768624247504F6C476D444A49364977426B37446E4768666E68496A715A44726666364B746A4371505735537377323461614B4246584E715A434D4E6358394C676A634778443746306956497732665248426857705876765171446A3841436E3739663062483532514B4F744D7571615F6C5F787379735F344778784A577A346732614E3656504A37426F4A533765426D7337593939527338396C7963333051785464445F6234334E625441395A77346C4D38362D42505755335138674142776233705F5854636C3753527042366C30514E69527A4C494E636B5F6273635047367378665F33727551587A2D64724E354C6B68726850336E3232616433556F774555414C366232375F354F55356B4E5A6E5134756E736F555A6258746E34765077437869653244524A686B706F5856676E365632505A6B4F4C6438456D59666C6534696B6D33696653625A41786E393670616E396C36584E554D675273456A4369554E59392D314C6236314E74736C594A665542534254525A414C6F6C4C455033564C6D4C42706279517648744D526A4A4C6B6A733878576B74615667504738553269766555574F566F524F74513764327866686B26616D703B616D703B6569643D35353635383436343836363726616D703B616D703B633D313537303133313926616D703B616D703B636F3D353738303236353026616D703B616D703B743D652671756F743B207461726765743D2671756F743B5F626C616E6B2671756F743B20636C6173733D2671756F743B716C2D73697A652D6C617267652671756F743B2667743B266C743B7374726F6E672667743B5245474953544552204845524520266C743B2F7374726F6E672667743B266C743B2F612667743B266C743B2F702667743B266C743B702667743B266C743B62722667743B266C743B2F702667743B266C743B702667743B546869732079656172207365766572616C206B65792062656E65666974732077696C6C206265206D61646520617661696C61626C6520746F2073747564656E74732C20696E636C7564696E673A266C743B2F702667743B266C743B702667743B266C743B62722667743B266C743B2F702667743B266C743B702667743B312E204162696C69747920746F206861766520612070726F66657373696F6E616C2070686F746F2074616B656E20616E6420676976656E20746F20796F7520666F7220706F74656E7469616C2075736520696E204C696E6B6564496E2070726F66696C65732C20666F72206578616D706C652E266C743B2F702667743B266C743B702667743B266C743B7370616E207374796C653D2671756F743B6261636B67726F756E642D636F6C6F723A20726762283235352C203235352C2030293B2671756F743B2667743B322E204162696C69747920746F2068617665206120726573756D6520726576696577656420627920637962657273656375726974792C2073656375726974792C20616E6420696E666F726D6174696F6E20746563686E6F6C6F67792070726F66657373696F6E616C732E266C743B2F7370616E2667743B266C743B2F702667743B266C743B702667743B332E204162696C69747920746F20617474656E64204B65616E2073747564656E742070726573656E746174696F6E732E266C743B2F702667743B266C743B702667743B342E20427265616B666173742C206C756E63682C20616E6420736E61636B732077696C6C2062652070726F7669646564207468726F7567686F757420746865206461792E266C743B2F702667743B266C743B702667743B266C743B62722667743B266C743B2F702667743B266C743B702667743B266C743B7374726F6E6720636C6173733D2671756F743B716C2D73697A652D6C617267652671756F743B2667743B3229204C6173742043616C6C20666F722047726164756174696F6E20436F72647320266C743B2F7374726F6E672667743B266C743B2F702667743B266C743B702667743B266C743B7374726F6E67207374796C653D2671756F743B636F6C6F723A2072676228302C20302C2030293B2671756F743B2667743B497426233033393B7320746861742074696D6521266C743B2F7374726F6E672667743B266C743B7370616E207374796C653D2671756F743B636F6C6F723A2072676228302C20302C2030293B2671756F743B2667743B26616D703B6E6273703B54696D6520666F722047726164756174696F6E20436F7264732120416C6C2067726164756174696E672043532F49542073747564656E74732077696C6C20726563656976652028312920636F726420666F722067726164756174696F6E2E26616D703B6E6273703B494620796F752070617274696369706174656426616D703B6E6273703B696E26616D703B6E6273703B616E79206F746865722043532F49542073747564656E74206F70706F7274756E6974792C26616D703B6E6273703B796F75206D617920626520656C696769626C6520666F7220616E6F7468657220636F726420666F7220796F75722070617274696369706174696F6E2E26616D703B6E6273703B266C743B2F7370616E2667743B266C743B75207374796C653D2671756F743B636F6C6F723A2072676228302C20302C2030293B2671756F743B2667743B506C65617365206E6F74652C20616C6C206164646974696F6E616C2070617274696369706174696F6E2077696C6C206E65656420746F20626520636F6E6669726D65642E266C743B2F752667743B266C743B2F702667743B266C743B702667743B266C743B7374726F6E672667743B266C743B752667743B47726164756174696F6E20436F7264732077696C6C20626520617661696C61626C6520666F72207069636B2D7570206174207468652043414853492053747564656E74205265736F757263652043656E746572206C6F6361746564206F6E207468652034746820666C6F6F72206F6620474C414220756E74696C20266C743B2F752667743B266C743B2F7374726F6E672667743B266C743B7374726F6E67207374796C653D2671756F743B636F6C6F723A20726762283233302C20302C2030293B2671756F743B2667743B266C743B752667743B4D617920313274682E26616D703B6E6273703B266C743B2F752667743B266C743B2F7374726F6E672667743B266C743B2F702667743B266C743B702667743B266C743B62722667743B266C743B2F702667743B266C743B702667743B266C743B6120687265663D2671756F743B68747470733A2F2F666F726D732E676C652F465034313256624A7A55694753344558372671756F743B207461726765743D2671756F743B5F626C616E6B2671756F743B207374796C653D2671756F743B636F6C6F723A207267622831372C2038352C20323034293B2671756F743B2667743B266C743B7374726F6E672667743B434F4D504C45544520464F524D20484552452053454E494F525326616D703B6E6273703B266C743B2F7374726F6E672667743B266C743B2F612667743B266C743B2F702667743B266C743B702667743B266C743B62722667743B266C743B2F702667743B266C743B702667743B266C743B7374726F6E6720636C6173733D2671756F743B716C2D73697A652D6C617267652671756F743B2667743B3329204A6F696E206F7572204C696E6B6564496E2047726F75702E2E77652073656E74206C696B652035206F70706F7274756E6974696573206F757420746F64617921266C743B2F7374726F6E672667743B266C743B2F702667743B266C743B702667743B266C743B7374726F6E672667743B266C743B656D2667743B44696420796F75206B6E6F7720746865206465706172746D656E7420686173206265656E2073686172696E6720776974682073747564656E7473207765656B6C7920696E7465726E7368697020616E6420656D706C6F796D656E74206F70706F7274756E69746965733F26616D703B6E6273703B266C743B2F656D2667743B266C743B752667743B59757021204F6E2048414E445348414B452026616D703B616D703B26616D703B6E6273703B4C696E6B6564494E2126616D703B6E6273703B266C743B2F752667743B266C743B2F7374726F6E672667743B266C743B2F702667743B266C743B702667743B266C743B62722667743B266C743B2F702667743B266C743B702667743B4D616B65207375726520796F75207369676E20696E746F2048616E647368616B65207573696E6720796F7572204B65616E20656D61696C206164647265737320746F2061636365737320796F7572206163636F756E743B20616E6420636F6D706C65746520796F75722070726F66696C6520746F20626567696E20746F20636F6E6E65637420776974682074686F7573616E6473206F6620656D706C6F796572732E20466F7220616C6C206F6620796F752077686F20617265206C6F6F6B696E6720666F722061206A6F62206F7220696E7465726E736869702C20646F6E26233033393B74207761697420616E6420676574207374617274656420746F6461792126616D703B6E6273703B266C743B2F702667743B266C743B702667743B266C743B62722667743B266C743B2F702667743B266C743B702667743B446F6E26233033393B7420666F7267657426616D703B6E6273703B746F206A6F696E206F7572204465706172746D656E7426233033393B7326616D703B6E6273703B4C696E6B6564496E26616D703B6E6273703B67726F75702C206F757226616D703B6E6273703B6F6E6C696E6520636F6D6D756E69747920666F722063757272656E742073747564656E74732C26616D703B6E6273703B616C756D6E6920616E6420666163756C74792F73746166662063616E20636F6E6E65637420616E64207368617265207265736F75726365732F6F70706F7274756E69746965732126616D703B6E6273703B266C743B2F702667743B266C743B702667743B266C743B62722667743B266C743B2F702667743B266C743B702667743B266C743B6120687265663D2671756F743B68747470733A2F2F6170702E6A6F696E68616E647368616B652E636F6D2F2671756F743B207461726765743D2671756F743B5F626C616E6B2671756F743B207374796C653D2671756F743B636F6C6F723A207267622831372C2038352C20323034293B2671756F743B2667743B266C743B7374726F6E672667743B4C6F6720496E746F20596F75722048616E647368616B65204163636F756E7426616D703B6E6273703B546F6461792126616D703B6E6273703B266C743B2F7374726F6E672667743B266C743B2F612667743B266C743B2F702667743B266C743B702667743B266C743B6120687265663D2671756F743B68747470733A2F2F7777772E6C696E6B6564696E2E636F6D2F67726F7570732F31333539383337362F2671756F743B207461726765743D2671756F743B5F626C616E6B2671756F743B207374796C653D2671756F743B636F6C6F723A207267622831372C2038352C20323034293B2671756F743B2667743B266C743B7374726F6E672667743B4A6F696E206F757226616D703B6E6273703B4C696E6B6564496E26616D703B6E6273703B47726F757026616D703B6E6273703B266C743B2F7374726F6E672667743B266C743B2F612667743B266C743B2F702667743B266C743B702667743B266C743B62722667743B266C743B2F702667743B266C743B702667743B266C743B7374726F6E6720636C6173733D2671756F743B716C2D73697A652D6C617267652671756F743B207374796C653D2671756F743B636F6C6F723A207267622833342C2033342C203334293B2671756F743B2667743B342920323032332D3230323420476F7665726E6F72E2809973205354454D205363686F6C617273202D20526573656172636820666F637573656420266C743B2F7374726F6E672667743B266C743B2F702667743B266C743B702667743B266C743B62722667743B266C743B2F702667743B266C743B702667743B266C743B7374726F6E67207374796C653D2671756F743B636F6C6F723A207267622833332C2033332C203333293B2671756F743B2667743B546F20626520456C696769626C653A26616D703B6E6273703B266C743B2F7374726F6E672667743B266C743B2F702667743B266C743B702667743B266C743B7370616E207374796C653D2671756F743B636F6C6F723A20626C61636B3B2671756F743B2667743B4170706C6963616E7473206D757374206265206120736F70686F6D6F726520696E2068696768207363686F6F6C207468726F75676820646F63746F72616C206C6576656C206173206F662046616C6C20323032333B20626520656E726F6C6C656420696E2061204E6577204A65727365792068696768207363686F6F6C2C20636F6C6C656765206F7220756E69766572736974792C206F72206120636572746966696564206173206120686F6D652D7363686F6F6C65642073747564656E7420696E204E6577204A65727365793B2068617665206120332E352063756D756C617469766520475041206F72206869676865723B20616E642073686F772061207374726F6E6720636F6D6D69746D656E7420746F205354454D20696E204E6577204A65727365792E266C743B2F7370616E2667743B266C743B2F702667743B266C743B702667743B266C743B62722667743B266C743B2F702667743B266C743B702667743B266C743B7374726F6E67207374796C653D2671756F743B636F6C6F723A20626C61636B3B2671756F743B2667743B496E746572657374656420696E206C6561726E696E67206D6F72653F3A26616D703B6E6273703B266C743B2F7374726F6E672667743B266C743B2F702667743B266C743B702667743B266C743B7374726F6E67207374796C653D2671756F743B636F6C6F723A20626C61636B3B2671756F743B2667743B26616D703B6E6273703B266C743B2F7374726F6E672667743B266C743B2F702667743B266C743B702667743B266C743B7370616E207374796C653D2671756F743B636F6C6F723A20626C61636B3B2671756F743B2667743B4A6F696E2074686520476F7665726E6F72E2809973205354454D205363686F6C61727320666F722061207669727475616C26616D703B6E6273703B266C743B2F7370616E2667743B266C743B7374726F6E67207374796C653D2671756F743B636F6C6F723A20626C61636B3B2671756F743B2667743B266C743B656D2667743B476F7665726E6F72E2809973205354454D205363686F6C617273204F70656E204170706C6963616E7420496E666F726D6174696F6E2053657373696F6E26616D703B6E6273703B266C743B2F656D2667743B266C743B2F7374726F6E672667743B266C743B7370616E207374796C653D2671756F743B636F6C6F723A20626C61636B3B2671756F743B2667743B746F206C6561726E206D6F72652061626F7574207468652070726F6772616D20616E6420746865206170706C69636174696F6E2070726F636573732E204F70656E2063616C6C732077696C6C2062652068656C64206F6E204D617263682031352C20417072696C20342C26616D703B6E6273703B266C743B2F7370616E2667743B266C743B7374726F6E67207374796C653D2671756F743B636F6C6F723A20626C61636B3B2671756F743B2667743B417072696C2032372028636F6C6C656765206170706C6963616E7473206F6E6C7929266C743B2F7374726F6E672667743B266C743B7370616E207374796C653D2671756F743B636F6C6F723A20626C61636B3B2671756F743B2667743B2C20266C743B2F7370616E2667743B266C743B7370616E207374796C653D2671756F743B636F6C6F723A20626C61636B3B206261636B67726F756E642D636F6C6F723A20726762283235352C203235352C2030293B2671756F743B2667743B4D61792031362C20616E64204A756E6520312E26616D703B6E6273703B266C743B2F7370616E2667743B266C743B2F702667743B266C743B702667743B266C743B7370616E207374796C653D2671756F743B636F6C6F723A20626C61636B3B2671756F743B2667743B26616D703B6E6273703B266C743B2F7370616E2667743B266C743B2F702667743B266C743B702667743B266C743B7370616E207374796C653D2671756F743B636F6C6F723A20626C61636B3B2671756F743B2667743B436865636B206F757426616D703B6E6273703B266C743B2F7370616E2667743B266C743B6120687265663D2671756F743B687474703A2F2F7777772E676F767374656D7363686F6C6172732E636F6D2F6170706C792671756F743B207461726765743D2671756F743B5F626C616E6B2671756F743B207374796C653D2671756F743B636F6C6F723A207267622833332C2033332C203333293B2671756F743B2667743B7777772E676F767374656D7363686F6C6172732E636F6D2F6170706C79266C743B2F612667743B266C743B7370616E207374796C653D2671756F743B636F6C6F723A20626C61636B3B2671756F743B2667743B26616D703B6E6273703B666F722074696D657320616E6420726567697374726174696F6E20696E666F726D6174696F6E2E26616D703B6E6273703B266C743B2F7370616E2667743B266C743B2F702667743B266C743B702667743B266C743B7370616E207374796C653D2671756F743B636F6C6F723A20626C61636B3B2671756F743B2667743B26616D703B6E6273703B266C743B2F7370616E2667743B266C743B2F702667743B266C743B702667743B266C743B7370616E207374796C653D2671756F743B636F6C6F723A20626C61636B3B2671756F743B2667743B2A2A506C65617365207363726F6C6C20646F776E20746F2066696E6420726567697374726174696F6E20696E666F726D6174696F6E206F6E2074686520776562736974652A2A266C743B2F7370616E2667743B266C743B2F702667743B266C743B702667743B266C743B62722667743B266C743B2F702667743B266C743B702667743B266C743B7374726F6E6720636C6173733D2671756F743B716C2D73697A652D6C617267652671756F743B2667743B352920494E524F4144532028496E7465726E73686970204F70706F7274756E697469657329202A266C743B2F7374726F6E672667743B266C743B7374726F6E6720636C6173733D2671756F743B716C2D73697A652D6C617267652671756F743B207374796C653D2671756F743B636F6C6F723A20726762283233302C20302C2030293B2671756F743B2667743B266C743B656D2667743B205765206861766520706C61636564206F7665722031352073747564656E7473207769746820494E524F4144532C2061726520796F75206E6578743F20266C743B2F656D2667743B266C743B2F7374726F6E672667743B266C743B2F702667743B266C743B702667743B26616D703B6E6273703B266C743B7370616E207374796C653D2671756F743B636F6C6F723A207267622833322C2033332C203336293B2671756F743B2667743B466F722073747564656E747320746F20626520656C696769626C6520666F7220494E524F4144532C2074686579206D757374206D65657420746865207175616C696669636174696F6E732062656C6F773A26616D703B6E6273703B26616D703B6E6273703B266C743B2F7370616E2667743B266C743B2F702667743B266C743B756C2667743B266C743B6C692667743B426520612066756C6C2D74696D6520756E646572677261647561746520636F6C6C6567652073747564656E742077697468206174206C6561737420312073756D6D6572206F722032372063726564697420686F75727326616D703B6E6273703B72656D61696E696E6726616D703B6E6273703B6265666F72652067726164756174696E6720636F6C6C65676526616D703B6E6273703B266C743B2F6C692667743B266C743B6C692667743B4861766520612043756D756C617469766520477261646520506F696E742041766572616765202847504129206F6620322E38206F72206869676865722C20616E6426616D703B6E6273703B26616D703B6E6273703B266C743B2F6C692667743B266C743B6C692667743B4D616A6F7220696E20427573696E6573732C205354454D2C206F72204C69626572616C204172747326616D703B6E6273703B266C743B2F6C692667743B266C743B2F756C2667743B266C743B702667743B266C743B7370616E207374796C653D2671756F743B636F6C6F723A2072676228302C203131322C20313932293B2671756F743B2667743B26616D703B6E6273703B266C743B2F7370616E2667743B266C743B2F702667743B266C743B702667743B42656C6F772061726520612066657720636F6D70616E69657326616D703B6E6273703B776865726526616D703B6E6273703B6F757220696E7465726E732068617665206265656E20706C616365643A26616D703B6E6273703B266C743B2F702667743B266C743B756C2667743B266C743B6C692667743B4C332048415252495326616D703B6E6273703B266C743B2F6C692667743B266C743B6C692667743B484F52495A4F4E20424C55452043524F535326616D703B6E6273703B266C743B2F6C692667743B266C743B6C692667743B4C4F55495326616D703B6E6273703B56554954544F4E26616D703B6E6273703B4D4F45542048454E4E4553535926616D703B6E6273703B266C743B2F6C692667743B266C743B6C692667743B414E544552495826616D703B6E6273703B266C743B2F6C692667743B266C743B6C692667743B5046495A455226616D703B6E6273703B266C743B2F6C692667743B266C743B6C692667743B53414E4F464926616D703B6E6273703B266C743B7370616E207374796C653D2671756F743B636F6C6F723A20726762283235352C20302C2030293B2671756F743B2667743B26616D703B6E6273703B266C743B2F7370616E2667743B266C743B2F6C692667743B266C743B2F756C2667743B266C743B702667743B266C743B62722667743B266C743B2F702667743B266C743B702667743B43616E646964617465732063616E206170706C7920746F20494E524F41445326616D703B6E6273703B766961206F757226616D703B6E6273703B77656273697465266C743B7370616E207374796C653D2671756F743B636F6C6F723A20726762283235352C20302C2030293B2671756F743B2667743B26616D703B6E6273703B266C743B2F7370616E2667743B266C743B6120687265663D2671756F743B687474703A2F2F7777772E696E726F6164732E6F72672F2671756F743B207461726765743D2671756F743B5F626C616E6B2671756F743B207374796C653D2671756F743B636F6C6F723A207267622831372C2038352C20323034293B206261636B67726F756E642D636F6C6F723A20726762283235352C203235352C20323535293B2671756F743B2667743B7777772E696E726F6164732E6F72672F4150504C59266C743B2F612667743B26616D703B6E6273703B266C743B2F702667743B266C743B702667743B266C743B62722667743B266C743B2F702667743B266C743B702667743B266C743B62722667743B266C743B2F702667743B266C743B702667743B266C743B7374726F6E6720636C6173733D2671756F743B716C2D73697A652D6C617267652671756F743B207374796C653D2671756F743B636F6C6F723A207267622833312C2033312C203331293B2671756F743B2667743B362920536861726520796F757220726573756D6520776974682074686573652028686972696E67212920636F6D70616E696573266C743B2F7374726F6E672667743B202820576F6D656E20666F6375736564206F70706F7274756E6974792920266C743B2F702667743B266C743B702667743B266C743B62722667743B266C743B2F702667743B266C743B702667743B41726520796F75206F6E20746865206C6F6F6B6F757420666F7220796F7572206E65787420636172656572206C6561703F2057616E7420746F2067726F7720796F757220636172656572206174206120636F6D70616E7920746861742077696C6C20737570706F727420796F752061742065766572792073746570206F6620746865207761793F20576526233033393B766520676F7420796F7520636F76657265642126616D703B6E6273703B266C743B2F702667743B266C743B702667743B26616D703B6E6273703B266C743B2F702667743B266C743B702667743B4661697279476F64426F73732068617320706172746E65726564207769746820313126616D703B6E6273703B677265617420636F6D70616E69657320746861742068617665206120747261636B207265636F7264206F6620737570706F7274696E6720776F6D656E206C696B6520796F7520696E20746865697220636172656572206A6F75726E6579732E204576656E2062657474657220E28094207468657926233033393B7265206163746976656C792072656372756974696E6720666F72206120776964652072616E6765206F6620726F6C657320616E642070726F66657373696F6E616C206C6576656C7321266C743B2F702667743B266C743B702667743B266C743B62722667743B266C743B2F702667743B266C743B702667743B266C743B6120687265663D2671756F743B687474703A2F2F6C696E6B2E696E666F2E6661697279676F64626F73732E636F6D2F6C732F636C69636B3F75706E3D7A75436759625A454C787A71386166594C4F5A77576A2D324634564E494A4976464758516C67776F4E446E657A617050724A44554968736531577858756132457155597A724750594D584670766D4A485661337771666B55326F673932547452514B7649535A6177614C70317652443144672D3242337250384574684E4868494D634C6732637554703237373077414247306464787141375767364C67742D32464B4548635569676B4834497A6A426C672D3344427A4D515F626F7732784B4875517A4464324A54566861433841597A656B484733435872726A4A576163484E2D32427A4544584968676C6B4D397175416431622D32424E354F706A354A5758786A654C4E5A77302D32427A55574E37776D4A7542396E4B78395A587750464D2D32422D3246496D7252452D32467A44445173777979706352374F4559484248773764374F4930346E6172596F65796B597A2D32463031446A546562534A63625977384D4F5534514B475875495271615A2D32426A48523473585A5A617A65334B76577A6171746E6E4A3333705A5778365434546B6F75665350684A484757323352576561344F666857762D3246437430364E516D396B6B4835643936533154784A4668596A3854384E356579655A6F38392D324644356A5979454D2D3246522D3246754843463959564753695A314A594D316666453138587A536E394D49703277434D307448595156527044785931584E6A6D624755684968372D32466D4C6146496671774A59306E725254334771796E67536E7030414836754B6E5454636D63646C6F344D496C7244544E4445697137776D2D32464865684873437A5552716963553634556C4F4234303271693763435945365A516A6847776D346263444F2D324231725669553961625137414A486A31506835385834326643466D2D3242744C61354E2D3246387A5849637271444D554C304B33736E6374713578715A7643393074382D33442671756F743B207461726765743D2671756F743B5F626C616E6B2671756F743B2667743B41636869657665266C743B2F612667743B207C20266C743B6120687265663D2671756F743B687474703A2F2F6C696E6B2E696E666F2E6661697279676F64626F73732E636F6D2F6C732F636C69636B3F75706E3D7A75436759625A454C787A71386166594C4F5A77576A2D324634564E494A4976464758516C67776F4E446E657A617050724A445549687365315778587561324571553558697469304570554553774B565649636B392D32425A4D772D3242796D786E4546437335343277392D32465174663968494B4145686745505856616F586757503765643976562D324264584E6B534F3253566C47666575786A6B716E646C7271515049756A567A4A4636317A4D61643753772D3344566E79575F626F7732784B4875517A4464324A54566861433841597A656B484733435872726A4A576163484E2D32427A4544584968676C6B4D397175416431622D32424E354F706A354A5758786A654C4E5A77302D32427A55574E37776D4A7542396E4B78395A587750464D2D32422D3246496D7252452D32467A44445173777979706352374F4559484248773764374F4930346E6172596F65796B597A2D32463031446A546562534A63625977384D4F5534514B475875495271615A2D32426A48523473585A5A617A65334B76577A6171746E6E4A3333705A5778365434546B6F75665350684A484757323352576561344F666857762D3246437430364E516D396B6B4835643936533154784A4668596A3854384E356579655A6F38392D324644356A5979454D2D3246522D32467548434D5350312D3242325A736A77484D50324A6843504B3772702D32464E2D324257303939785A612D324649474A324B37736549576A427237386832674161646133476A624F4E706241414F4B305777536B7A31572D3242655A7177574E494C6D50596454716332334F746B793656456651514E77445659502D32426738387474444C2D3242784D795768336534464C42504C6F6C45574C733666347633613443774E4A5670555732496A696E6E7262534D2D3242312D324671746F495647727674775054455A785348642D3246494D6F395957422D324252366436596E52384559762D3242714D384E6136497776732D33442671756F743B207461726765743D2671756F743B5F626C616E6B2671756F743B2667743B43756D6D696E73266C743B2F612667743B207C20266C743B6120687265663D2671756F743B687474703A2F2F6C696E6B2E696E666F2E6661697279676F64626F73732E636F6D2F6C732F636C69636B3F75706E3D7A75436759625A454C787A71386166594C4F5A77576A2D324634564E494A4976464758516C67776F4E446E657A617050724A445549687365315778587561324571557541325847547073784B4C6B7243594D7146444C715362754E7954796A75574738556264654D5A4B41485A385957514E663639345166494246476170374E35616437444A63675A3852334359794E364E4756574362386534395A43514C44675076714548556133595843382D33444C5632685F626F7732784B4875517A4464324A54566861433841597A656B484733435872726A4A576163484E2D32427A4544584968676C6B4D397175416431622D32424E354F706A354A5758786A654C4E5A77302D32427A55574E37776D4A7542396E4B78395A587750464D2D32422D3246496D7252452D32467A44445173777979706352374F4559484248773764374F4930346E6172596F65796B597A2D32463031446A546562534A63625977384D4F5534514B475875495271615A2D32426A48523473585A5A617A65334B76577A6171746E6E4A3333705A5778365434546B6F75665350684A484757323352576561344F666857762D3246437430364E516D396B6B4835643936533154784A4668596A3854384E356579655A6F38392D324644356A5979454D2D3246522D32467548434543544C6E45516E5A6457644D7031526F323657666931325471486F307664444654767731586E797162524C754642356A494761674470596467555632676C50623270714E735172764D727852356C5632425A766D5446596A5248643752356344456D6D536671684563624C62364C53574B6162427A55656E376F34354173494E546955793775394E384C716B5361636E5A4A49784C32573852726F7830487872665366645551306F505370584663474547416562746C666E63556C31775657562D324637483555774845563837386B536A6B77696850412D33442671756F743B207461726765743D2671756F743B5F626C616E6B2671756F743B2667743B44657574736368652042616E6B266C743B2F612667743B207C20266C743B6120687265663D2671756F743B687474703A2F2F6C696E6B2E696E666F2E6661697279676F64626F73732E636F6D2F6C732F636C69636B3F75706E3D7A75436759625A454C787A71386166594C4F5A77576A2D324634564E494A4976464758516C67776F4E446E657A617050724A44554968736531577858756132457155743655535858784B4A7A564A69555834706D50656B5A68396D4F6C427374554B42516C33336D6273564174457634495054696B7473426478393248335962375543735037766A346253526D5A753235484D3934303664494E4E73704179763238656241716E774C484261382D3344785A5F5F5F626F7732784B4875517A4464324A54566861433841597A656B484733435872726A4A576163484E2D32427A4544584968676C6B4D397175416431622D32424E354F706A354A5758786A654C4E5A77302D32427A55574E37776D4A7542396E4B78395A587750464D2D32422D3246496D7252452D32467A44445173777979706352374F4559484248773764374F4930346E6172596F65796B597A2D32463031446A546562534A63625977384D4F5534514B475875495271615A2D32426A48523473585A5A617A65334B76577A6171746E6E4A3333705A5778365434546B6F75665350684A484757323352576561344F666857762D3246437430364E516D396B6B4835643936533154784A4668596A3854384E356579655A6F38392D324644356A5979454D2D3246522D32467548434C3132514F6B5A784E566C2D32422D3242476E6D554C69376A55386263427A68676F2D32466A49412D324665703271345A724D49335341484F755977506578336234594C55324E577042763969567A6B736454425A75696D6E36314D574477546F57336E50356A37475149316F72597A386F32544D7247312D32424F576F3039726741317978526D6C61614744645268416D7373416E75677354555A4A4A305230375838364D356B30796C76434F424F436E7671306366717573734E66476D373265306C63544C755733794B592D32464A7135735072785979586B66594F7A3841382D33442671756F743B207461726765743D2671756F743B5F626C616E6B2671756F743B2667743B44697368266C743B2F612667743B207C20266C743B6120687265663D2671756F743B687474703A2F2F6C696E6B2E696E666F2E6661697279676F64626F73732E636F6D2F6C732F636C69636B3F75706E3D7A75436759625A454C787A71386166594C4F5A77576A2D324634564E494A4976464758516C67776F4E446E657A617050724A44554968736531577858756132457155723774472D3246517A624C6E2D324274372D32426F5455742D324274344233626C58666959436F7A5A715050644E4152456B79526D596150414D5456714B4E79776349716A2D3246455958757856735A45336C6A474542656B626A4274476B447070584A5A4E736E446753762D32422D32422D32466358494435592D3344536A69595F626F7732784B4875517A4464324A54566861433841597A656B484733435872726A4A576163484E2D32427A4544584968676C6B4D397175416431622D32424E354F706A354A5758786A654C4E5A77302D32427A55574E37776D4A7542396E4B78395A587750464D2D32422D3246496D7252452D32467A44445173777979706352374F4559484248773764374F4930346E6172596F65796B597A2D32463031446A546562534A63625977384D4F5534514B475875495271615A2D32426A48523473585A5A617A65334B76577A6171746E6E4A3333705A5778365434546B6F75665350684A484757323352576561344F666857762D3246437430364E516D396B6B4835643936533154784A4668596A3854384E356579655A6F38392D324644356A5979454D2D3246522D32467548434C6D674D504A3454704D65486763373851797A634D4B624B6363687A4B557972493652762D3242712D324666726C6D36363378454F54554A6947756135384E723972756B4C69626149466D764259415979524378657151456F2D3246705A41674163716C6172614C4251307243655263656A41366D376533492D32466D3943324169596754596F4F44674A6364372D32466F36677531424D5A3932747A574D332D32427468726D2D32426F764D757A4F435542636C57474D4261386559304F434267717A41414A6F622D3242444B415376685342304949627753414643504C30684E666C436B2D33442671756F743B207461726765743D2671756F743B5F626C616E6B2671756F743B2667743B4C6569646F7320266C743B2F612667743B7C20266C743B6120687265663D2671756F743B687474703A2F2F6C696E6B2E696E666F2E6661697279676F64626F73732E636F6D2F6C732F636C69636B3F75706E3D7A75436759625A454C787A71386166594C4F5A77576A2D324634564E494A4976464758516C67776F4E446E657A617050724A4455496873653157785875613245715571494B675935716E59672D32464F54497979594468715357656470586162446556666847724F4C306C71475533307542676B5754784641535567477A4C75387A556B427463456479544E4B656F363162595665745A6A646472346B76394E76476F78377634565752544451346F4E732D324678466770414E546C4335312D32464B4855485934427772615F626F7732784B4875517A4464324A54566861433841597A656B484733435872726A4A576163484E2D32427A4544584968676C6B4D397175416431622D32424E354F706A354A5758786A654C4E5A77302D32427A55574E37776D4A7542396E4B78395A587750464D2D32422D3246496D7252452D32467A44445173777979706352374F4559484248773764374F4930346E6172596F65796B597A2D32463031446A546562534A63625977384D4F5534514B475875495271615A2D32426A48523473585A5A617A65334B76577A6171746E6E4A3333705A5778365434546B6F75665350684A484757323352576561344F666857762D3246437430364E516D396B6B4835643936533154784A4668596A3854384E356579655A6F38392D324644356A5979454D2D3246522D32467548434F44397670505A5931386C6167723578774B5164454362744646337838314B772D32464E2D3246793548714C742D32425954563041347477324765584D6F33534638746451304F46713450704772445931694E54616D50754A674F514549776D486178756F4B476F47464E65685A5671486F4E4A7578786C5A446569765038486D4F416B34776D70595A6E444C6643686F435739304B42736976415769794E724D42496945703441344D6B656849445735583772732D32465A32683057436D742D3242654743347458514D696A373171733163687857526179754C6F5136666B2D33442671756F743B207461726765743D2671756F743B5F626C616E6B2671756F743B2667743B504A4D20496E746572636F6E6E656374696F6E266C743B2F612667743B207C20266C743B6120687265663D2671756F743B687474703A2F2F6C696E6B2E696E666F2E6661697279676F64626F73732E636F6D2F6C732F636C69636B3F75706E3D7A75436759625A454C787A71386166594C4F5A77576A2D324634564E494A4976464758516C67776F4E446E657A617050724A44554968736531577858756132457155793550776F7541333338713774396D34786E50645375644E657871506B487576783047624F6257474B4F624F504D4B42774863384349725968707157746C5969694F35413433707244653434675A4663694A46565230655370647A413259635A4D5A794E4438466B4670302D334463757A425F626F7732784B4875517A4464324A54566861433841597A656B484733435872726A4A576163484E2D32427A4544584968676C6B4D397175416431622D32424E354F706A354A5758786A654C4E5A77302D32427A55574E37776D4A7542396E4B78395A587750464D2D32422D3246496D7252452D32467A44445173777979706352374F4559484248773764374F4930346E6172596F65796B597A2D32463031446A546562534A63625977384D4F5534514B475875495271615A2D32426A48523473585A5A617A65334B76577A6171746E6E4A3333705A5778365434546B6F75665350684A484757323352576561344F666857762D3246437430364E516D396B6B4835643936533154784A4668596A3854384E356579655A6F38392D324644356A5979454D2D3246522D32467548434359523977356B59646332764C31447A4979366832484375657233394D5167434E663944337433473241686547484F336D555947386265385268467330322D324231756336417637476E45686D71454B4373336C77584169446D78766A5652726B553235622D32425A74496856652D32463361506F724A757642786C497045596E44737A47487A37557569714F695264312D3242475335796E75635864716F576165346B544B58582D3242596D574A35736B2D32467A6E61366633746E74454B7358477971494F2D324636304374782D324273754D396A6852734C656C354F4E5169487444552D33442671756F743B207461726765743D2671756F743B5F626C616E6B2671756F743B2667743B50727564656E7469616C2046696E616E6369616C266C743B2F612667743B207C20266C743B6120687265663D2671756F743B687474703A2F2F6C696E6B2E696E666F2E6661697279676F64626F73732E636F6D2F6C732F636C69636B3F75706E3D7A75436759625A454C787A71386166594C4F5A77576A2D324634564E494A4976464758516C67776F4E446E657A617050724A4455496873653157785875613245715559396E6A424E554C725662773635492D3242504476686C7A65356C643271592D324278542D3242392D32466C5059773174533254647A58506F6636706E61483473776F2D32426A72796D54325839374562516A3131792D324239336D5233584370514A645A4A5031356E7546416E472D32462D3242674E554B576F2D33445A5047715F626F7732784B4875517A4464324A54566861433841597A656B484733435872726A4A576163484E2D32427A4544584968676C6B4D397175416431622D32424E354F706A354A5758786A654C4E5A77302D32427A55574E37776D4A7542396E4B78395A587750464D2D32422D3246496D7252452D32467A44445173777979706352374F4559484248773764374F4930346E6172596F65796B597A2D32463031446A546562534A63625977384D4F5534514B475875495271615A2D32426A48523473585A5A617A65334B76577A6171746E6E4A3333705A5778365434546B6F75665350684A484757323352576561344F666857762D3246437430364E516D396B6B4835643936533154784A4668596A3854384E356579655A6F38392D324644356A5979454D2D3246522D32467548434D696B2D32466A51366B64716566445271434E636D656A4C746770674C624A417533583066765A73366233304B765668757054336179615874357A675475456D616F38352D3242356E576B4B2D32466D6A2D324630696B6547465066654B5244445048416E757A77546E334831613055324777534B456B4462526C4238585965566E6D436D4E764F666C613433534C465A7558483837714B786C2D324253377473366F6E6571442D3246394E3639363131674C4F6E3769534C434B6A2D3246394B3638654C6472384D5A6D3754477761332D324645326D3734504648626C3770317A474669552D33442671756F743B207461726765743D2671756F743B5F626C616E6B2671756F743B2667743B507743266C743B2F612667743B207C20266C743B6120687265663D2671756F743B687474703A2F2F6C696E6B2E696E666F2E6661697279676F64626F73732E636F6D2F6C732F636C69636B3F75706E3D7A75436759625A454C787A71386166594C4F5A77576A2D324634564E494A4976464758516C67776F4E446E657A617050724A445549687365315778587561324571556966356574487A2D324263427853306347784E2D3246736F4B68426B62676D75764336395955653248614D5934536279524F564C4C496557617149706A39727A795365534A6466456B4169573253367A6E7A375936744F535A586B68697230555743753861364A64493668514F4259336B456841495052684D746D59694E4138536B63474F674D465F626F7732784B4875517A4464324A54566861433841597A656B484733435872726A4A576163484E2D32427A4544584968676C6B4D397175416431622D32424E354F706A354A5758786A654C4E5A77302D32427A55574E37776D4A7542396E4B78395A587750464D2D32422D3246496D7252452D32467A44445173777979706352374F4559484248773764374F4930346E6172596F65796B597A2D32463031446A546562534A63625977384D4F5534514B475875495271615A2D32426A48523473585A5A617A65334B76577A6171746E6E4A3333705A5778365434546B6F75665350684A484757323352576561344F666857762D3246437430364E516D396B6B4835643936533154784A4668596A3854384E356579655A6F38392D324644356A5979454D2D3246522D324675484347426F6C356E4570696B4F4E666B7239534351306E3670794238376D5A6C63757733376D61692D32426B50495A2D3242364C4C51526239474B496C6D687672774C4654352D3246672D3246376E7456566A625930686947504F6B2D32423275614C546C53514B6376396D4644636165493265393172597670613059557A6C72724A67644E64694A7653444F526D32706F31445457676661616935515267376958794763425836346E364367544C5542707464527546614B625844774D735A4E7838536836796555476D6B7234787A7468794A3767756B73344B626574583131492D33442671756F743B207461726765743D2671756F743B5F626C616E6B2671756F743B2667743B5375746865726C616E64266C743B2F612667743B207C266C743B6120687265663D2671756F743B687474703A2F2F6C696E6B2E696E666F2E6661697279676F64626F73732E636F6D2F6C732F636C69636B3F75706E3D7A75436759625A454C787A71386166594C4F5A77576A2D324634564E494A4976464758516C67776F4E446E657A617050724A44554968736531577858756132457155345866424F78524F63336D6D613572626D797939453533456C3271456D486F4C654E4A6F6A686D6A4D526D5A69574D35626C4C6B6C4849584D7872684751476D4F4578454B625642644F377A6530305A65346E2D32464F70794A6E702D3246686A4742475A4F4948716961415135732D3344755166505F626F7732784B4875517A4464324A54566861433841597A656B484733435872726A4A576163484E2D32427A4544584968676C6B4D397175416431622D32424E354F706A354A5758786A654C4E5A77302D32427A55574E37776D4A7542396E4B78395A587750464D2D32422D3246496D7252452D32467A44445173777979706352374F4559484248773764374F4930346E6172596F65796B597A2D32463031446A546562534A63625977384D4F5534514B475875495271615A2D32426A48523473585A5A617A65334B76577A6171746E6E4A3333705A5778365434546B6F75665350684A484757323352576561344F666857762D3246437430364E516D396B6B4835643936533154784A4668596A3854384E356579655A6F38392D324644356A5979454D2D3246522D3246754843464F585379524A6C4F644C6D555654566C6E794C3048336D3333634A2D32422D32466C2D3242394653412D32427952627A5555695869414C65435175716E44457A52454B776263542D32466B71757A49386A646738375343794C66546C62736B55516C352D32466F366D372D324266647348774F64444B38694C35514343526B767A555A6F69765A3653694F73544E3348764A38545974575373754F4E54364134596A7846723972467138576E73433736736F4159673641584F7A4E41537154662D32424F6A34485144466250622D32466B6A61744C66626B673766385A5A62514C614A3578536B2D33442671756F743B207461726765743D2671756F743B5F626C616E6B2671756F743B2667743B205465726D696E6978266C743B2F612667743B207C20266C743B6120687265663D2671756F743B687474703A2F2F6C696E6B2E696E666F2E6661697279676F64626F73732E636F6D2F6C732F636C69636B3F75706E3D7A75436759625A454C787A71386166594C4F5A77576A2D324634564E494A4976464758516C67776F4E446E657A617050724A44554968736531577858756132457155593671453242412D32426E50426B64696D4252666F47515977314A5366426B733643627A4B4363517A565675387874364254554E66777168324371637A366B717174546446434C7A53557A3134704B4948494A5662546A717338634E4C3974786A446E64766A6A38354B4B796B2D33446F48452D5F626F7732784B4875517A4464324A54566861433841597A656B484733435872726A4A576163484E2D32427A4544584968676C6B4D397175416431622D32424E354F706A354A5758786A654C4E5A77302D32427A55574E37776D4A7542396E4B78395A587750464D2D32422D3246496D7252452D32467A44445173777979706352374F4559484248773764374F4930346E6172596F65796B597A2D32463031446A546562534A63625977384D4F5534514B475875495271615A2D32426A48523473585A5A617A65334B76577A6171746E6E4A3333705A5778365434546B6F75665350684A484757323352576561344F666857762D3246437430364E516D396B6B4835643936533154784A4668596A3854384E356579655A6F38392D324644356A5979454D2D3246522D32467548434D6844424D414458546C3259375155586E694246554E6B75676578354E7451386A69795A7765596449746A55786D6937476E694338523845742D32465051717356374C594454364A44363035764B77323055714664374F3635555A375244335A36572D324251413638694C444E55316B3456754D30585675734F6E6B78574B6C7532436743534F5336513073652D32423473662D32465863535A3636537470327548644C6B474775726B7436496152456268486B4D566F6477492D324671794E456B684E2D324657536B2D324273796943542D3246536D7979336378745A3530466B726A71632D33442671756F743B207461726765743D2671756F743B5F626C616E6B2671756F743B2667743B57574520266C743B2F612667743B20266C743B2F702667743B266C743B702667743B26616D703B6E6273703B26616D703B6E6273703B266C743B2F702667743B266C743B702667743B496620796F7526233033393B64206C696B6520746F2074616B6520746865206E657874207374657020696E20796F757220636172656572206A6F75726E65792C20616C6C20796F75206861766520746F20646F20697320636C69636B2074686520666F6C6C6F77696E6720627574746F6E20616E6420736861726520796F757220726573756D65206279204672696461792C204D617920323674682E20546865736520636F6D70616E69657320617265206578636974656420746F206D65657420796F7521266C743B2F702667743B266C743B702667743B266C743B62722667743B266C743B2F702667743B266C743B702667743B266C743B6120687265663D2671756F743B68747470733A2F2F6661697279676F64626F73732E74797065666F726D2E636F6D2F726573756D652D64726F703F75746D5F736F757263653D73656E646772696426616D703B616D703B75746D5F6D656469756D3D656D61696C26616D703B616D703B75746D5F63616D706169676E3D64656469636174656430342E32382E32332671756F743B207461726765743D2671756F743B5F626C616E6B2671756F743B2667743B4A6F696E2054686520526573756D652044726F7020746F64617921266C743B2F612667743B266C743B2F702667743B266C743B702667743B266C743B62722667743B266C743B2F702667743B266C743B702667743B266C743B62722667743B266C743B2F702667743B266C743B702667743B266C743B7374726F6E6720636C6173733D2671756F743B716C2D73697A652D6C617267652671756F743B2667743B372920546170696120526573756D65204461746162617365266C743B2F7374726F6E672667743B266C743B2F702667743B266C743B702667743B44696420796F75206B6E6F772C207468617420796F7520646F206E6F74206861766520746F20617474656E642074686520546170696120436F6E666572656E636520746F207375626D6974206120726573756D653F20266C743B6120687265663D2671756F743B68747470733A2F2F7461706961636F6E666572656E63652E636D642D69742E6F72672F7375626D69742D726573756D652F2671756F743B207461726765743D2671756F743B5F626C616E6B2671756F743B2667743B5375626D697420796F7520726573756D6573266C743B2F612667743B206F6E2074686520546170696120526573756D6520446174616261736520746F206861766520746F7020656D706C6F796572732072657669657720796F757220726573756D652E20266C743B7374726F6E67207374796C653D2671756F743B636F6C6F723A20726762283233302C20302C2030293B2671756F743B2667743B204A757374206265207375726520746F20696E6469636174652073756368206F6E20746865207375626D697373696F6E20666F726D2E266C743B2F7374726F6E672667743B266C743B2F702667743B266C743B702667743B266C743B62722667743B266C743B2F702667743B266C743B702667743B266C743B7374726F6E6720636C6173733D2671756F743B716C2D73697A652D6C617267652671756F743B2667743B38292053756D6D657220496E7465726E7368697073204F70706F7274756E697469657320766961204E4A2043617265657220416363656C657261746F72204772616E742050726F6772616D266C743B2F7374726F6E672667743B266C743B2F702667743B266C743B702667743B266C743B7370616E207374796C653D2671756F743B636F6C6F723A207267622833342C2033342C203334293B2671756F743B2667743B4F766572266C743B2F7370616E2667743B266C743B7374726F6E67207374796C653D2671756F743B636F6C6F723A207267622833342C2033342C203334293B2671756F743B2667743B2031323520656D706C6F79657273266C743B2F7374726F6E672667743B266C743B7370616E207374796C653D2671756F743B636F6C6F723A207267622833342C2033342C203334293B2671756F743B2667743B26616D703B6E6273703B7365656B696E67206F76657226616D703B6E6273703B266C743B2F7370616E2667743B266C743B7374726F6E67207374796C653D2671756F743B636F6C6F723A207267622833342C2033342C203334293B2671756F743B2667743B35303020696E7465726E7326616D703B6E6273703B266C743B2F7374726F6E672667743B266C743B7370616E207374796C653D2671756F743B636F6C6F723A207267622833342C2033342C203334293B2671756F743B2667743B6163726F7373207468652073746174652E2054686520626F6F6B6C65742069732062726F6B656E20646F776E206279266C743B2F7370616E2667743B266C743B7374726F6E67207374796C653D2671756F743B636F6C6F723A207267622833342C2033342C203334293B2671756F743B2667743B26616D703B6E6273703B696E647573747279266C743B2F7374726F6E672667743B266C743B7370616E207374796C653D2671756F743B636F6C6F723A207267622833342C2033342C203334293B2671756F743B2667743B26616D703B6E6273703B62757420736F6D6520726F6C65732063726F737320696E64757374726965732E266C743B2F7370616E2667743B202D20266C743B6120687265663D2671756F743B68747470733A2F2F7777772E73746174652E6E6A2E75732F686967686572656475636174696F6E2F646F63756D656E74732F7064662F4E4A25323043414947502532304F70706F7274756E69746965732532306279253230696E6475737472792E7064662671756F743B207461726765743D2671756F743B5F626C616E6B2671756F743B2667743B4578706C6F726520746865206C69737420686572652120266C743B2F612667743B266C743B2F702667743B266C743B702667743B266C743B62722667743B266C743B2F702667743B266C743B702667743B266C743B7374726F6E6720636C6173733D2671756F743B716C2D73697A652D6C617267652671756F743B2667743B3929204769726C732057686F20436F6465204F70706F7274756E69746965732020266C743B2F7374726F6E672667743B202820576F6D656E20666F6375736564206F70706F7274756E6974792920266C743B2F702667743B266C743B756C2667743B266C743B6C692667743B266C743B7374726F6E672667743B26616D703B6E6273703B4275696C6420796F7572206C65616465727368697020736B696C6C733A266C743B2F7374726F6E672667743B26616D703B6E6273703B4A6F696E206F7572204C6561646572736869702041636164656D792C206120666F75722D6D6F6E74682D6C6F6E672070726F6772616D20666F7220726973696E6720746869726420616E6420666F757274682D796561722073747564656E747320746F20636F6D6520746F67657468657220746F206C6561726E20696E20736D616C6C20636F686F7274732C20706172746963697061746520696E2070726F6772616D732C2067726F77206E6574776F726B732C20616E6420636F6D706C65746520612063617073746F6E652070726F6A6563742E20546869732070726F6772616D206F666665727320612073746970656E6420746F20616C6C207061727469636970616E74732E26616D703B6E6273703B26616D703B6E6273703B266C743B6120687265663D2671756F743B68747470733A2F2F6769726C7377686F636F64652E636D61696C32302E636F6D2F742F642D6C2D7A7574697568742D6A696C646B646A746C6C2D642F2671756F743B207461726765743D2671756F743B5F626C616E6B2671756F743B207374796C653D2671756F743B636F6C6F723A207267622833382C203135352C20313434293B2671756F743B2667743B4170706C7920746F646179266C743B2F612667743B21266C743B2F6C692667743B266C743B6C692667743B266C743B7374726F6E672667743B5072657070696E6720666F72206120546563686E6963616C20496E746572766965773F26616D703B6E6273703B266C743B2F7374726F6E672667743B506172746963697061746520696E207468652047574320546563686E6963616C20496E7465727669657720507265702070726F6772616D207468697320537072696E6721205369676E20757020666F72206F75722066726565206F6E6C696E6520466F7261676520636F7572736526616D703B6E6273703B266C743B6120687265663D2671756F743B68747470733A2F2F6769726C7377686F636F64652E636D61696C32302E636F6D2F742F642D6C2D7A7574697568742D6A696C646B646A746C6C2D682F2671756F743B207461726765743D2671756F743B5F626C616E6B2671756F743B207374796C653D2671756F743B636F6C6F723A207267622833382C203135352C20313434293B2671756F743B2667743B68657265266C743B2F612667743B26616D703B6E6273703B746F20707261637469636520646966666572656E74207479706573206F6620746563686E6963616C20696E7465727669657773206F6E20796F7572206F776E2074696D652E266C743B2F6C692667743B266C743B6C692667743B266C743B7374726F6E672667743B4A6F696E204F757220416C756D6E6920466F6375732047726F75703A26616D703B6E6273703B266C743B2F7374726F6E672667743B4769726C732057686F20436F6465206973206C61756E6368696E672061206E657720726573656172636820696E697469617469766520666F637573696E67206F6E206F757220616C756D6E69E2809973206561726C792063617265657220657870657269656E63657320696E2074686520746563682073706163652C20616E642077652077616E7420746F20686561722066726F6D20796F752E204170706C7926616D703B6E6273703B266C743B6120687265663D2671756F743B68747470733A2F2F6769726C7377686F636F64652E636D61696C32302E636F6D2F742F642D6C2D7A7574697568742D6A696C646B646A746C6C2D6B2F2671756F743B207461726765743D2671756F743B5F626C616E6B2671756F743B207374796C653D2671756F743B636F6C6F723A207267622833382C203135352C20313434293B2671756F743B2667743B6865726526616D703B6E6273703B266C743B2F612667743B746F206A6F696E206F757220416C756D6E6920466F6375732067726F757020746869732073756D6D65722E2053656C6563746564207061727469636970616E74732077696C6C20616C736F207265636569766520612024353020416D617A6F6E206769667420636172642E266C743B2F6C692667743B266C743B2F756C2667743B266C743B702667743B266C743B62722667743B266C743B2F702667743B266C743B702667743B266C743B7374726F6E6720636C6173733D2671756F743B716C2D73697A652D6C617267652671756F743B2667743B266C743B656D2667743B5468617426233033393B7320616C6C20666F72206E6F77212042657374206F66206C75636B20616E64206170706C792121212121266C743B2F656D2667743B266C743B2F7374726F6E672667743B266C743B2F702667743B266C743B702667743B266C743B62722667743B266C743B2F702667743B,0,0,761),(10,1,'2023-05-04 15:21:40',14,0x5B434C4F53494E47204D4F4E4441595D20474D4953204B65616E205363686F6C6172204170706C69636174696F6E20447565206279206D69646E6967687421,0x266C743B702667743B266C743B7374726F6E6720636C6173733D2671756F743B716C2D73697A652D6C617267652671756F743B2667743B4C617374206368616E636520746F206170706C7920746F2062652061204B65616E205363686F6C617221266C743B2F7374726F6E672667743B266C743B2F702667743B266C743B702667743B266C743B62722667743B266C743B2F702667743B266C743B702667743B41732061204B65616E205363686F6C61722C20796F752077696C6C206861766520746865206F70706F7274756E69747920746F20617474656E642074686520266C743B7370616E207374796C653D2671756F743B636F6C6F723A207267622833322C2033332C203336293B2671756F743B2667743B4772656174204D696E647320696E205354454D2020436F6E666572656E63652028266C743B2F7370616E2667743B474D49532920746869732066616C6C20746F206E6574776F726B207769746820696E6475737472792070726F66657373696F6E616C20616E642067726F772070726F66657373696F6E616C6C792E266C743B2F702667743B266C743B702667743B266C743B62722667743B266C743B2F702667743B266C743B702667743B5468697320796561722074686520636F6E666572656E63652077696C6C20626520686F7374656420696E205061736164656E612C2043616C69666F726E69612066726F6D204F63746F6265722031317468202D20313474682E20266C743B2F702667743B266C743B702667743B266C743B62722667743B266C743B2F702667743B266C743B756C2667743B266C743B6C692667743B266C743B7370616E207374796C653D2671756F743B636F6C6F723A207267622833322C2033332C203336293B2671756F743B2667743B4772656174204D696E647320696E205354454D2069732061206772656174206F70706F7274756E69747920746F206D6565742073747564656E7473206F6E207468652073616D65207061746820617320796F752E20266C743B2F7370616E2667743B266C743B2F6C692667743B266C743B6C692667743B4E6574776F726B207769746820746F7020656D706C6F796572732073756368206173204C6F636B68656564204D617274696E2C204E6F727468726F70204772756D6D616E2C20476F6F676C6520616E64206D6F726521266C743B2F6C692667743B266C743B6C692667743B436F6E6E6563742077697468206F74686572204341485349207363686F6F6C7320666F72206F70706F7274756E697469657326616D703B6E6273703B696E2072657365617263682C206772616475617465207363686F6F6C2C20616E64206576656E2050682E442E207363686F6F6C732E20266C743B2F6C692667743B266C743B2F756C2667743B266C743B702667743B266C743B62722667743B266C743B2F702667743B266C743B702667743B266C743B62722667743B266C743B2F702667743B266C743B702667743B266C743B7374726F6E67207374796C653D2671756F743B636F6C6F723A20726762283233302C20302C2030293B2671756F743B2667743B416C6C207468697320616E64206D756368206D6F72652E2E2E2E2E2E62657374207061727420697426233033393B73204652454521212121266C743B2F7374726F6E672667743B266C743B2F702667743B266C743B702667743B266C743B62722667743B266C743B2F702667743B266C743B702667743B266C743B62722667743B266C743B2F702667743B266C743B702667743B266C743B656D207374796C653D2671756F743B636F6C6F723A207267622833322C2033332C203336293B2671756F743B2667743B266C743B752667743B5468657265206973206C696D69746564207370616365202C20736F20646F6E26233033393B7420776169742E20266C743B2F752667743B266C743B2F656D2667743B266C743B2F702667743B266C743B702667743B266C743B62722667743B266C743B2F702667743B266C743B702667743B266C743B6120687265663D2671756F743B68747470733A2F2F646F63732E676F6F676C652E636F6D2F666F726D732F642F652F3146414970514C5364386D5266626A5933735070323650586935746A523553566C4E3474775336796F6F7A6462426878536B734C387938672F76696577666F726D2671756F743B207461726765743D2671756F743B5F626C616E6B2671756F743B20636C6173733D2671756F743B716C2D73697A652D6C617267652671756F743B2667743B266C743B7374726F6E672667743B4150504C59204E4F5720266C743B2F7374726F6E672667743B266C743B2F612667743B266C743B2F702667743B266C743B702667743B266C743B62722667743B266C743B2F702667743B266C743B702667743B266C743B62722667743B266C743B2F702667743B,0,0,761);
/*!40000 ALTER TABLE `Email` ENABLE KEYS */;
UNLOCK TABLES;

--
-- Table structure for table `EmailAttachments`
--

DROP TABLE IF EXISTS `EmailAttachments`;
/*!40101 SET @saved_cs_client     = @@character_set_client */;
/*!40101 SET character_set_client = utf8 */;
CREATE TABLE `EmailAttachments` (
  `EmailID` int(11) DEFAULT NULL,
  `FilePath` varchar(255) DEFAULT NULL,
  KEY `EmailID` (`EmailID`),
  CONSTRAINT `EmailAttachments_ibfk_1` FOREIGN KEY (`EmailID`) REFERENCES `Email` (`ID`)
) ENGINE=InnoDB DEFAULT CHARSET=latin1 COLLATE=latin1_swedish_ci;
/*!40101 SET character_set_client = @saved_cs_client */;

--
-- Dumping data for table `EmailAttachments`
--

LOCK TABLES `EmailAttachments` WRITE;
/*!40000 ALTER TABLE `EmailAttachments` DISABLE KEYS */;
/*!40000 ALTER TABLE `EmailAttachments` ENABLE KEYS */;
UNLOCK TABLES;

--
-- Table structure for table `EmailClassStanding`
--

DROP TABLE IF EXISTS `EmailClassStanding`;
/*!40101 SET @saved_cs_client     = @@character_set_client */;
/*!40101 SET character_set_client = utf8 */;
CREATE TABLE `EmailClassStanding` (
  `EmailID` int(11) DEFAULT NULL,
  `ClassStandingID` int(11) DEFAULT NULL,
  KEY `EmailID` (`EmailID`),
  KEY `ClassStandingID` (`ClassStandingID`),
  CONSTRAINT `EmailClassStanding_ibfk_1` FOREIGN KEY (`EmailID`) REFERENCES `Email` (`ID`),
  CONSTRAINT `EmailClassStanding_ibfk_2` FOREIGN KEY (`ClassStandingID`) REFERENCES `ClassStanding` (`ID`)
) ENGINE=InnoDB DEFAULT CHARSET=latin1 COLLATE=latin1_swedish_ci;
/*!40101 SET character_set_client = @saved_cs_client */;

--
-- Dumping data for table `EmailClassStanding`
--

LOCK TABLES `EmailClassStanding` WRITE;
/*!40000 ALTER TABLE `EmailClassStanding` DISABLE KEYS */;
INSERT INTO `EmailClassStanding` VALUES (1,1),(1,2),(2,3),(2,4),(2,5),(3,4),(3,5),(3,3),(4,5),(5,1),(5,2),(5,3),(5,4),(6,1),(6,2),(7,3),(7,4),(7,5),(8,1),(8,2),(8,3),(8,4),(8,5),(9,1),(9,2),(9,3),(9,4),(9,5),(10,1),(10,2),(10,3),(10,4),(10,5);
/*!40000 ALTER TABLE `EmailClassStanding` ENABLE KEYS */;
UNLOCK TABLES;

--
-- Table structure for table `EmailCurriculum`
--

DROP TABLE IF EXISTS `EmailCurriculum`;
/*!40101 SET @saved_cs_client     = @@character_set_client */;
/*!40101 SET character_set_client = utf8 */;
CREATE TABLE `EmailCurriculum` (
  `EmailID` int(11) DEFAULT NULL,
  `CurriculumID` int(11) DEFAULT NULL,
  KEY `EmailID` (`EmailID`),
  KEY `CurriculumID` (`CurriculumID`),
  CONSTRAINT `EmailCurriculum_ibfk_1` FOREIGN KEY (`EmailID`) REFERENCES `Email` (`ID`),
  CONSTRAINT `EmailCurriculum_ibfk_2` FOREIGN KEY (`CurriculumID`) REFERENCES `Curriculum` (`ID`)
) ENGINE=InnoDB DEFAULT CHARSET=latin1 COLLATE=latin1_swedish_ci;
/*!40101 SET character_set_client = @saved_cs_client */;

--
-- Dumping data for table `EmailCurriculum`
--

LOCK TABLES `EmailCurriculum` WRITE;
/*!40000 ALTER TABLE `EmailCurriculum` DISABLE KEYS */;
INSERT INTO `EmailCurriculum` VALUES (1,1),(1,2),(1,3),(1,4),(1,5),(1,6),(1,7),(1,8),(1,9),(1,10),(1,11),(1,12),(1,13),(1,14),(1,15),(1,16),(1,17),(1,18),(1,19),(1,20),(1,21),(1,22),(2,1),(2,2),(2,3),(2,4),(2,5),(2,6),(2,7),(2,8),(2,9),(2,10),(2,11),(2,12),(2,13),(2,14),(2,15),(2,16),(2,17),(2,18),(2,19),(2,20),(2,21),(2,22),(3,1),(3,2),(3,3),(3,4),(3,5),(3,6),(3,7),(3,8),(3,9),(3,10),(3,11),(3,12),(3,13),(3,14),(3,15),(3,16),(3,17),(3,18),(3,19),(3,20),(3,21),(3,22),(4,1),(4,2),(4,3),(4,4),(4,5),(4,6),(4,7),(4,8),(4,9),(4,10),(4,11),(4,12),(4,13),(4,14),(4,15),(4,16),(4,17),(4,18),(4,19),(4,20),(4,21),(4,22),(5,1),(5,2),(5,3),(5,4),(5,5),(5,6),(5,7),(5,8),(5,9),(5,10),(5,11),(5,12),(5,13),(5,14),(5,15),(5,16),(5,17),(5,18),(5,19),(5,20),(5,21),(5,22),(6,1),(6,2),(6,3),(6,4),(6,5),(6,6),(6,7),(6,8),(6,9),(6,10),(6,11),(6,12),(6,13),(6,14),(6,15),(6,16),(6,17),(6,18),(6,19),(6,20),(6,21),(6,22),(7,1),(7,2),(7,3),(7,4),(7,5),(7,6),(7,7),(7,8),(7,9),(7,10),(7,11),(7,12),(7,13),(7,14),(7,15),(7,16),(7,17),(7,18),(7,19),(7,20),(7,21),(7,22),(8,1),(8,2),(8,3),(8,4),(8,5),(8,6),(8,7),(8,8),(8,9),(8,10),(8,11),(8,12),(8,13),(8,14),(8,15),(8,16),(8,17),(8,18),(8,19),(8,20),(8,21),(8,22),(9,1),(9,2),(9,3),(9,4),(9,5),(9,6),(9,7),(9,8),(9,9),(9,10),(9,11),(9,12),(9,13),(9,14),(9,15),(9,16),(9,17),(9,18),(9,19),(9,20),(9,21),(9,22),(10,1),(10,2),(10,3),(10,4),(10,5),(10,6),(10,7),(10,8),(10,9),(10,10),(10,11),(10,12),(10,13),(10,14),(10,15),(10,16),(10,17),(10,18),(10,19),(10,20),(10,21),(10,22);
/*!40000 ALTER TABLE `EmailCurriculum` ENABLE KEYS */;
UNLOCK TABLES;

--
-- Table structure for table `Login`
--

DROP TABLE IF EXISTS `Login`;
/*!40101 SET @saved_cs_client     = @@character_set_client */;
/*!40101 SET character_set_client = utf8 */;
CREATE TABLE `Login` (
  `ID` int(11) NOT NULL AUTO_INCREMENT,
  `Account_Type` varchar(10) DEFAULT NULL,
  `Email_Address` varchar(50) DEFAULT NULL,
  `Password` binary(32) DEFAULT NULL,
  `Salt` varchar(100) DEFAULT NULL,
  `First_Name` varchar(255) DEFAULT NULL,
  `Last_Name` varchar(255) DEFAULT NULL,
  PRIMARY KEY (`ID`)
) ENGINE=InnoDB AUTO_INCREMENT=24;
/*!40101 SET character_set_client = @saved_cs_client */;

--
-- Dumping data for table `Login`
--

LOCK TABLES `Login` WRITE;
/*!40000 ALTER TABLE `Login` DISABLE KEYS */;
INSERT INTO `Login` VALUES (14,'FA','fisheral@kean.edu',0xDB74BB8B5277F030F5256ADB5A442B4DC886CEF3288F25AD92B22AE8377C9067,'e30fcfac-dfb5-11ed-b69a-49158b7dcd90','Alex','Fisher'),(15,'GA','moffan@kean.edu',0xE76548991F825E1947A075415B913788403913DD1DDD015999237A02403A839E,'29590b3d-dfa5-11ed-b69a-49158b7dcd90','Nicholas','Moffa'),(16,'FA','patpanka@kean.edu',0xCA581C041639483D94614281BA85597718E302AC3D4AED315E27D558D3026E9F,'3ced0c96-d4f8-11ed-b69a-49158b7dcd90','Pankati','Patel'),(17,'FA','parraolk@kean.edu',0x714E4CC80EB7286251C6491E01F90EE396C3B9863B50C3B57516037069A03CD6,'5eb0d7dd-e6c6-11ed-b69a-49158b7dcd90','Kevin','Parra'),(18,'FA','ebresou@kean.edu',0xE02BF000505CE529171B83B7539D8E5A212CF832F7D34FFFA59A111AA9728FBC,'b9dfc2ef-e2ca-11ed-b69a-49158b7dcd90','Uko','Ebreso'),(22,'FA','demo@faculty.edu',0xBE11E71C8DFBDE06E29DBC72D5820AD6CF39DB26DE5C57C9667DB53E3297F529,'25a00bd5-acd0-11ee-ba5c-d8bbc10aa213','Demo','Faculty'),(23,'GA','demo@graduate.edu',0xDEE262043B801C6539A4E1722BAA00E31610543508A33DB20A849EB3E69A6FAD,'3934542c-acd0-11ee-ba5c-d8bbc10aa213','Demo','Graduate');
/*!40000 ALTER TABLE `Login` ENABLE KEYS */;
UNLOCK TABLES;

--
-- Table structure for table `PasswordCode`
--

DROP TABLE IF EXISTS `PasswordCode`;
/*!40101 SET @saved_cs_client     = @@character_set_client */;
/*!40101 SET character_set_client = utf8 */;
CREATE TABLE `PasswordCode` (
  `ID` int(11) NOT NULL AUTO_INCREMENT,
  `Email` varchar(255) NOT NULL,
  `Code` varchar(255) NOT NULL,
  `DateOfCode` datetime NOT NULL,
  PRIMARY KEY (`ID`)
) ENGINE=InnoDB AUTO_INCREMENT=84 DEFAULT CHARSET=latin1 COLLATE=latin1_swedish_ci;
/*!40101 SET character_set_client = @saved_cs_client */;

--
-- Dumping data for table `PasswordCode`
--

LOCK TABLES `PasswordCode` WRITE;
/*!40000 ALTER TABLE `PasswordCode` DISABLE KEYS */;
INSERT INTO `PasswordCode` VALUES (83,'fisheral@kean.edu','065741','2024-01-06 13:54:53');
/*!40000 ALTER TABLE `PasswordCode` ENABLE KEYS */;
UNLOCK TABLES;

--
-- Table structure for table `Semester`
--

DROP TABLE IF EXISTS `Semester`;
/*!40101 SET @saved_cs_client     = @@character_set_client */;
/*!40101 SET character_set_client = utf8 */;
CREATE TABLE `Semester` (
  `ID` int(11) NOT NULL AUTO_INCREMENT,
  `Year` int(11) NOT NULL,
  `Semester` varchar(25) NOT NULL,
  `IsActive` tinyint(1) DEFAULT NULL,
  PRIMARY KEY (`ID`)
) ENGINE=InnoDB AUTO_INCREMENT=18 DEFAULT CHARSET=latin1 COLLATE=latin1_swedish_ci;
/*!40101 SET character_set_client = @saved_cs_client */;

--
-- Dumping data for table `Semester`
--

LOCK TABLES `Semester` WRITE;
/*!40000 ALTER TABLE `Semester` DISABLE KEYS */;
INSERT INTO `Semester` VALUES (1,2023,'Spring',1),(2,2023,'Summer',0),(3,2023,'Fall',0),(4,2023,'Winter',0),(5,2024,'Fall',0),(14,2030,'Fall',0),(15,2025,'Fall',0),(16,2038,'Summer',0),(17,2030,'Summer',0);
/*!40000 ALTER TABLE `Semester` ENABLE KEYS */;
UNLOCK TABLES;

--
-- Table structure for table `Students`
--

DROP TABLE IF EXISTS `Students`;
/*!40101 SET @saved_cs_client     = @@character_set_client */;
/*!40101 SET character_set_client = utf8 */;
CREATE TABLE `Students` (
  `ID` int(11) NOT NULL AUTO_INCREMENT,
  `SemesterID` int(11) NOT NULL,
  `FirstName` varchar(255) DEFAULT NULL,
  `LastName` varchar(255) DEFAULT NULL,
  `ActiveProgram` int(11) DEFAULT NULL,
  `Major1` int(11) DEFAULT NULL,
  `Major2` int(11) DEFAULT NULL,
  `Minor` int(11) DEFAULT NULL,
  `ClassStanding` int(11) DEFAULT NULL,
  `EmailAddress` varchar(255) DEFAULT NULL,
  PRIMARY KEY (`ID`,`SemesterID`),
  KEY `Students_ibfk_1` (`Major1`),
  KEY `Students_ibfk_2` (`Major2`),
  KEY `Students_ibfk_3` (`Minor`),
  KEY `Students_ibfk_4` (`ClassStanding`),
  KEY `Students_FK` (`ActiveProgram`),
  KEY `SemesterID` (`SemesterID`),
  CONSTRAINT `Students_FK` FOREIGN KEY (`ActiveProgram`) REFERENCES `ActiveProgram` (`ID`) ON DELETE CASCADE ON UPDATE CASCADE,
  CONSTRAINT `Students_ibfk_1` FOREIGN KEY (`Major1`) REFERENCES `Curriculum` (`ID`) ON DELETE CASCADE ON UPDATE CASCADE,
  CONSTRAINT `Students_ibfk_2` FOREIGN KEY (`Major2`) REFERENCES `Curriculum` (`ID`) ON DELETE CASCADE ON UPDATE CASCADE,
  CONSTRAINT `Students_ibfk_3` FOREIGN KEY (`Minor`) REFERENCES `Curriculum` (`ID`) ON DELETE CASCADE ON UPDATE CASCADE,
  CONSTRAINT `Students_ibfk_4` FOREIGN KEY (`ClassStanding`) REFERENCES `ClassStanding` (`ID`) ON DELETE CASCADE ON UPDATE CASCADE,
  CONSTRAINT `Students_ibfk_5` FOREIGN KEY (`SemesterID`) REFERENCES `Semester` (`ID`)
) ENGINE=InnoDB AUTO_INCREMENT=769 DEFAULT CHARSET=latin1 COLLATE=latin1_swedish_ci;
/*!40101 SET character_set_client = @saved_cs_client */;

--
-- Dumping data for table `Students`
--

LOCK TABLES `Students` WRITE;
/*!40000 ALTER TABLE `Students` DISABLE KEYS */;
INSERT INTO `Students` VALUES (762,1,'Alex','Fisher',1,1,NULL,NULL,1,'fisheral@kean.edu'),(763,1,'Pankati','Patel',2,2,NULL,NULL,2,'patpanka@kean.edu'),(764,1,'Uko','Ebreso',3,3,NULL,NULL,3,'ebresou@kean.edu'),(765,1,'Kevin','Parra-Olmedo',4,4,NULL,NULL,4,'parraolk@kean.edu'),(766,1,'Nicholas','Moffa',5,5,NULL,NULL,5,'moffan@kean.edu');
/*!40000 ALTER TABLE `Students` ENABLE KEYS */;
UNLOCK TABLES;

--
-- Table structure for table `Tracking`
--

DROP TABLE IF EXISTS `Tracking`;
/*!40101 SET @saved_cs_client     = @@character_set_client */;
/*!40101 SET character_set_client = utf8 */;
CREATE TABLE `Tracking` (
  `StudentID` int(11) NOT NULL,
  `EmailID` int(11) NOT NULL,
  `Opened` tinyint(1) DEFAULT 0,
  `Clicked` tinyint(1) DEFAULT 0,
  PRIMARY KEY (`StudentID`,`EmailID`),
  KEY `Tracking_FK` (`EmailID`),
  CONSTRAINT `Tracking_FK` FOREIGN KEY (`EmailID`) REFERENCES `Email` (`ID`) ON UPDATE CASCADE,
  CONSTRAINT `Tracking_FK_1` FOREIGN KEY (`StudentID`) REFERENCES `Students` (`ID`) ON UPDATE CASCADE
) ENGINE=InnoDB DEFAULT CHARSET=latin1 COLLATE=latin1_swedish_ci;
/*!40101 SET character_set_client = @saved_cs_client */;

--
-- Dumping data for table `Tracking`
--

LOCK TABLES `Tracking` WRITE;
/*!40000 ALTER TABLE `Tracking` DISABLE KEYS */;
INSERT INTO `Tracking` VALUES (1,1,0,0),(1,5,0,0),(1,6,1,0),(1,8,1,0),(1,9,1,1),(1,10,1,0),(2,1,1,0),(2,5,1,0),(2,6,1,0),(2,8,1,1),(2,9,0,0),(2,10,1,0),(3,1,1,0),(3,5,1,0),(3,6,1,0),(3,8,1,0),(3,9,1,0),(3,10,1,0),(4,1,1,0),(4,5,0,0),(4,6,0,0),(4,8,1,0),(4,9,1,1),(4,10,0,0),(5,2,0,0),(5,3,0,0),(5,5,0,0),(5,7,1,0),(5,8,1,0),(5,9,0,1),(5,10,0,0),(6,2,0,0),(6,3,0,0),(6,5,1,0),(6,7,0,0),(6,8,0,0),(6,9,0,1),(6,10,1,0),(7,1,0,0),(7,5,0,0),(7,6,1,0),(7,8,1,0),(7,9,1,0),(7,10,0,0),(8,1,0,0),(8,5,0,0),(8,6,1,0),(8,8,0,0),(8,9,1,0),(8,10,1,0),(9,1,0,0),(9,5,0,0),(9,6,1,0),(9,8,1,0),(9,9,1,0),(9,10,0,0),(10,2,0,0),(10,3,1,0),(10,5,1,0),(10,7,1,0),(10,8,1,0),(10,9,1,0),(10,10,0,0),(11,1,1,0),(11,5,1,0),(11,6,1,0),(11,8,1,0),(11,9,1,0),(11,10,0,0),(12,1,0,0),(12,5,0,0),(12,6,1,0),(12,8,0,0),(12,9,1,0),(12,10,1,0),(13,2,0,0),(13,3,1,0),(13,5,0,0),(13,7,0,0),(13,8,1,0),(13,9,1,0),(13,10,1,0),(14,1,0,0),(14,5,0,0),(14,6,1,0),(14,8,1,0),(14,9,0,0),(14,10,1,0),(15,1,0,0),(15,5,0,0),(15,6,1,0),(15,8,1,0),(15,9,0,0),(15,10,1,1),(16,2,0,0),(16,3,1,0),(16,5,0,0),(16,7,1,0),(16,8,1,1),(16,9,0,0),(16,10,1,0),(17,1,0,0),(17,5,0,0),(17,6,1,0),(17,8,1,0),(17,9,1,0),(17,10,1,0),(18,1,0,0),(18,5,0,0),(18,6,0,0),(18,8,1,0),(18,9,0,0),(18,10,1,0),(19,2,1,0),(19,3,1,0),(19,5,1,0),(19,7,1,0),(19,8,1,0),(19,9,1,0),(19,10,1,0),(20,2,0,0),(20,3,0,0),(20,5,1,0),(20,7,0,0),(20,8,0,0),(20,9,0,0),(20,10,0,0),(21,1,1,0),(21,5,1,0),(21,6,1,0),(21,8,1,0),(21,9,1,0),(21,10,1,0),(22,1,1,0),(22,5,1,0),(22,6,1,0),(22,8,1,0),(22,9,1,0),(22,10,1,0),(23,2,0,0),(23,3,0,0),(23,5,0,0),(23,7,0,0),(23,8,1,0),(23,9,0,0),(23,10,0,0),(24,1,0,0),(24,5,0,0),(24,6,0,0),(24,8,1,0),(24,9,0,0),(24,10,0,0),(25,2,0,0),(25,3,0,0),(25,5,0,0),(25,7,0,0),(25,8,1,0),(25,9,1,0),(25,10,1,0),(26,1,1,0),(26,5,1,0),(26,6,1,0),(26,8,1,0),(26,9,1,0),(26,10,1,0),(27,2,0,0),(27,3,1,0),(27,5,0,0),(27,7,0,0),(27,8,1,0),(27,9,1,0),(27,10,1,0),(28,2,0,0),(28,3,1,0),(28,4,1,0),(28,7,0,0),(28,8,1,0),(28,9,1,1),(28,10,1,1),(29,1,0,0),(29,5,0,0),(29,6,0,0),(29,8,1,0),(29,9,1,0),(29,10,1,0),(30,2,0,0),(30,3,0,0),(30,5,0,0),(30,7,0,0),(30,8,1,0),(30,9,0,0),(30,10,0,0),(31,2,0,0),(31,3,1,0),(31,5,1,0),(31,7,1,0),(31,8,1,0),(31,9,1,0),(31,10,1,0),(32,1,0,0),(32,5,0,0),(32,6,1,0),(32,8,1,0),(32,9,1,0),(32,10,1,0),(33,2,0,0),(33,3,0,0),(33,5,0,0),(33,7,0,0),(33,8,1,0),(33,9,0,0),(33,10,1,0),(34,2,1,0),(34,3,1,0),(34,5,1,0),(34,7,1,0),(34,8,0,0),(34,9,1,0),(34,10,0,0),(35,2,0,0),(35,3,1,1),(35,5,1,0),(35,7,0,0),(35,8,1,0),(35,9,1,1),(35,10,1,0),(36,2,0,0),(36,3,1,0),(36,5,1,0),(36,7,1,0),(36,8,1,0),(36,9,0,0),(36,10,0,0),(37,1,0,0),(37,5,0,0),(37,6,1,1),(37,8,1,1),(37,9,1,0),(37,10,1,0),(38,2,0,0),(38,3,1,0),(38,5,0,0),(38,7,0,0),(38,8,0,0),(38,9,0,0),(38,10,0,0),(39,2,0,0),(39,3,1,0),(39,5,1,0),(39,7,1,1),(39,8,1,0),(39,9,1,1),(39,10,1,1),(40,2,0,0),(40,3,0,0),(40,5,0,0),(40,7,0,0),(40,8,1,0),(40,9,1,1),(40,10,1,0),(41,2,0,0),(41,3,0,0),(41,5,0,0),(41,7,0,0),(41,8,1,0),(41,9,0,0),(41,10,0,0),(42,1,1,1),(42,5,1,0),(42,6,1,0),(42,8,1,1),(42,9,1,0),(42,10,1,1),(43,2,0,0),(43,3,1,1),(43,5,1,0),(43,7,0,0),(43,8,1,0),(43,9,1,0),(43,10,1,0),(44,1,0,0),(44,5,0,0),(44,6,1,0),(44,8,1,0),(44,9,1,0),(44,10,1,0),(45,2,1,0),(45,3,1,0),(45,5,1,0),(45,7,1,0),(45,8,1,0),(45,9,1,0),(45,10,1,0),(46,1,1,0),(46,5,0,0),(46,6,1,0),(46,8,1,0),(46,9,1,0),(46,10,0,0),(47,1,0,0),(47,5,0,0),(47,6,0,0),(47,8,1,0),(47,9,0,0),(47,10,0,0),(48,1,0,0),(48,5,0,0),(48,6,1,0),(48,8,0,0),(48,9,0,0),(48,10,1,0),(49,1,0,0),(49,5,1,0),(49,6,1,0),(49,8,1,0),(49,9,1,0),(49,10,1,0),(50,1,1,0),(50,5,1,0),(50,6,1,0),(50,8,1,0),(50,9,1,0),(50,10,1,0),(51,2,0,0),(51,3,1,0),(51,5,0,0),(51,7,1,0),(51,8,1,1),(51,9,1,0),(51,10,0,0),(52,2,0,0),(52,3,0,0),(52,5,0,0),(52,7,0,0),(52,8,1,0),(52,9,1,0),(52,10,1,0),(53,2,0,0),(53,3,0,0),(53,5,0,0),(53,7,1,0),(53,8,1,1),(53,9,0,0),(53,10,0,0),(54,2,0,0),(54,3,1,0),(54,5,0,0),(54,7,0,0),(54,8,0,0),(54,9,1,0),(54,10,1,0),(55,2,0,0),(55,3,1,0),(55,5,1,0),(55,7,1,0),(55,8,1,0),(55,9,1,0),(55,10,1,0),(56,1,0,0),(56,5,0,0),(56,6,1,0),(56,8,1,0),(56,9,0,0),(56,10,0,0),(57,2,0,0),(57,3,0,0),(57,5,0,0),(57,7,0,0),(57,8,0,0),(57,9,0,0),(57,10,0,0),(58,2,0,0),(58,3,1,0),(58,5,1,0),(58,7,1,0),(58,8,1,0),(58,9,1,0),(58,10,1,0),(59,2,0,0),(59,3,1,0),(59,5,1,0),(59,7,1,0),(59,8,1,0),(59,9,1,0),(59,10,1,0),(60,1,0,0),(60,5,1,0),(60,6,1,0),(60,8,1,0),(60,9,1,0),(60,10,1,0),(61,2,0,0),(61,3,0,0),(61,5,1,0),(61,7,0,0),(61,8,0,0),(61,9,0,0),(61,10,0,0),(62,2,0,0),(62,3,0,0),(62,5,0,0),(62,7,1,0),(62,8,1,0),(62,9,0,0),(62,10,0,0),(63,2,0,0),(63,3,1,0),(63,5,0,0),(63,7,0,0),(63,8,0,0),(63,9,0,0),(63,10,0,0),(64,2,0,0),(64,3,0,0),(64,5,0,0),(64,7,0,0),(64,8,1,0),(64,9,1,0),(64,10,0,0),(65,1,1,0),(65,5,0,0),(65,6,1,0),(65,8,1,0),(65,9,0,0),(65,10,1,0),(66,1,1,0),(66,5,1,0),(66,6,1,0),(66,8,1,0),(66,9,1,0),(66,10,1,0),(67,1,1,0),(67,5,0,0),(67,6,0,0),(67,8,1,0),(67,9,0,0),(67,10,1,0),(68,2,0,0),(68,3,0,0),(68,5,1,1),(68,7,1,0),(68,8,1,0),(68,9,0,0),(68,10,0,0),(69,1,0,0),(69,5,1,0),(69,6,0,0),(69,8,1,0),(69,9,0,0),(69,10,0,0),(70,2,0,0),(70,3,0,0),(70,5,0,0),(70,7,1,0),(70,8,1,0),(70,9,1,0),(70,10,1,0),(71,2,0,0),(71,3,1,0),(71,5,1,0),(71,7,1,0),(71,8,1,0),(71,9,1,0),(71,10,1,0),(72,1,0,0),(72,5,0,0),(72,6,1,0),(72,8,1,0),(72,9,0,0),(72,10,0,0),(73,1,0,0),(73,5,0,0),(73,6,0,0),(73,8,1,0),(73,9,0,0),(73,10,0,0),(74,1,0,0),(74,5,0,0),(74,6,0,0),(74,8,0,0),(74,9,0,0),(74,10,0,0),(75,1,0,0),(75,5,1,0),(75,6,0,0),(75,8,1,0),(75,9,0,0),(75,10,0,0),(76,2,0,0),(76,3,1,0),(76,5,1,0),(76,7,0,0),(76,8,1,0),(76,9,1,0),(76,10,1,0),(77,2,0,0),(77,3,0,0),(77,5,0,0),(77,7,1,0),(77,8,1,0),(77,9,1,0),(77,10,0,0),(78,2,0,0),(78,3,1,0),(78,5,0,0),(78,7,0,0),(78,8,1,0),(78,9,1,0),(78,10,1,0),(79,2,0,0),(79,3,0,0),(79,4,1,0),(79,7,0,0),(79,8,0,0),(79,9,0,0),(79,10,0,0),(80,2,0,0),(80,3,0,0),(80,5,0,0),(80,7,1,0),(80,8,0,0),(80,9,0,0),(80,10,0,0),(81,1,1,0),(81,5,0,0),(81,6,0,0),(81,8,1,0),(81,9,1,0),(81,10,1,1),(82,2,0,0),(82,3,1,0),(82,5,1,0),(82,7,1,0),(82,8,1,0),(82,9,1,0),(82,10,0,0),(83,2,0,0),(83,3,1,0),(83,5,1,0),(83,7,0,0),(83,8,1,0),(83,9,1,1),(83,10,1,0),(84,1,1,0),(84,5,0,0),(84,6,0,0),(84,8,1,0),(84,9,0,0),(84,10,0,0),(85,1,0,0),(85,5,1,0),(85,6,1,0),(85,8,1,0),(85,9,0,0),(85,10,0,0),(86,2,0,0),(86,3,1,0),(86,5,1,0),(86,7,1,0),(86,8,1,0),(86,9,1,0),(86,10,1,0),(87,1,0,0),(87,5,1,0),(87,6,1,0),(87,8,1,0),(87,9,1,0),(87,10,1,0),(88,1,1,0),(88,5,0,0),(88,6,0,0),(88,8,1,0),(88,9,1,1),(88,10,1,0),(89,1,1,0),(89,5,1,0),(89,6,1,0),(89,8,1,0),(89,9,1,0),(89,10,1,0),(90,2,0,0),(90,3,0,0),(90,5,0,0),(90,7,1,0),(90,8,1,0),(90,9,1,1),(90,10,0,0),(91,2,0,0),(91,3,1,0),(91,5,1,0),(91,7,1,0),(91,8,0,0),(91,9,1,0),(91,10,0,0),(92,1,1,0),(92,5,1,0),(92,6,0,0),(92,8,0,0),(92,9,0,0),(92,10,0,0),(93,2,0,0),(93,3,0,0),(93,5,1,0),(93,7,1,0),(93,8,1,0),(93,9,1,0),(93,10,1,0),(94,2,0,0),(94,3,0,0),(94,5,0,0),(94,7,0,0),(94,8,0,0),(94,9,0,0),(94,10,0,0),(95,2,0,0),(95,3,1,0),(95,5,1,0),(95,7,1,0),(95,8,1,0),(95,9,1,0),(95,10,1,0),(96,2,0,0),(96,3,1,0),(96,5,0,0),(96,7,0,0),(96,8,1,0),(96,9,1,0),(96,10,1,0),(97,1,1,0),(97,5,1,0),(97,6,0,0),(97,8,1,1),(97,9,1,1),(97,10,1,0),(98,2,0,0),(98,3,1,0),(98,5,1,0),(98,7,1,1),(98,8,0,0),(98,9,1,0),(98,10,1,0),(99,2,0,0),(99,3,1,0),(99,5,1,0),(99,7,1,0),(99,8,1,1),(99,9,1,0),(99,10,1,0),(100,2,0,0),(100,3,1,0),(100,5,1,0),(100,7,1,0),(100,8,1,0),(100,9,1,0),(100,10,1,0),(101,2,0,0),(101,3,1,0),(101,5,1,0),(101,7,1,0),(101,8,1,0),(101,9,1,0),(101,10,1,0),(102,1,0,0),(102,5,0,0),(102,6,0,0),(102,8,0,0),(102,9,0,0),(102,10,0,0),(103,1,1,0),(103,5,0,0),(103,6,1,0),(103,8,1,1),(103,9,1,0),(103,10,1,1),(104,2,0,0),(104,3,0,0),(104,5,1,0),(104,7,1,0),(104,8,1,0),(104,9,1,0),(104,10,1,1),(105,1,1,0),(105,5,1,0),(105,6,1,0),(105,8,1,0),(105,9,1,0),(105,10,1,0),(106,1,1,0),(106,5,1,0),(106,6,1,0),(106,8,1,0),(106,9,1,0),(106,10,1,0),(107,2,1,0),(107,3,1,0),(107,5,1,0),(107,7,1,0),(107,8,1,0),(107,9,1,1),(107,10,1,0),(108,1,1,0),(108,5,0,0),(108,6,1,0),(108,8,1,0),(108,9,1,0),(108,10,0,0),(109,2,0,0),(109,3,1,0),(109,5,1,0),(109,7,0,0),(109,8,1,0),(109,9,1,0),(109,10,1,0),(110,2,0,0),(110,3,1,0),(110,5,1,0),(110,7,1,0),(110,8,1,0),(110,9,1,0),(110,10,1,0),(111,1,1,0),(111,5,1,0),(111,6,1,0),(111,8,1,0),(111,9,0,0),(111,10,1,0),(112,1,1,0),(112,5,0,0),(112,6,1,0),(112,8,0,0),(112,9,1,0),(112,10,0,0),(113,1,0,0),(113,5,0,0),(113,6,1,0),(113,8,1,0),(113,9,0,0),(113,10,1,0),(114,1,1,0),(114,5,0,0),(114,6,1,0),(114,8,1,0),(114,9,1,0),(114,10,1,1),(115,1,1,0),(115,5,1,0),(115,6,1,0),(115,8,1,0),(115,9,1,0),(115,10,1,0),(116,2,0,0),(116,3,0,0),(116,5,0,0),(116,7,0,0),(116,8,0,0),(116,9,1,0),(116,10,1,0),(117,2,0,0),(117,3,0,0),(117,5,0,0),(117,7,1,0),(117,8,1,0),(117,9,0,0),(117,10,0,0),(118,2,0,0),(118,3,0,0),(118,5,0,0),(118,7,1,0),(118,8,1,0),(118,9,0,0),(118,10,0,0),(119,2,0,0),(119,3,1,0),(119,5,1,0),(119,7,0,0),(119,8,1,0),(119,9,1,0),(119,10,1,0),(120,1,1,0),(120,5,1,0),(120,6,1,0),(120,8,1,0),(120,9,1,0),(120,10,1,0),(121,1,1,0),(121,5,1,0),(121,6,1,1),(121,8,1,0),(121,9,1,0),(121,10,1,0),(122,2,0,0),(122,3,0,0),(122,5,0,0),(122,7,0,0),(122,8,1,0),(122,9,1,0),(122,10,0,0),(123,1,1,0),(123,5,0,0),(123,6,0,0),(123,8,1,0),(123,9,0,0),(123,10,1,0),(124,1,1,0),(124,5,1,0),(124,6,0,0),(124,8,0,0),(124,9,0,0),(124,10,0,0),(125,1,1,0),(125,5,1,0),(125,6,1,0),(125,8,1,0),(125,9,1,0),(125,10,1,0),(126,2,0,0),(126,3,0,0),(126,5,0,0),(126,7,0,0),(126,8,0,0),(126,9,1,0),(126,10,1,0),(127,1,1,0),(127,5,1,0),(127,6,1,0),(127,8,1,0),(127,9,1,0),(127,10,0,0),(128,1,1,0),(128,5,1,0),(128,6,1,0),(128,8,1,0),(128,9,1,0),(128,10,1,0),(129,2,0,0),(129,3,1,0),(129,5,1,0),(129,7,1,0),(129,8,1,0),(129,9,1,0),(129,10,1,0),(130,1,1,0),(130,5,0,0),(130,6,1,0),(130,8,0,0),(130,9,0,0),(130,10,0,0),(131,2,0,0),(131,3,0,0),(131,5,0,0),(131,7,0,0),(131,8,0,0),(131,9,0,0),(131,10,0,0),(132,1,1,0),(132,5,1,0),(132,6,1,0),(132,8,1,0),(132,9,1,0),(132,10,1,0),(133,2,0,0),(133,3,1,0),(133,5,0,0),(133,7,0,0),(133,8,1,0),(133,9,1,0),(133,10,1,0),(134,2,0,0),(134,3,1,0),(134,5,1,0),(134,7,0,0),(134,8,1,0),(134,9,1,0),(134,10,1,0),(135,1,0,0),(135,5,0,0),(135,6,1,0),(135,8,1,0),(135,9,1,0),(135,10,1,0),(136,1,0,0),(136,5,1,0),(136,6,0,0),(136,8,1,0),(136,9,0,0),(136,10,0,0),(137,2,0,0),(137,3,1,0),(137,5,1,0),(137,7,0,0),(137,8,0,0),(137,9,0,0),(137,10,0,0),(138,2,0,0),(138,3,0,0),(138,5,1,0),(138,7,0,0),(138,8,1,0),(138,9,0,0),(138,10,1,0),(139,1,0,0),(139,5,0,0),(139,6,1,0),(139,8,1,0),(139,9,1,0),(139,10,1,0),(140,2,0,0),(140,3,1,0),(140,5,1,0),(140,7,0,0),(140,8,1,0),(140,9,1,0),(140,10,1,0),(141,2,0,0),(141,3,1,0),(141,5,0,0),(141,7,1,0),(141,8,1,0),(141,9,1,1),(141,10,1,0),(142,1,1,0),(142,5,1,0),(142,6,1,0),(142,8,1,0),(142,9,1,0),(142,10,1,0),(143,1,1,0),(143,5,1,0),(143,6,1,0),(143,8,1,0),(143,9,1,0),(143,10,1,0),(144,1,1,0),(144,5,0,0),(144,6,1,0),(144,8,1,0),(144,9,1,0),(144,10,1,0),(145,2,0,0),(145,3,0,0),(145,5,1,1),(145,7,0,0),(145,8,0,0),(145,9,0,0),(145,10,1,1),(146,2,0,0),(146,3,1,0),(146,5,0,0),(146,7,1,0),(146,8,1,0),(146,9,1,0),(146,10,1,0),(147,2,0,0),(147,3,0,0),(147,5,0,0),(147,7,0,0),(147,8,0,0),(147,9,1,0),(147,10,1,0),(148,1,1,0),(148,5,0,0),(148,6,1,0),(148,8,1,0),(148,9,1,0),(148,10,1,0),(149,1,0,0),(149,5,1,0),(149,6,1,0),(149,8,1,0),(149,9,1,0),(149,10,1,0),(150,2,0,0),(150,3,0,0),(150,5,0,0),(150,7,1,0),(150,8,1,0),(150,9,0,0),(150,10,1,0),(151,2,0,0),(151,3,0,0),(151,5,1,0),(151,7,1,0),(151,8,0,0),(151,9,0,0),(151,10,0,0),(152,2,0,0),(152,3,0,0),(152,5,0,0),(152,7,0,0),(152,8,0,0),(152,9,0,0),(152,10,0,0),(153,2,0,0),(153,3,0,0),(153,5,0,0),(153,7,0,0),(153,8,0,0),(153,9,0,0),(153,10,0,0),(154,1,0,0),(154,5,0,0),(154,6,0,0),(154,8,1,0),(154,9,1,0),(154,10,1,0),(155,1,0,0),(155,5,0,0),(155,6,1,0),(155,8,1,0),(155,9,1,0),(155,10,0,0),(156,2,0,0),(156,3,1,0),(156,5,0,0),(156,7,1,0),(156,8,0,0),(156,9,0,0),(156,10,0,0),(157,2,0,1),(157,3,1,0),(157,5,1,0),(157,7,1,0),(157,8,1,0),(157,9,1,0),(157,10,1,0),(158,2,0,0),(158,3,1,0),(158,5,1,0),(158,7,0,0),(158,8,1,0),(158,9,1,0),(158,10,0,0),(159,2,0,0),(159,3,0,0),(159,5,1,0),(159,7,0,0),(159,8,1,0),(159,9,0,0),(159,10,1,0),(160,1,1,0),(160,5,1,0),(160,6,1,0),(160,8,1,0),(160,9,1,0),(160,10,1,0),(161,2,0,0),(161,3,1,0),(161,5,1,0),(161,7,0,0),(161,8,0,0),(161,9,1,0),(161,10,1,0),(162,1,1,0),(162,5,1,0),(162,6,1,0),(162,8,1,0),(162,9,1,0),(162,10,1,0),(163,2,0,0),(163,3,1,0),(163,5,1,0),(163,7,0,0),(163,8,1,0),(163,9,0,0),(163,10,0,0),(164,2,0,0),(164,3,1,0),(164,5,1,0),(164,7,1,0),(164,8,1,0),(164,9,0,0),(164,10,0,0),(165,2,0,0),(165,3,1,0),(165,5,0,0),(165,7,1,0),(165,8,1,0),(165,9,1,0),(165,10,1,0),(166,2,0,0),(166,3,1,0),(166,5,1,0),(166,7,1,0),(166,8,1,0),(166,9,1,0),(166,10,1,0),(167,2,0,0),(167,3,0,0),(167,5,0,0),(167,7,0,0),(167,8,0,0),(167,9,0,0),(167,10,0,0),(168,2,0,0),(168,3,1,0),(168,5,0,0),(168,7,1,0),(168,8,1,0),(168,9,1,0),(168,10,0,0),(169,2,0,0),(169,3,1,0),(169,5,0,0),(169,7,1,0),(169,8,1,0),(169,9,1,0),(169,10,1,0),(170,2,0,0),(170,3,0,0),(170,5,0,0),(170,7,0,0),(170,8,0,0),(170,9,0,0),(170,10,0,0),(171,2,0,0),(171,3,1,0),(171,5,0,0),(171,7,0,0),(171,8,1,0),(171,9,1,0),(171,10,1,0),(172,1,1,0),(172,5,1,0),(172,6,1,0),(172,8,1,0),(172,9,1,0),(172,10,1,0),(173,1,1,0),(173,5,1,0),(173,6,1,0),(173,8,1,0),(173,9,0,0),(173,10,1,0),(174,1,0,0),(174,5,0,0),(174,6,1,0),(174,8,0,0),(174,9,1,0),(174,10,0,0),(175,2,1,0),(175,3,0,0),(175,5,1,0),(175,7,1,1),(175,8,0,0),(175,9,1,0),(175,10,1,0),(176,1,1,0),(176,5,1,0),(176,6,1,0),(176,8,1,0),(176,9,0,0),(176,10,0,0),(177,2,0,0),(177,3,0,0),(177,5,0,0),(177,7,0,0),(177,8,0,0),(177,9,0,0),(177,10,0,0),(178,1,1,0),(178,5,1,0),(178,6,1,0),(178,8,0,0),(178,9,1,0),(178,10,1,1),(179,1,0,0),(179,5,1,0),(179,6,1,0),(179,8,1,0),(179,9,1,0),(179,10,1,0),(180,2,0,0),(180,3,1,0),(180,5,1,0),(180,7,1,0),(180,8,1,0),(180,9,1,0),(180,10,1,0),(181,1,0,0),(181,5,0,0),(181,6,1,0),(181,8,0,0),(181,9,1,0),(181,10,0,0),(182,2,1,0),(182,3,1,0),(182,4,1,1),(182,7,1,1),(182,8,1,0),(182,9,1,1),(182,10,1,0),(183,1,0,0),(183,5,0,0),(183,6,0,0),(183,8,1,0),(183,9,0,0),(183,10,0,0),(184,1,1,0),(184,5,1,0),(184,6,1,0),(184,8,1,0),(184,9,1,0),(184,10,1,0),(185,1,1,0),(185,5,1,0),(185,6,1,0),(185,8,1,0),(185,9,1,0),(185,10,1,1),(186,1,1,0),(186,5,1,0),(186,6,1,0),(186,8,0,0),(186,9,1,0),(186,10,1,0),(187,1,0,0),(187,5,1,0),(187,6,0,0),(187,8,0,0),(187,9,0,0),(187,10,1,0),(188,2,0,0),(188,3,1,0),(188,5,1,0),(188,7,1,0),(188,8,1,0),(188,9,1,0),(188,10,1,0),(189,2,0,0),(189,3,0,0),(189,5,0,0),(189,7,0,0),(189,8,0,0),(189,9,0,0),(189,10,0,0),(190,2,0,0),(190,3,1,0),(190,5,1,0),(190,7,1,0),(190,8,1,1),(190,9,1,1),(190,10,1,0),(191,1,0,0),(191,5,0,0),(191,6,1,0),(191,8,1,0),(191,9,0,0),(191,10,1,0),(192,1,0,0),(192,5,1,0),(192,6,1,0),(192,8,1,0),(192,9,1,0),(192,10,1,0),(193,1,1,0),(193,5,0,0),(193,6,0,0),(193,8,0,0),(193,9,1,0),(193,10,1,0),(194,1,0,0),(194,5,1,0),(194,6,0,0),(194,8,0,0),(194,9,1,0),(194,10,1,0),(195,2,0,0),(195,3,0,0),(195,5,1,0),(195,7,0,0),(195,8,1,0),(195,9,1,1),(195,10,1,0),(196,1,1,0),(196,5,1,0),(196,6,0,0),(196,8,1,0),(196,9,1,0),(196,10,0,0),(197,2,0,0),(197,3,0,0),(197,5,0,0),(197,7,0,0),(197,8,0,0),(197,9,1,0),(197,10,1,0),(198,2,0,0),(198,3,0,0),(198,5,1,0),(198,7,1,0),(198,8,1,0),(198,9,0,0),(198,10,0,0),(199,1,0,0),(199,5,0,0),(199,6,0,0),(199,8,0,0),(199,9,1,0),(199,10,0,0),(200,1,1,0),(200,5,1,0),(200,6,1,0),(200,8,1,0),(200,9,1,0),(200,10,0,0),(201,1,1,0),(201,5,0,0),(201,6,1,0),(201,8,1,0),(201,9,1,0),(201,10,1,0),(202,2,0,0),(202,3,0,0),(202,4,1,1),(202,7,0,0),(202,8,0,0),(202,9,0,0),(202,10,1,0),(203,2,0,0),(203,3,0,0),(203,5,1,0),(203,7,1,0),(203,8,0,0),(203,9,0,0),(203,10,0,0),(204,1,1,0),(204,5,1,0),(204,6,0,0),(204,8,1,0),(204,9,1,0),(204,10,1,0),(205,1,0,0),(205,5,0,0),(205,6,0,0),(205,8,0,0),(205,9,0,0),(205,10,0,0),(206,2,1,0),(206,3,1,1),(206,4,1,0),(206,7,1,1),(206,8,1,0),(206,9,1,0),(206,10,1,0),(207,2,0,0),(207,3,0,0),(207,5,0,0),(207,7,1,0),(207,8,1,0),(207,9,0,0),(207,10,0,0),(208,2,0,0),(208,3,0,0),(208,5,0,0),(208,7,0,0),(208,8,0,0),(208,9,0,0),(208,10,1,0),(209,1,1,0),(209,5,0,0),(209,6,1,0),(209,8,0,0),(209,9,1,0),(209,10,1,0),(210,1,1,0),(210,5,0,0),(210,6,1,0),(210,8,1,0),(210,9,1,0),(210,10,1,0),(211,1,1,0),(211,5,0,0),(211,6,1,0),(211,8,1,0),(211,9,0,0),(211,10,1,0),(212,2,0,0),(212,3,0,0),(212,5,1,0),(212,7,1,0),(212,8,0,0),(212,9,0,0),(212,10,1,0),(213,1,1,0),(213,5,1,0),(213,6,1,0),(213,8,1,0),(213,9,1,0),(213,10,1,0),(214,1,1,0),(214,5,1,0),(214,6,1,0),(214,8,1,0),(214,9,1,0),(214,10,1,1),(215,1,1,0),(215,5,1,0),(215,6,1,0),(215,8,1,0),(215,9,1,0),(215,10,1,0),(216,2,0,0),(216,3,1,0),(216,5,1,0),(216,7,1,0),(216,8,1,0),(216,9,1,0),(216,10,1,0),(217,1,1,0),(217,5,0,0),(217,6,1,0),(217,8,1,0),(217,9,0,0),(217,10,1,0),(218,2,0,0),(218,3,1,0),(218,5,1,0),(218,7,1,0),(218,8,1,0),(218,9,1,0),(218,10,1,0),(219,1,0,0),(219,5,1,0),(219,6,0,0),(219,8,1,0),(219,9,1,0),(219,10,1,0),(220,2,1,0),(220,3,1,0),(220,5,1,0),(220,7,0,0),(220,8,0,0),(220,9,1,0),(220,10,0,0),(221,1,1,0),(221,5,0,0),(221,6,1,0),(221,8,0,0),(221,9,0,0),(221,10,0,0),(222,1,1,0),(222,5,1,0),(222,6,1,0),(222,8,1,0),(222,9,1,0),(222,10,1,0),(223,1,1,0),(223,5,0,0),(223,6,0,0),(223,8,0,0),(223,9,0,0),(223,10,1,0),(224,1,0,0),(224,5,1,0),(224,6,1,0),(224,8,1,0),(224,9,1,0),(224,10,1,0),(225,1,1,0),(225,5,1,0),(225,6,1,1),(225,8,1,0),(225,9,1,0),(225,10,1,0),(226,1,0,0),(226,5,0,0),(226,6,1,0),(226,8,1,0),(226,9,0,0),(226,10,0,0),(227,2,1,1),(227,3,1,0),(227,5,1,1),(227,7,1,0),(227,8,1,0),(227,9,1,0),(227,10,1,0),(228,2,0,0),(228,3,1,0),(228,5,0,0),(228,7,1,0),(228,8,1,0),(228,9,0,0),(228,10,1,0),(229,1,1,0),(229,5,1,0),(229,6,1,0),(229,8,1,0),(229,9,1,0),(229,10,1,0),(230,2,0,0),(230,3,1,0),(230,5,1,0),(230,7,1,0),(230,8,1,0),(230,9,1,0),(230,10,1,0),(231,2,0,0),(231,3,1,0),(231,5,0,0),(231,7,0,0),(231,8,0,0),(231,9,1,0),(231,10,0,0),(232,1,1,0),(232,5,1,0),(232,6,1,0),(232,8,1,0),(232,9,1,0),(232,10,1,0),(233,1,1,0),(233,5,1,0),(233,6,1,0),(233,8,1,0),(233,9,1,0),(233,10,0,0),(234,1,1,0),(234,5,1,0),(234,6,1,0),(234,8,1,0),(234,9,1,0),(234,10,1,0),(235,1,1,0),(235,5,1,0),(235,6,1,0),(235,8,1,0),(235,9,1,0),(235,10,1,0),(236,1,1,0),(236,5,1,0),(236,6,0,0),(236,8,0,0),(236,9,0,0),(236,10,0,0),(237,2,0,0),(237,3,1,0),(237,5,1,1),(237,7,1,0),(237,8,0,0),(237,9,1,1),(237,10,1,0),(238,1,0,0),(238,5,1,0),(238,6,1,0),(238,8,0,0),(238,9,1,0),(238,10,0,0),(239,2,0,0),(239,3,1,0),(239,5,1,0),(239,7,1,0),(239,8,0,0),(239,9,0,0),(239,10,0,0),(240,2,0,0),(240,3,1,0),(240,5,1,0),(240,7,1,0),(240,8,1,0),(240,9,1,0),(240,10,1,0),(241,1,1,0),(241,5,1,0),(241,6,1,0),(241,8,1,0),(241,9,0,0),(241,10,1,0),(242,2,1,0),(242,3,1,0),(242,5,1,0),(242,7,1,1),(242,8,1,0),(242,9,1,0),(242,10,1,0),(243,1,0,0),(243,5,0,0),(243,6,0,0),(243,8,0,0),(243,9,1,0),(243,10,0,0),(244,2,0,0),(244,3,1,0),(244,5,1,0),(244,7,1,0),(244,8,1,0),(244,9,1,0),(244,10,1,0),(245,1,0,0),(245,5,0,0),(245,6,1,0),(245,8,0,0),(245,9,0,0),(245,10,0,0),(246,2,0,0),(246,3,0,0),(246,5,0,0),(246,7,0,0),(246,8,0,0),(246,9,1,1),(246,10,1,0),(247,2,0,0),(247,3,1,0),(247,5,0,0),(247,7,0,0),(247,8,1,0),(247,9,0,0),(247,10,0,0),(248,1,1,0),(248,5,1,0),(248,6,1,0),(248,8,1,0),(248,9,1,0),(248,10,1,1),(249,1,1,0),(249,5,0,0),(249,6,1,0),(249,8,0,0),(249,9,0,0),(249,10,0,0),(250,1,1,0),(250,5,1,0),(250,6,1,0),(250,8,1,0),(250,9,1,0),(250,10,1,0),(251,2,0,0),(251,3,0,0),(251,5,0,0),(251,7,1,0),(251,8,0,0),(251,9,0,0),(251,10,0,0),(252,1,0,0),(252,5,1,0),(252,6,1,0),(252,8,1,0),(252,9,1,0),(252,10,1,0),(253,1,1,0),(253,5,1,0),(253,6,0,0),(253,8,1,0),(253,9,1,0),(253,10,1,0),(254,1,1,0),(254,5,1,0),(254,6,1,0),(254,8,1,0),(254,9,1,0),(254,10,1,0),(255,2,0,0),(255,3,0,0),(255,5,1,0),(255,7,1,0),(255,8,1,0),(255,9,1,0),(255,10,1,0),(256,2,0,0),(256,3,0,0),(256,5,0,0),(256,7,0,0),(256,8,0,0),(256,9,0,0),(256,10,0,0),(257,1,1,0),(257,5,0,0),(257,6,1,0),(257,8,0,0),(257,9,0,0),(257,10,0,0),(258,1,1,0),(258,5,1,0),(258,6,0,0),(258,8,1,0),(258,9,1,0),(258,10,1,1),(259,2,0,0),(259,3,1,0),(259,5,1,0),(259,7,1,0),(259,8,1,0),(259,9,1,0),(259,10,1,0),(260,2,0,0),(260,3,1,0),(260,5,1,0),(260,7,1,0),(260,8,1,0),(260,9,1,0),(260,10,0,0),(261,1,1,0),(261,5,1,0),(261,6,1,0),(261,8,1,0),(261,9,1,0),(261,10,0,0),(262,1,1,0),(262,5,0,0),(262,6,0,0),(262,8,0,0),(262,9,0,0),(262,10,0,0),(263,1,1,0),(263,5,0,0),(263,6,1,0),(263,8,1,0),(263,9,0,0),(263,10,0,0),(264,2,0,0),(264,3,0,0),(264,5,0,0),(264,7,0,0),(264,8,0,0),(264,9,1,0),(264,10,0,0),(265,1,0,0),(265,5,1,0),(265,6,1,0),(265,8,1,0),(265,9,1,0),(265,10,1,0),(266,2,0,0),(266,3,0,0),(266,5,0,0),(266,7,0,0),(266,8,0,0),(266,9,1,1),(266,10,0,0),(267,1,1,0),(267,5,1,0),(267,6,1,0),(267,8,1,0),(267,9,1,0),(267,10,1,0),(268,2,0,0),(268,3,0,0),(268,5,0,0),(268,7,0,0),(268,8,0,0),(268,9,0,0),(268,10,0,0),(269,1,1,0),(269,5,1,0),(269,6,1,0),(269,8,1,0),(269,9,0,0),(269,10,1,0),(270,2,0,0),(270,3,1,0),(270,5,1,0),(270,7,1,0),(270,8,1,0),(270,9,1,0),(270,10,1,0),(271,2,0,0),(271,3,0,0),(271,5,0,0),(271,7,1,0),(271,8,1,0),(271,9,0,0),(271,10,0,0),(272,1,1,0),(272,5,1,0),(272,6,1,0),(272,8,1,0),(272,9,1,0),(272,10,1,0),(273,2,0,0),(273,3,1,0),(273,5,1,0),(273,7,1,0),(273,8,0,0),(273,9,1,0),(273,10,0,0),(274,2,0,0),(274,3,0,0),(274,5,1,0),(274,7,0,0),(274,8,0,0),(274,9,0,0),(274,10,0,0),(275,2,0,0),(275,3,1,0),(275,5,1,0),(275,7,1,0),(275,8,1,0),(275,9,1,0),(275,10,1,0),(276,1,1,0),(276,5,1,0),(276,6,1,0),(276,8,1,0),(276,9,1,0),(276,10,1,0),(277,1,0,0),(277,5,1,0),(277,6,1,0),(277,8,1,0),(277,9,1,0),(277,10,0,0),(278,2,0,0),(278,3,1,0),(278,5,0,0),(278,7,1,0),(278,8,1,0),(278,9,1,0),(278,10,1,0),(279,1,1,0),(279,5,1,0),(279,6,1,0),(279,8,1,0),(279,9,1,0),(279,10,1,0),(280,1,1,0),(280,5,1,0),(280,6,1,1),(280,8,1,0),(280,9,1,0),(280,10,1,0),(281,2,0,0),(281,3,0,0),(281,5,1,0),(281,7,0,0),(281,8,1,0),(281,9,1,0),(281,10,0,0),(282,1,0,0),(282,5,1,0),(282,6,1,0),(282,8,0,0),(282,9,0,0),(282,10,1,0),(283,1,1,0),(283,5,1,0),(283,6,1,1),(283,8,1,0),(283,9,1,0),(283,10,1,0),(284,2,0,0),(284,3,0,0),(284,5,0,0),(284,7,1,0),(284,8,1,0),(284,9,0,0),(284,10,0,0),(285,2,0,0),(285,3,1,0),(285,5,0,0),(285,7,1,0),(285,8,0,0),(285,9,1,0),(285,10,1,0),(286,2,0,0),(286,3,1,0),(286,5,1,0),(286,7,1,0),(286,8,1,0),(286,9,1,0),(286,10,0,0),(287,1,1,0),(287,5,1,0),(287,6,1,0),(287,8,0,0),(287,9,1,0),(287,10,1,0),(288,2,0,0),(288,3,1,0),(288,5,1,0),(288,7,0,0),(288,8,0,0),(288,9,0,0),(288,10,0,0),(289,1,0,0),(289,5,1,0),(289,6,1,0),(289,8,0,0),(289,9,0,0),(289,10,0,0),(290,1,1,0),(290,5,0,0),(290,6,1,0),(290,8,1,0),(290,9,1,0),(290,10,1,0),(291,1,1,0),(291,5,0,0),(291,6,1,0),(291,8,1,0),(291,9,0,0),(291,10,0,0),(292,2,0,0),(292,3,1,0),(292,5,1,0),(292,7,1,0),(292,8,1,1),(292,9,1,1),(292,10,1,0),(293,2,0,0),(293,3,1,0),(293,5,1,0),(293,7,1,0),(293,8,1,0),(293,9,1,0),(293,10,1,0),(294,2,0,0),(294,3,1,0),(294,4,1,0),(294,7,1,0),(294,8,1,0),(294,9,0,0),(294,10,1,0),(295,1,1,0),(295,5,1,0),(295,6,0,0),(295,8,0,0),(295,9,0,0),(295,10,1,0),(296,1,1,0),(296,5,1,0),(296,6,0,0),(296,8,0,0),(296,9,0,0),(296,10,0,0),(297,1,0,0),(297,5,1,0),(297,6,1,0),(297,8,1,0),(297,9,1,0),(297,10,0,0),(298,2,0,0),(298,3,0,0),(298,5,0,0),(298,7,1,0),(298,8,1,0),(298,9,0,0),(298,10,0,0),(299,2,0,0),(299,3,1,0),(299,5,1,0),(299,7,1,0),(299,8,1,0),(299,9,1,0),(299,10,0,0),(300,2,0,0),(300,3,0,0),(300,5,0,0),(300,7,1,0),(300,8,0,0),(300,9,1,0),(300,10,1,0),(301,1,1,0),(301,5,1,0),(301,6,1,0),(301,8,1,0),(301,9,0,0),(301,10,1,0),(302,1,1,0),(302,5,1,0),(302,6,1,0),(302,8,1,0),(302,9,1,0),(302,10,1,0),(303,2,0,0),(303,3,0,0),(303,5,0,0),(303,7,0,0),(303,8,0,0),(303,9,1,0),(303,10,0,0),(304,1,1,0),(304,5,1,0),(304,6,0,0),(304,8,1,0),(304,9,1,0),(304,10,1,0),(305,2,0,0),(305,3,1,0),(305,5,1,0),(305,7,1,0),(305,8,1,0),(305,9,1,0),(305,10,1,0),(306,2,0,0),(306,3,0,0),(306,5,0,0),(306,7,1,0),(306,8,0,0),(306,9,0,0),(306,10,0,0),(307,1,0,0),(307,5,1,0),(307,6,1,0),(307,8,1,0),(307,9,1,0),(307,10,1,0),(308,2,0,0),(308,3,1,0),(308,5,1,0),(308,7,1,0),(308,8,1,0),(308,9,1,0),(308,10,1,0),(309,1,0,0),(309,5,0,0),(309,6,1,0),(309,8,1,0),(309,9,0,0),(309,10,1,0),(310,1,1,0),(310,5,1,0),(310,6,1,0),(310,8,1,0),(310,9,1,0),(310,10,1,0),(311,1,1,0),(311,5,1,0),(311,6,1,0),(311,8,1,0),(311,9,1,0),(311,10,1,1),(312,1,1,0),(312,5,1,0),(312,6,1,0),(312,8,1,0),(312,9,1,1),(312,10,1,0),(313,1,0,0),(313,5,0,0),(313,6,1,0),(313,8,1,0),(313,9,1,0),(313,10,1,0),(314,1,1,0),(314,5,1,0),(314,6,1,0),(314,8,1,0),(314,9,1,0),(314,10,1,0),(315,1,1,0),(315,5,1,0),(315,6,0,0),(315,8,1,0),(315,9,0,0),(315,10,0,0),(316,1,0,0),(316,5,0,0),(316,6,0,0),(316,8,0,0),(316,9,0,0),(316,10,0,0),(317,1,0,0),(317,5,1,0),(317,6,1,0),(317,8,1,0),(317,9,1,0),(317,10,1,0),(318,1,1,0),(318,5,1,0),(318,6,0,0),(318,8,0,0),(318,9,1,0),(318,10,1,0),(319,1,1,0),(319,5,1,1),(319,6,1,0),(319,8,1,0),(319,9,1,1),(319,10,1,0),(320,2,0,0),(320,3,1,0),(320,5,1,0),(320,7,1,0),(320,8,1,0),(320,9,1,0),(320,10,1,1),(321,2,0,0),(321,3,0,0),(321,5,1,0),(321,7,1,0),(321,8,1,0),(321,9,1,0),(321,10,0,0),(322,1,1,0),(322,5,0,0),(322,6,0,0),(322,8,0,0),(322,9,1,0),(322,10,0,0),(323,2,0,0),(323,3,1,0),(323,5,1,0),(323,7,1,0),(323,8,1,0),(323,9,1,0),(323,10,1,0),(324,2,0,0),(324,3,1,0),(324,5,1,0),(324,7,1,0),(324,8,1,0),(324,9,1,0),(324,10,1,0),(325,1,0,0),(325,5,0,0),(325,6,1,0),(325,8,0,0),(325,9,0,0),(325,10,0,0),(326,2,0,0),(326,3,1,0),(326,5,0,0),(326,7,1,0),(326,8,1,0),(326,9,1,0),(326,10,1,1),(327,1,1,0),(327,5,0,0),(327,6,0,0),(327,8,1,0),(327,9,0,0),(327,10,0,0),(328,1,1,0),(328,5,0,0),(328,6,0,0),(328,8,0,0),(328,9,1,0),(328,10,1,0),(329,2,0,0),(329,3,1,0),(329,5,1,0),(329,7,0,0),(329,8,0,0),(329,9,0,0),(329,10,0,0),(330,2,0,0),(330,3,0,0),(330,5,1,0),(330,7,1,0),(330,8,1,1),(330,9,1,0),(330,10,0,0),(331,1,0,0),(331,5,1,0),(331,6,1,0),(331,8,1,0),(331,9,1,1),(331,10,1,0),(332,1,1,0),(332,5,1,0),(332,6,1,0),(332,8,1,0),(332,9,1,0),(332,10,0,0),(333,1,0,0),(333,5,1,0),(333,6,1,0),(333,8,1,0),(333,9,0,0),(333,10,1,0),(334,1,1,0),(334,5,0,0),(334,6,0,0),(334,8,0,0),(334,9,1,0),(334,10,0,0),(335,1,0,0),(335,5,0,0),(335,6,0,0),(335,8,0,0),(335,9,1,0),(335,10,0,0),(336,1,1,0),(336,5,1,0),(336,6,1,0),(336,8,1,0),(336,9,1,0),(336,10,1,0),(337,2,0,0),(337,3,0,0),(337,5,1,1),(337,7,0,0),(337,8,0,0),(337,9,0,0),(337,10,0,0),(338,2,0,0),(338,3,0,0),(338,5,1,0),(338,7,1,0),(338,8,0,0),(338,9,1,0),(338,10,1,0),(339,1,1,0),(339,5,1,0),(339,6,0,0),(339,8,0,0),(339,9,0,0),(339,10,0,0),(340,2,0,0),(340,3,1,0),(340,5,1,0),(340,7,1,0),(340,8,1,0),(340,9,1,0),(340,10,1,0),(341,1,0,0),(341,5,0,0),(341,6,0,0),(341,8,0,0),(341,9,0,0),(341,10,0,0),(342,2,0,0),(342,3,0,0),(342,5,1,0),(342,7,1,0),(342,8,1,1),(342,9,1,0),(342,10,0,0),(343,2,0,0),(343,3,1,0),(343,5,1,0),(343,7,1,0),(343,8,0,0),(343,9,0,0),(343,10,1,0),(344,1,0,0),(344,5,1,0),(344,6,1,0),(344,8,1,0),(344,9,1,0),(344,10,1,0),(345,2,0,0),(345,3,0,0),(345,5,0,0),(345,7,1,0),(345,8,1,0),(345,9,0,0),(345,10,0,0),(346,2,0,0),(346,3,0,0),(346,5,0,0),(346,7,1,0),(346,8,1,0),(346,9,1,0),(346,10,1,1),(347,2,0,0),(347,3,0,0),(347,5,0,0),(347,7,0,0),(347,8,0,0),(347,9,1,0),(347,10,0,0),(348,2,0,0),(348,3,0,0),(348,5,0,0),(348,7,1,0),(348,8,1,0),(348,9,0,0),(348,10,0,0),(349,1,1,0),(349,5,1,0),(349,6,1,0),(349,8,1,0),(349,9,1,0),(349,10,1,0),(350,1,0,0),(350,5,0,0),(350,6,0,0),(350,8,1,0),(350,9,0,0),(350,10,0,0),(351,1,0,0),(351,5,1,0),(351,6,1,0),(351,8,1,0),(351,9,0,0),(351,10,0,0),(352,1,1,0),(352,5,1,0),(352,6,0,0),(352,8,1,0),(352,9,1,0),(352,10,1,0),(353,2,0,0),(353,3,0,0),(353,5,1,0),(353,7,1,0),(353,8,1,0),(353,9,1,0),(353,10,1,1),(354,2,0,0),(354,3,0,0),(354,5,0,0),(354,7,1,0),(354,8,1,0),(354,9,0,0),(354,10,0,0),(355,1,1,0),(355,5,1,0),(355,6,1,0),(355,8,1,0),(355,9,1,0),(355,10,1,0),(356,2,0,0),(356,3,0,0),(356,5,0,0),(356,7,1,0),(356,8,0,0),(356,9,1,1),(356,10,0,0),(357,2,0,0),(357,3,0,0),(357,5,0,0),(357,7,0,0),(357,8,1,0),(357,9,0,0),(357,10,0,0),(358,1,0,0),(358,5,0,0),(358,6,1,0),(358,8,1,0),(358,9,0,0),(358,10,0,0),(359,1,1,0),(359,5,1,0),(359,6,1,0),(359,8,1,0),(359,9,1,0),(359,10,1,0),(360,1,1,0),(360,5,1,0),(360,6,1,0),(360,8,1,0),(360,9,1,0),(360,10,1,0),(361,2,0,0),(361,3,0,0),(361,5,1,0),(361,7,1,0),(361,8,1,0),(361,9,1,0),(361,10,1,0),(362,2,0,0),(362,3,1,0),(362,5,1,0),(362,7,1,0),(362,8,1,0),(362,9,1,0),(362,10,1,0),(363,2,0,0),(363,3,0,0),(363,5,1,0),(363,7,1,0),(363,8,1,0),(363,9,0,0),(363,10,0,0),(364,1,1,0),(364,5,1,0),(364,6,0,0),(364,8,1,0),(364,9,1,0),(364,10,1,0),(365,2,0,0),(365,3,1,0),(365,5,1,0),(365,7,1,0),(365,8,1,0),(365,9,1,0),(365,10,1,0),(366,1,0,0),(366,5,1,0),(366,6,1,0),(366,8,1,0),(366,9,1,0),(366,10,1,0),(367,1,1,0),(367,5,1,0),(367,6,1,0),(367,8,1,0),(367,9,1,0),(367,10,1,0),(368,2,0,0),(368,3,0,0),(368,5,1,0),(368,7,1,0),(368,8,1,1),(368,9,0,0),(368,10,0,0),(369,1,1,0),(369,5,0,0),(369,6,0,0),(369,8,0,0),(369,9,1,0),(369,10,1,0),(370,1,1,0),(370,5,1,0),(370,6,1,0),(370,8,0,0),(370,9,1,0),(370,10,0,0),(371,1,1,0),(371,5,0,0),(371,6,0,0),(371,8,0,0),(371,9,0,0),(371,10,0,0),(372,1,1,0),(372,5,0,0),(372,6,1,0),(372,8,1,0),(372,9,0,0),(372,10,0,0),(373,1,1,0),(373,5,1,1),(373,6,1,0),(373,8,0,0),(373,9,0,0),(373,10,1,0),(374,2,0,0),(374,3,1,0),(374,5,1,0),(374,7,1,0),(374,8,1,0),(374,9,1,0),(374,10,1,0),(375,1,0,0),(375,5,0,0),(375,6,0,0),(375,8,0,0),(375,9,1,0),(375,10,0,0),(376,2,0,0),(376,3,0,0),(376,5,1,0),(376,7,1,0),(376,8,0,0),(376,9,0,0),(376,10,0,0),(377,2,0,0),(377,3,0,0),(377,5,0,0),(377,7,0,0),(377,8,1,0),(377,9,0,0),(377,10,1,0),(378,2,0,0),(378,3,0,0),(378,5,0,0),(378,7,0,0),(378,8,0,0),(378,9,1,0),(378,10,1,0),(379,2,0,0),(379,3,1,0),(379,5,1,1),(379,7,0,0),(379,8,1,0),(379,9,1,0),(379,10,1,0),(380,2,0,0),(380,3,0,0),(380,5,1,0),(380,7,1,0),(380,8,1,0),(380,9,1,0),(380,10,1,0),(381,2,0,0),(381,3,1,0),(381,5,1,0),(381,7,1,0),(381,8,1,0),(381,9,1,1),(381,10,1,0),(382,1,0,0),(382,5,0,0),(382,6,0,0),(382,8,1,0),(382,9,0,0),(382,10,0,0),(383,2,0,0),(383,3,1,0),(383,4,1,0),(383,7,1,0),(383,8,1,0),(383,9,1,0),(383,10,1,0),(384,2,0,0),(384,3,1,0),(384,5,0,0),(384,7,0,0),(384,8,1,0),(384,9,1,0),(384,10,0,0),(385,2,0,0),(385,3,1,0),(385,5,1,0),(385,7,1,0),(385,8,1,0),(385,9,1,0),(385,10,1,1),(386,2,0,0),(386,3,1,0),(386,5,1,0),(386,7,1,0),(386,8,1,0),(386,9,1,0),(386,10,1,0),(387,2,0,0),(387,3,0,0),(387,5,0,0),(387,7,0,0),(387,8,1,0),(387,9,0,0),(387,10,1,0),(388,1,1,0),(388,5,1,0),(388,6,0,0),(388,8,1,0),(388,9,0,0),(388,10,1,0),(389,1,0,0),(389,5,0,0),(389,6,0,0),(389,8,1,0),(389,9,0,0),(389,10,0,0),(390,1,0,0),(390,5,0,0),(390,6,1,0),(390,8,1,0),(390,9,1,0),(390,10,0,0),(391,1,0,0),(391,5,0,0),(391,6,0,0),(391,8,0,0),(391,9,1,0),(391,10,1,0),(392,1,0,0),(392,5,1,0),(392,6,1,0),(392,8,1,0),(392,9,1,0),(392,10,1,0),(393,2,0,0),(393,3,1,0),(393,5,0,0),(393,7,1,0),(393,8,0,0),(393,9,1,0),(393,10,1,0),(394,2,0,0),(394,3,1,0),(394,5,0,0),(394,7,1,0),(394,8,1,0),(394,9,0,0),(394,10,1,0),(395,2,0,0),(395,3,1,0),(395,5,1,0),(395,7,1,0),(395,8,1,0),(395,9,1,0),(395,10,1,0),(396,2,0,0),(396,3,0,0),(396,5,1,0),(396,7,1,0),(396,8,0,0),(396,9,0,0),(396,10,0,0),(397,1,1,0),(397,5,1,0),(397,6,0,0),(397,8,1,0),(397,9,0,0),(397,10,0,0),(398,1,1,0),(398,5,0,0),(398,6,1,0),(398,8,1,0),(398,9,0,0),(398,10,1,0),(399,1,1,0),(399,5,0,0),(399,6,1,0),(399,8,1,0),(399,9,1,0),(399,10,0,0),(400,2,0,0),(400,3,1,0),(400,5,1,0),(400,7,1,0),(400,8,1,0),(400,9,1,1),(400,10,1,0),(401,2,0,0),(401,3,1,0),(401,5,1,0),(401,7,1,0),(401,8,1,0),(401,9,1,0),(401,10,0,0),(402,1,0,0),(402,5,1,0),(402,6,1,0),(402,8,0,0),(402,9,1,0),(402,10,1,0),(403,2,0,0),(403,3,1,0),(403,5,1,0),(403,7,1,0),(403,8,1,0),(403,9,1,0),(403,10,1,0),(404,2,0,0),(404,3,1,0),(404,5,1,0),(404,7,1,1),(404,8,1,0),(404,9,1,0),(404,10,1,0),(405,2,0,0),(405,3,0,0),(405,5,0,0),(405,7,0,0),(405,8,0,0),(405,9,0,0),(405,10,0,0),(406,1,1,0),(406,5,1,0),(406,6,1,0),(406,8,1,0),(406,9,1,1),(406,10,1,1),(407,1,0,0),(407,5,1,0),(407,6,1,0),(407,8,1,0),(407,9,1,0),(407,10,1,0),(408,2,0,0),(408,3,0,0),(408,5,0,0),(408,7,1,0),(408,8,0,0),(408,9,1,0),(408,10,1,0),(409,1,1,0),(409,5,1,0),(409,6,1,0),(409,8,1,0),(409,9,1,0),(409,10,0,0),(410,1,1,0),(410,5,1,0),(410,6,1,0),(410,8,1,0),(410,9,1,0),(410,10,1,0),(411,1,1,1),(411,5,1,1),(411,6,1,0),(411,8,1,0),(411,9,1,0),(411,10,1,1),(412,2,0,0),(412,3,0,0),(412,5,0,0),(412,7,1,0),(412,8,0,0),(412,9,1,0),(412,10,0,0),(413,2,0,0),(413,3,1,0),(413,5,1,0),(413,7,1,0),(413,8,1,0),(413,9,1,0),(413,10,1,0),(414,2,0,0),(414,3,1,0),(414,5,1,0),(414,7,1,0),(414,8,0,0),(414,9,1,0),(414,10,1,0),(415,2,0,0),(415,3,0,0),(415,5,0,0),(415,7,0,0),(415,8,0,0),(415,9,1,0),(415,10,0,0),(416,2,0,0),(416,3,1,0),(416,5,1,0),(416,7,1,0),(416,8,1,0),(416,9,1,0),(416,10,1,0),(417,1,0,0),(417,5,0,0),(417,6,1,0),(417,8,1,0),(417,9,1,0),(417,10,1,1),(418,1,0,0),(418,5,1,0),(418,6,1,0),(418,8,1,0),(418,9,0,0),(418,10,0,0),(419,2,0,0),(419,3,0,0),(419,5,0,0),(419,7,0,0),(419,8,0,0),(419,9,0,0),(419,10,1,0),(420,2,0,0),(420,3,0,0),(420,5,0,0),(420,7,1,0),(420,8,1,0),(420,9,0,0),(420,10,1,0),(421,2,0,0),(421,3,0,0),(421,5,0,0),(421,7,1,0),(421,8,1,0),(421,9,1,1),(421,10,1,1),(422,1,1,0),(422,5,1,0),(422,6,1,0),(422,8,1,0),(422,9,1,0),(422,10,1,0),(423,2,0,0),(423,3,1,0),(423,5,1,0),(423,7,1,0),(423,8,1,0),(423,9,0,0),(423,10,1,0),(424,2,0,0),(424,3,0,0),(424,5,0,0),(424,7,0,0),(424,8,0,0),(424,9,1,0),(424,10,1,0),(425,2,0,0),(425,3,1,1),(425,5,1,0),(425,7,1,0),(425,8,1,0),(425,9,1,1),(425,10,1,1),(426,1,1,0),(426,5,1,0),(426,6,1,0),(426,8,1,0),(426,9,0,0),(426,10,0,0),(427,1,1,0),(427,5,1,0),(427,6,1,0),(427,8,1,0),(427,9,1,0),(427,10,1,0),(428,2,0,0),(428,3,0,0),(428,5,1,0),(428,7,1,0),(428,8,0,0),(428,9,0,0),(428,10,0,0),(429,2,0,0),(429,3,1,0),(429,5,0,0),(429,7,0,0),(429,8,1,0),(429,9,1,0),(429,10,1,1),(430,2,0,0),(430,3,0,0),(430,5,0,0),(430,7,0,0),(430,8,0,0),(430,9,1,1),(430,10,0,0),(431,2,0,0),(431,3,1,0),(431,5,1,0),(431,7,1,0),(431,8,1,0),(431,9,1,0),(431,10,1,0),(432,1,0,0),(432,5,1,0),(432,6,1,1),(432,8,0,0),(432,9,0,0),(432,10,1,0),(433,1,1,0),(433,5,0,0),(433,6,1,0),(433,8,1,1),(433,9,1,0),(433,10,1,0),(434,1,0,0),(434,5,1,0),(434,6,1,0),(434,8,1,0),(434,9,1,0),(434,10,1,0),(435,1,0,0),(435,5,1,0),(435,6,0,0),(435,8,1,0),(435,9,1,0),(435,10,1,0),(436,2,0,0),(436,3,1,0),(436,5,1,0),(436,7,1,0),(436,8,1,0),(436,9,1,0),(436,10,1,0),(437,1,0,0),(437,5,1,0),(437,6,1,0),(437,8,0,0),(437,9,0,0),(437,10,1,0),(438,2,0,0),(438,3,0,0),(438,5,0,0),(438,7,0,0),(438,8,0,0),(438,9,1,0),(438,10,1,0),(439,1,0,0),(439,5,1,0),(439,6,0,0),(439,8,1,0),(439,9,1,0),(439,10,0,0),(440,1,0,0),(440,5,0,0),(440,6,1,0),(440,8,1,0),(440,9,1,0),(440,10,1,0),(441,2,0,0),(441,3,0,0),(441,5,0,0),(441,7,0,0),(441,8,1,0),(441,9,0,0),(441,10,0,0),(442,2,0,0),(442,3,1,0),(442,5,0,0),(442,7,1,0),(442,8,1,0),(442,9,1,0),(442,10,1,1),(443,2,0,0),(443,3,1,0),(443,5,1,0),(443,7,1,0),(443,8,1,0),(443,9,1,0),(443,10,1,0),(444,2,0,0),(444,3,0,0),(444,5,0,0),(444,7,1,0),(444,8,1,0),(444,9,0,0),(444,10,0,0),(445,2,0,0),(445,3,1,0),(445,5,0,0),(445,7,1,0),(445,8,1,0),(445,9,1,0),(445,10,1,0),(446,2,0,0),(446,3,0,0),(446,5,0,0),(446,7,1,0),(446,8,1,0),(446,9,0,0),(446,10,0,0),(447,1,1,0),(447,5,1,0),(447,6,1,0),(447,8,1,0),(447,9,1,0),(447,10,1,0),(448,2,1,0),(448,3,1,0),(448,4,1,1),(448,7,1,1),(448,8,1,0),(448,9,1,0),(448,10,1,1),(449,2,1,0),(449,3,1,0),(449,5,1,0),(449,7,1,0),(449,8,1,1),(449,9,1,0),(449,10,1,0),(450,2,0,0),(450,3,0,0),(450,5,0,0),(450,7,1,0),(450,8,1,0),(450,9,0,0),(450,10,1,0),(451,1,0,0),(451,5,1,0),(451,6,1,0),(451,8,1,0),(451,9,1,0),(451,10,1,0),(452,2,0,0),(452,3,1,0),(452,5,1,0),(452,7,1,0),(452,8,1,0),(452,9,0,0),(452,10,0,0),(453,2,0,0),(453,3,0,0),(453,5,1,0),(453,7,1,0),(453,8,0,0),(453,9,0,0),(453,10,0,0),(454,2,0,0),(454,3,1,0),(454,5,0,0),(454,7,1,0),(454,8,0,0),(454,9,0,0),(454,10,0,0),(455,1,1,0),(455,5,1,0),(455,6,1,0),(455,8,1,0),(455,9,1,0),(455,10,1,0),(456,2,0,0),(456,3,1,0),(456,5,0,0),(456,7,1,0),(456,8,0,0),(456,9,1,0),(456,10,0,0),(457,1,0,0),(457,5,0,0),(457,6,1,0),(457,8,1,0),(457,9,0,0),(457,10,0,0),(458,2,0,0),(458,3,1,0),(458,5,1,0),(458,7,1,0),(458,8,1,0),(458,9,1,0),(458,10,1,0),(459,2,0,0),(459,3,1,0),(459,5,1,0),(459,7,1,1),(459,8,1,0),(459,9,1,0),(459,10,1,0),(460,2,0,0),(460,3,1,0),(460,5,0,0),(460,7,1,0),(460,8,1,0),(460,9,1,0),(460,10,0,0),(461,1,0,0),(461,5,1,0),(461,6,1,0),(461,8,1,0),(461,9,1,0),(461,10,1,0),(462,1,1,0),(462,5,0,0),(462,6,1,1),(462,8,0,0),(462,9,0,0),(462,10,1,0),(463,1,0,0),(463,5,1,0),(463,6,1,0),(463,8,1,0),(463,9,1,0),(463,10,0,0),(464,1,1,0),(464,5,1,0),(464,6,1,1),(464,8,1,0),(464,9,1,0),(464,10,1,0),(465,1,1,0),(465,5,1,0),(465,6,0,0),(465,8,1,0),(465,9,1,0),(465,10,0,0),(466,1,0,0),(466,5,0,0),(466,6,0,0),(466,8,0,0),(466,9,1,0),(466,10,0,0),(467,1,0,0),(467,5,1,1),(467,6,1,0),(467,8,1,0),(467,9,1,1),(467,10,1,0),(468,1,1,0),(468,5,1,0),(468,6,1,0),(468,8,1,0),(468,9,1,0),(468,10,1,0),(469,1,0,0),(469,5,1,0),(469,6,1,0),(469,8,1,0),(469,9,0,0),(469,10,0,0),(470,1,1,0),(470,5,1,0),(470,6,1,0),(470,8,1,0),(470,9,1,1),(470,10,0,0),(471,2,0,0),(471,3,1,0),(471,5,1,0),(471,7,1,0),(471,8,1,0),(471,9,1,0),(471,10,1,0),(472,1,0,0),(472,5,0,0),(472,6,0,0),(472,8,0,0),(472,9,0,0),(472,10,1,0),(473,1,0,0),(473,5,1,0),(473,6,1,0),(473,8,1,0),(473,9,0,0),(473,10,0,0),(474,1,1,0),(474,5,1,0),(474,6,1,0),(474,8,1,0),(474,9,1,0),(474,10,1,0),(475,1,0,0),(475,5,0,0),(475,6,0,0),(475,8,1,0),(475,9,0,0),(475,10,0,0),(476,1,1,0),(476,5,0,0),(476,6,0,0),(476,8,1,0),(476,9,0,0),(476,10,0,0),(477,2,0,0),(477,3,0,0),(477,5,1,0),(477,7,0,0),(477,8,1,0),(477,9,0,0),(477,10,1,0),(478,2,0,0),(478,3,0,0),(478,5,0,0),(478,7,0,0),(478,8,0,0),(478,9,0,0),(478,10,0,0),(479,2,0,0),(479,3,1,0),(479,5,1,1),(479,7,1,0),(479,8,1,0),(479,9,1,0),(479,10,1,0),(480,2,0,0),(480,3,0,0),(480,5,1,0),(480,7,1,0),(480,8,0,0),(480,9,1,1),(480,10,1,0),(481,2,0,0),(481,3,0,0),(481,5,1,0),(481,7,1,0),(481,8,1,0),(481,9,0,0),(481,10,1,0),(482,2,0,0),(482,3,1,0),(482,5,0,0),(482,7,1,0),(482,8,1,0),(482,9,1,0),(482,10,1,0),(483,1,1,0),(483,5,0,0),(483,6,0,0),(483,8,1,0),(483,9,1,0),(483,10,1,0),(484,1,0,0),(484,5,1,0),(484,6,0,0),(484,8,0,0),(484,9,0,0),(484,10,0,0),(485,2,0,0),(485,3,1,0),(485,5,1,0),(485,7,1,0),(485,8,1,0),(485,9,1,1),(485,10,1,0),(486,1,0,0),(486,5,0,0),(486,6,1,0),(486,8,1,0),(486,9,0,0),(486,10,0,0),(487,2,0,0),(487,3,1,0),(487,5,1,0),(487,7,1,0),(487,8,1,0),(487,9,1,1),(487,10,1,1),(488,2,0,0),(488,3,1,0),(488,5,1,0),(488,7,1,0),(488,8,1,0),(488,9,1,0),(488,10,1,0),(489,1,1,0),(489,5,1,0),(489,6,1,0),(489,8,1,0),(489,9,1,0),(489,10,0,0),(490,2,0,0),(490,3,1,0),(490,5,0,0),(490,7,1,0),(490,8,0,0),(490,9,1,0),(490,10,1,0),(491,1,0,0),(491,5,1,0),(491,6,1,0),(491,8,1,0),(491,9,1,0),(491,10,1,0),(492,1,0,0),(492,5,0,0),(492,6,0,0),(492,8,1,0),(492,9,1,0),(492,10,1,0),(493,1,1,0),(493,5,0,0),(493,6,0,0),(493,8,0,0),(493,9,0,0),(493,10,0,0),(494,2,0,0),(494,3,1,0),(494,5,0,0),(494,7,1,0),(494,8,1,0),(494,9,1,0),(494,10,1,0),(495,1,0,0),(495,5,0,0),(495,6,0,0),(495,8,0,0),(495,9,1,0),(495,10,0,0),(496,1,0,0),(496,5,1,0),(496,6,1,0),(496,8,1,0),(496,9,0,0),(496,10,0,0),(497,1,0,0),(497,5,1,0),(497,6,1,0),(497,8,0,0),(497,9,1,0),(497,10,0,0),(498,1,0,0),(498,5,0,0),(498,6,1,0),(498,8,1,0),(498,9,1,0),(498,10,1,0),(499,2,0,0),(499,3,1,0),(499,5,1,0),(499,7,1,0),(499,8,1,0),(499,9,1,0),(499,10,0,0),(500,1,1,0),(500,5,1,0),(500,6,0,0),(500,8,1,0),(500,9,1,0),(500,10,0,0),(501,1,0,0),(501,5,0,0),(501,6,0,0),(501,8,0,0),(501,9,1,0),(501,10,1,1),(502,1,0,0),(502,5,0,0),(502,6,0,0),(502,8,0,0),(502,9,1,0),(502,10,0,0),(503,2,0,0),(503,3,0,0),(503,5,0,0),(503,7,0,0),(503,8,0,0),(503,9,0,0),(503,10,0,0),(504,2,0,0),(504,3,1,0),(504,5,1,0),(504,7,1,0),(504,8,1,0),(504,9,1,0),(504,10,1,0),(505,1,0,0),(505,5,1,0),(505,6,0,0),(505,8,1,0),(505,9,0,0),(505,10,1,0),(506,1,1,0),(506,5,1,0),(506,6,1,0),(506,8,1,0),(506,9,0,0),(506,10,1,0),(507,1,0,0),(507,5,0,0),(507,6,0,0),(507,8,0,0),(507,9,1,0),(507,10,0,0),(508,2,0,0),(508,3,0,0),(508,5,0,0),(508,7,0,0),(508,8,1,0),(508,9,0,0),(508,10,1,0),(509,1,1,0),(509,5,1,0),(509,6,1,0),(509,8,0,0),(509,9,1,0),(509,10,1,0),(510,1,1,0),(510,5,1,0),(510,6,1,0),(510,8,0,0),(510,9,1,0),(510,10,0,0),(511,1,0,0),(511,5,0,0),(511,6,1,0),(511,8,0,0),(511,9,1,0),(511,10,1,0),(512,1,1,0),(512,5,1,0),(512,6,1,0),(512,8,0,0),(512,9,1,0),(512,10,1,0),(513,2,0,0),(513,3,0,0),(513,5,0,0),(513,7,0,0),(513,8,0,0),(513,9,0,0),(513,10,1,0),(514,1,1,1),(514,5,1,1),(514,6,1,0),(514,8,1,0),(514,9,1,0),(514,10,1,1),(515,2,0,0),(515,3,0,0),(515,5,0,0),(515,7,0,0),(515,8,0,0),(515,9,0,0),(515,10,0,0),(516,1,1,0),(516,5,1,0),(516,6,1,0),(516,8,1,0),(516,9,0,0),(516,10,0,0),(517,1,0,0),(517,5,1,0),(517,6,1,0),(517,8,1,0),(517,9,1,0),(517,10,1,0),(518,2,0,0),(518,3,0,0),(518,5,0,0),(518,7,0,0),(518,8,0,0),(518,9,1,0),(518,10,1,0),(519,1,1,0),(519,5,1,0),(519,6,1,0),(519,8,1,0),(519,9,0,0),(519,10,1,0),(520,2,0,0),(520,3,1,0),(520,5,1,1),(520,7,1,0),(520,8,1,0),(520,9,1,0),(520,10,1,1),(521,2,0,0),(521,3,0,0),(521,5,0,0),(521,7,0,0),(521,8,0,0),(521,9,0,0),(521,10,1,0),(522,1,0,0),(522,5,0,0),(522,6,0,0),(522,8,1,0),(522,9,1,0),(522,10,1,0),(523,2,0,0),(523,3,0,0),(523,5,1,0),(523,7,1,0),(523,8,1,0),(523,9,1,0),(523,10,0,0),(524,1,1,0),(524,5,1,0),(524,6,0,0),(524,8,1,0),(524,9,1,0),(524,10,1,0),(525,2,0,0),(525,3,0,0),(525,5,1,0),(525,7,1,0),(525,8,1,0),(525,9,1,0),(525,10,0,0),(526,1,0,0),(526,5,1,0),(526,6,1,0),(526,8,1,0),(526,9,0,0),(526,10,0,0),(527,2,0,0),(527,3,0,0),(527,5,0,0),(527,7,1,0),(527,8,0,0),(527,9,1,0),(527,10,0,0),(528,1,1,0),(528,5,0,0),(528,6,1,0),(528,8,1,0),(528,9,1,0),(528,10,1,0),(529,2,0,0),(529,3,0,0),(529,5,0,0),(529,7,0,0),(529,8,1,0),(529,9,1,0),(529,10,0,0),(530,1,1,0),(530,5,1,1),(530,6,0,0),(530,8,1,0),(530,9,1,0),(530,10,1,1),(531,2,1,1),(531,3,1,0),(531,4,1,0),(531,7,1,0),(531,8,1,0),(531,9,1,0),(531,10,1,0),(532,1,1,0),(532,5,1,0),(532,6,1,0),(532,8,1,0),(532,9,1,0),(532,10,1,0),(533,1,0,0),(533,5,1,0),(533,6,1,0),(533,8,1,0),(533,9,1,0),(533,10,1,0),(534,1,1,0),(534,5,1,0),(534,6,1,0),(534,8,1,0),(534,9,1,0),(534,10,0,0),(535,1,1,0),(535,5,1,0),(535,6,1,0),(535,8,1,0),(535,9,1,0),(535,10,0,0),(536,1,1,0),(536,5,1,0),(536,6,1,1),(536,8,1,0),(536,9,1,0),(536,10,1,0),(537,2,0,0),(537,3,0,0),(537,5,1,0),(537,7,1,0),(537,8,1,0),(537,9,1,0),(537,10,1,0),(538,2,0,0),(538,3,0,0),(538,5,0,0),(538,7,1,0),(538,8,1,0),(538,9,1,0),(538,10,1,0),(539,2,0,0),(539,3,1,0),(539,5,1,1),(539,7,1,0),(539,8,1,0),(539,9,1,1),(539,10,1,0),(540,1,1,0),(540,5,0,0),(540,6,1,0),(540,8,1,0),(540,9,0,0),(540,10,1,0),(541,1,1,0),(541,5,0,0),(541,6,0,0),(541,8,1,0),(541,9,1,0),(541,10,1,0),(542,1,0,0),(542,5,1,0),(542,6,1,0),(542,8,0,0),(542,9,0,0),(542,10,0,0),(543,2,1,0),(543,3,1,0),(543,4,1,1),(543,7,1,1),(543,8,1,1),(543,9,1,0),(543,10,1,0),(544,2,0,0),(544,3,1,0),(544,5,1,0),(544,7,1,0),(544,8,1,0),(544,9,1,0),(544,10,1,1),(545,2,0,0),(545,3,1,0),(545,5,0,0),(545,7,1,0),(545,8,1,0),(545,9,1,0),(545,10,1,0),(546,2,0,0),(546,3,1,0),(546,5,1,0),(546,7,1,0),(546,8,1,0),(546,9,1,0),(546,10,1,0),(547,2,0,0),(547,3,1,0),(547,5,1,1),(547,7,1,0),(547,8,1,0),(547,9,0,0),(547,10,1,0),(548,1,1,0),(548,5,1,0),(548,6,1,0),(548,8,0,0),(548,9,0,0),(548,10,1,0),(549,2,0,0),(549,3,0,0),(549,5,1,1),(549,7,1,0),(549,8,0,0),(549,9,1,0),(549,10,0,0),(550,2,0,0),(550,3,1,0),(550,5,1,0),(550,7,1,0),(550,8,1,0),(550,9,1,0),(550,10,1,0),(551,1,1,0),(551,5,1,1),(551,6,1,0),(551,8,1,0),(551,9,1,0),(551,10,1,0),(552,1,0,0),(552,5,1,0),(552,6,1,0),(552,8,1,0),(552,9,1,0),(552,10,1,0),(553,1,1,0),(553,5,1,0),(553,6,1,0),(553,8,1,0),(553,9,1,0),(553,10,1,0),(554,1,0,0),(554,5,0,0),(554,6,1,0),(554,8,1,0),(554,9,1,0),(554,10,0,0),(555,1,1,1),(555,5,1,0),(555,6,1,0),(555,8,1,0),(555,9,1,0),(555,10,1,0),(556,1,1,0),(556,5,0,0),(556,6,0,0),(556,8,1,0),(556,9,0,0),(556,10,1,1),(557,1,1,0),(557,5,0,0),(557,6,1,0),(557,8,1,0),(557,9,1,0),(557,10,1,0),(558,2,0,0),(558,3,1,0),(558,5,1,0),(558,7,1,0),(558,8,1,0),(558,9,1,0),(558,10,1,0),(559,1,0,0),(559,5,1,0),(559,6,1,0),(559,8,1,0),(559,9,0,0),(559,10,1,0),(560,1,0,0),(560,5,1,0),(560,6,1,0),(560,8,1,0),(560,9,1,0),(560,10,1,0),(561,2,0,0),(561,3,1,0),(561,5,1,0),(561,7,1,0),(561,8,1,0),(561,9,0,0),(561,10,1,0),(562,1,1,0),(562,5,1,0),(562,6,1,0),(562,8,1,0),(562,9,1,0),(562,10,1,0),(563,2,0,0),(563,3,1,0),(563,5,1,0),(563,7,1,0),(563,8,0,0),(563,9,0,0),(563,10,0,0),(564,1,0,0),(564,5,0,0),(564,6,0,0),(564,8,0,0),(564,9,1,0),(564,10,0,0),(565,1,1,0),(565,5,1,1),(565,6,1,0),(565,8,1,0),(565,9,1,0),(565,10,1,0),(566,1,0,0),(566,5,0,0),(566,6,0,0),(566,8,1,0),(566,9,0,0),(566,10,0,0),(567,1,0,0),(567,5,1,0),(567,6,1,1),(567,8,1,0),(567,9,1,0),(567,10,1,0),(568,2,0,0),(568,3,1,0),(568,5,1,0),(568,7,0,0),(568,8,0,0),(568,9,1,0),(568,10,1,0),(569,1,0,0),(569,5,1,0),(569,6,1,0),(569,8,1,0),(569,9,0,0),(569,10,0,0),(570,1,1,0),(570,5,1,0),(570,6,1,0),(570,8,1,0),(570,9,0,0),(570,10,1,0),(571,1,0,0),(571,5,0,0),(571,6,0,0),(571,8,1,0),(571,9,0,0),(571,10,0,0),(572,1,0,0),(572,5,0,0),(572,6,0,0),(572,8,0,0),(572,9,0,0),(572,10,1,0),(573,1,1,0),(573,5,1,0),(573,6,1,0),(573,8,1,0),(573,9,1,0),(573,10,1,0),(574,2,0,0),(574,3,1,0),(574,4,1,1),(574,7,1,0),(574,8,1,0),(574,9,1,0),(574,10,1,0),(575,2,0,0),(575,3,1,0),(575,5,1,0),(575,7,0,0),(575,8,1,0),(575,9,1,0),(575,10,1,0),(576,1,0,0),(576,5,0,0),(576,6,1,0),(576,8,0,0),(576,9,1,0),(576,10,0,0),(577,1,1,0),(577,5,1,0),(577,6,1,0),(577,8,1,0),(577,9,1,0),(577,10,1,0),(578,2,0,0),(578,3,0,0),(578,5,0,0),(578,7,0,0),(578,8,0,0),(578,9,1,1),(578,10,1,0),(579,1,0,0),(579,5,0,0),(579,6,0,0),(579,8,1,0),(579,9,0,0),(579,10,0,0),(580,2,0,0),(580,3,1,0),(580,5,0,0),(580,7,0,0),(580,8,1,0),(580,9,1,0),(580,10,1,0),(581,1,1,0),(581,5,1,0),(581,6,1,0),(581,8,1,0),(581,9,1,0),(581,10,1,0),(582,2,0,0),(582,3,1,0),(582,5,1,0),(582,7,1,0),(582,8,1,0),(582,9,1,0),(582,10,1,0),(583,1,0,0),(583,5,0,0),(583,6,0,0),(583,8,0,0),(583,9,1,1),(583,10,1,0),(584,1,1,0),(584,5,0,0),(584,6,1,0),(584,8,0,0),(584,9,1,0),(584,10,1,0),(585,2,0,0),(585,3,0,0),(585,5,0,0),(585,7,0,0),(585,8,0,0),(585,9,0,0),(585,10,1,0),(586,2,0,0),(586,3,0,0),(586,5,1,0),(586,7,1,0),(586,8,1,0),(586,9,1,0),(586,10,1,0),(587,2,0,0),(587,3,0,0),(587,5,0,0),(587,7,1,0),(587,8,1,0),(587,9,0,0),(587,10,0,0),(588,1,0,0),(588,5,1,0),(588,6,1,0),(588,8,1,0),(588,9,1,0),(588,10,1,0),(589,1,0,0),(589,5,1,0),(589,6,1,0),(589,8,0,0),(589,9,1,0),(589,10,1,0),(590,2,0,0),(590,3,1,0),(590,5,1,0),(590,7,1,0),(590,8,1,0),(590,9,1,0),(590,10,1,0),(591,1,0,0),(591,5,1,0),(591,6,1,0),(591,8,1,0),(591,9,0,0),(591,10,1,0),(592,2,0,0),(592,3,1,0),(592,5,1,0),(592,7,1,0),(592,8,1,0),(592,9,1,0),(592,10,1,0),(593,2,0,0),(593,3,1,0),(593,5,1,0),(593,7,1,0),(593,8,1,0),(593,9,1,0),(593,10,1,0),(594,2,0,0),(594,3,1,0),(594,5,1,0),(594,7,1,0),(594,8,0,0),(594,9,1,0),(594,10,0,0),(595,1,0,0),(595,5,0,0),(595,6,1,0),(595,8,0,0),(595,9,0,0),(595,10,1,1),(596,2,0,0),(596,3,0,0),(596,5,1,0),(596,7,1,0),(596,8,0,0),(596,9,0,0),(596,10,0,0),(597,2,0,0),(597,3,0,0),(597,5,0,0),(597,7,1,0),(597,8,1,0),(597,9,0,0),(597,10,1,0),(598,2,0,0),(598,3,0,0),(598,5,0,0),(598,7,0,0),(598,8,0,0),(598,9,1,1),(598,10,1,0),(599,1,1,0),(599,5,1,0),(599,6,1,0),(599,8,1,0),(599,9,1,0),(599,10,0,0),(600,1,0,0),(600,5,0,0),(600,6,0,0),(600,8,1,0),(600,9,0,0),(600,10,0,0),(601,1,0,0),(601,5,1,0),(601,6,1,0),(601,8,1,0),(601,9,1,0),(601,10,1,0),(602,2,1,0),(602,3,1,0),(602,5,1,0),(602,7,1,0),(602,8,1,0),(602,9,1,0),(602,10,1,0),(603,1,0,0),(603,5,0,0),(603,6,0,0),(603,8,0,0),(603,9,0,0),(603,10,0,0),(604,1,0,0),(604,5,0,0),(604,6,1,0),(604,8,1,0),(604,9,1,0),(604,10,1,0),(605,1,0,0),(605,5,0,0),(605,6,1,0),(605,8,0,0),(605,9,0,0),(605,10,0,0),(606,2,0,0),(606,3,1,1),(606,5,1,0),(606,7,1,1),(606,8,1,0),(606,9,1,0),(606,10,1,0),(607,2,0,0),(607,3,0,0),(607,5,1,0),(607,7,1,0),(607,8,0,0),(607,9,0,0),(607,10,0,0),(608,2,0,0),(608,3,1,0),(608,5,1,0),(608,7,1,0),(608,8,1,0),(608,9,1,0),(608,10,1,0),(609,2,0,0),(609,3,1,0),(609,5,1,0),(609,7,1,0),(609,8,1,0),(609,9,1,0),(609,10,1,0),(610,1,0,0),(610,5,1,0),(610,6,1,0),(610,8,1,0),(610,9,1,0),(610,10,1,0),(611,1,1,0),(611,5,1,0),(611,6,1,0),(611,8,1,0),(611,9,1,0),(611,10,1,0),(612,1,0,0),(612,5,1,0),(612,6,0,0),(612,8,1,0),(612,9,1,0),(612,10,1,0),(613,2,0,0),(613,3,1,0),(613,5,1,0),(613,7,1,0),(613,8,1,0),(613,9,1,0),(613,10,1,1),(614,1,0,0),(614,5,0,0),(614,6,0,0),(614,8,0,0),(614,9,1,0),(614,10,1,0),(615,1,1,0),(615,5,1,0),(615,6,1,0),(615,8,1,0),(615,9,1,0),(615,10,1,0),(616,1,1,0),(616,5,1,0),(616,6,1,0),(616,8,1,0),(616,9,1,0),(616,10,1,0),(617,1,1,0),(617,5,0,0),(617,6,1,0),(617,8,1,0),(617,9,0,0),(617,10,0,0),(618,2,0,0),(618,3,0,0),(618,5,0,0),(618,7,0,0),(618,8,0,0),(618,9,1,0),(618,10,1,0),(619,2,0,0),(619,3,0,0),(619,5,1,0),(619,7,1,0),(619,8,1,0),(619,9,1,0),(619,10,0,0),(620,1,0,0),(620,5,1,0),(620,6,1,0),(620,8,1,0),(620,9,1,0),(620,10,1,0),(621,2,0,0),(621,3,1,0),(621,5,0,0),(621,7,1,0),(621,8,1,0),(621,9,1,0),(621,10,0,0),(622,2,0,0),(622,3,0,0),(622,5,1,0),(622,7,1,0),(622,8,1,0),(622,9,1,0),(622,10,0,0),(623,1,1,0),(623,5,1,0),(623,6,1,0),(623,8,1,0),(623,9,1,0),(623,10,1,0),(624,2,0,0),(624,3,1,1),(624,5,0,0),(624,7,0,0),(624,8,1,1),(624,9,1,0),(624,10,1,0),(625,1,1,0),(625,5,1,0),(625,6,0,0),(625,8,0,0),(625,9,1,0),(625,10,0,0),(626,1,0,0),(626,5,1,0),(626,6,1,0),(626,8,0,0),(626,9,0,0),(626,10,0,0),(627,1,0,0),(627,5,1,0),(627,6,1,0),(627,8,1,0),(627,9,1,0),(627,10,1,0),(628,1,1,0),(628,5,1,0),(628,6,1,0),(628,8,0,0),(628,9,1,0),(628,10,0,0),(629,2,0,0),(629,3,1,0),(629,5,0,0),(629,7,0,0),(629,8,0,0),(629,9,1,0),(629,10,1,0),(630,2,0,0),(630,3,0,0),(630,5,0,0),(630,7,0,0),(630,8,0,0),(630,9,0,0),(630,10,0,0),(631,1,0,0),(631,5,1,0),(631,6,1,1),(631,8,0,0),(631,9,1,0),(631,10,0,0),(632,2,1,0),(632,3,0,0),(632,4,0,0),(632,7,0,0),(632,8,0,0),(632,9,1,0),(632,10,1,0),(633,2,0,0),(633,3,1,0),(633,5,1,1),(633,7,1,0),(633,8,1,0),(633,9,1,0),(633,10,1,0),(634,1,1,0),(634,5,1,0),(634,6,1,1),(634,8,1,0),(634,9,0,0),(634,10,1,0),(635,1,1,0),(635,5,0,0),(635,6,1,0),(635,8,1,0),(635,9,0,0),(635,10,0,0),(636,1,1,0),(636,5,0,0),(636,6,0,0),(636,8,1,0),(636,9,1,0),(636,10,1,0),(637,1,0,0),(637,5,0,0),(637,6,1,0),(637,8,0,0),(637,9,0,0),(637,10,0,0),(638,2,0,0),(638,3,1,0),(638,5,1,0),(638,7,1,0),(638,8,1,0),(638,9,1,0),(638,10,1,0),(639,2,0,0),(639,3,1,0),(639,5,1,0),(639,7,1,1),(639,8,1,0),(639,9,1,1),(639,10,1,1),(640,2,0,0),(640,3,1,0),(640,5,1,0),(640,7,1,0),(640,8,1,0),(640,9,1,0),(640,10,1,0),(641,2,0,0),(641,3,1,0),(641,5,1,0),(641,7,1,0),(641,8,1,0),(641,9,0,0),(641,10,0,0),(642,1,1,0),(642,5,1,0),(642,6,0,0),(642,8,1,0),(642,9,1,0),(642,10,1,0),(643,2,0,0),(643,3,1,0),(643,5,1,1),(643,7,1,0),(643,8,1,0),(643,9,1,0),(643,10,1,0),(644,2,0,0),(644,3,1,0),(644,5,1,0),(644,7,1,1),(644,8,1,1),(644,9,1,1),(644,10,1,0),(645,2,0,0),(645,3,1,0),(645,4,0,0),(645,7,1,0),(645,8,0,0),(645,9,0,0),(645,10,1,0),(646,2,0,1),(646,3,1,0),(646,5,1,0),(646,7,1,1),(646,8,1,0),(646,9,1,1),(646,10,1,0),(647,1,0,0),(647,5,1,0),(647,6,1,0),(647,8,0,0),(647,9,0,0),(647,10,1,0),(648,2,0,0),(648,3,0,0),(648,5,0,0),(648,7,0,0),(648,8,1,0),(648,9,0,0),(648,10,0,0),(649,2,0,0),(649,3,0,0),(649,4,0,0),(649,7,0,0),(649,8,0,0),(649,9,1,0),(649,10,1,0),(650,2,0,0),(650,3,0,0),(650,5,0,0),(650,7,1,0),(650,8,1,0),(650,9,1,0),(650,10,0,0),(651,1,0,0),(651,5,1,1),(651,6,1,0),(651,8,1,0),(651,9,1,0),(651,10,1,1),(652,2,0,0),(652,3,1,0),(652,5,1,1),(652,7,1,0),(652,8,1,0),(652,9,1,1),(652,10,1,0),(653,1,1,0),(653,5,1,0),(653,6,1,0),(653,8,0,0),(653,9,1,0),(653,10,1,0),(654,2,0,0),(654,3,1,0),(654,5,1,0),(654,7,1,0),(654,8,1,0),(654,9,0,0),(654,10,1,0),(655,1,0,0),(655,5,0,0),(655,6,1,0),(655,8,0,0),(655,9,0,0),(655,10,0,0),(656,2,0,0),(656,3,0,0),(656,5,1,0),(656,7,1,0),(656,8,1,1),(656,9,0,0),(656,10,1,0),(657,1,1,0),(657,5,1,0),(657,6,1,0),(657,8,1,0),(657,9,1,0),(657,10,1,0),(658,2,0,0),(658,3,0,0),(658,5,0,0),(658,7,0,0),(658,8,1,0),(658,9,0,0),(658,10,0,0),(659,2,0,0),(659,3,1,0),(659,5,0,0),(659,7,1,0),(659,8,0,0),(659,9,1,0),(659,10,1,0),(660,1,1,0),(660,5,1,0),(660,6,1,0),(660,8,1,0),(660,9,0,0),(660,10,1,0),(661,1,0,0),(661,5,0,0),(661,6,1,0),(661,8,0,0),(661,9,0,0),(661,10,0,0),(662,1,0,0),(662,5,0,0),(662,6,1,0),(662,8,0,0),(662,9,0,0),(662,10,0,0),(663,2,0,0),(663,3,0,0),(663,5,0,0),(663,7,0,0),(663,8,0,0),(663,9,1,0),(663,10,1,0),(664,1,1,0),(664,5,1,0),(664,6,1,0),(664,8,0,0),(664,9,0,0),(664,10,0,0),(665,1,1,0),(665,5,1,0),(665,6,1,0),(665,8,0,0),(665,9,1,1),(665,10,1,1),(666,2,0,0),(666,3,1,0),(666,5,1,0),(666,7,1,0),(666,8,1,1),(666,9,1,0),(666,10,0,0),(667,2,0,0),(667,3,0,0),(667,5,1,0),(667,7,1,0),(667,8,0,0),(667,9,0,0),(667,10,0,0),(668,2,0,0),(668,3,0,0),(668,5,1,0),(668,7,0,0),(668,8,0,0),(668,9,1,1),(668,10,1,0),(669,1,1,0),(669,5,0,0),(669,6,0,0),(669,8,1,0),(669,9,0,0),(669,10,1,0),(670,1,1,0),(670,5,1,0),(670,6,1,0),(670,8,1,0),(670,9,1,0),(670,10,1,1),(671,2,0,0),(671,3,0,0),(671,5,1,0),(671,7,1,0),(671,8,1,0),(671,9,1,0),(671,10,0,0),(672,2,0,0),(672,3,1,0),(672,5,0,0),(672,7,0,0),(672,8,0,0),(672,9,1,0),(672,10,0,0),(673,2,0,0),(673,3,0,0),(673,5,0,0),(673,7,0,0),(673,8,1,0),(673,9,0,0),(673,10,0,0),(674,2,0,0),(674,3,0,0),(674,5,1,0),(674,7,0,0),(674,8,0,0),(674,9,0,0),(674,10,0,0),(675,2,0,0),(675,3,0,0),(675,5,1,0),(675,7,1,0),(675,8,1,0),(675,9,0,0),(675,10,0,0),(676,1,0,0),(676,5,0,0),(676,6,1,0),(676,8,0,0),(676,9,1,0),(676,10,0,0),(677,1,0,0),(677,5,1,0),(677,6,1,0),(677,8,0,0),(677,9,1,0),(677,10,1,0),(678,2,0,0),(678,3,1,0),(678,5,0,0),(678,7,1,0),(678,8,0,0),(678,9,1,0),(678,10,1,0),(679,1,0,0),(679,5,0,0),(679,6,0,0),(679,8,0,0),(679,9,1,0),(679,10,0,0),(680,2,0,0),(680,3,0,0),(680,5,1,0),(680,7,1,0),(680,8,1,0),(680,9,0,0),(680,10,0,0),(681,2,0,0),(681,3,1,0),(681,5,0,0),(681,7,1,0),(681,8,1,0),(681,9,1,0),(681,10,1,0),(682,1,0,0),(682,5,1,0),(682,6,1,0),(682,8,0,0),(682,9,0,0),(682,10,0,0),(683,1,0,0),(683,5,1,0),(683,6,1,0),(683,8,1,0),(683,9,1,0),(683,10,1,0),(684,1,1,0),(684,5,0,0),(684,6,1,0),(684,8,1,0),(684,9,0,0),(684,10,0,0),(685,2,0,0),(685,3,1,0),(685,5,0,0),(685,7,0,0),(685,8,0,0),(685,9,1,0),(685,10,1,0),(686,1,0,0),(686,5,1,0),(686,6,0,0),(686,8,1,0),(686,9,1,0),(686,10,0,0),(687,1,1,0),(687,5,1,1),(687,6,0,0),(687,8,0,0),(687,9,0,0),(687,10,1,0),(688,1,1,0),(688,5,0,0),(688,6,1,0),(688,8,1,0),(688,9,0,0),(688,10,0,0),(689,1,0,0),(689,5,0,0),(689,6,1,0),(689,8,0,0),(689,9,1,0),(689,10,0,0),(690,2,1,0),(690,3,1,0),(690,5,1,0),(690,7,1,0),(690,8,1,0),(690,9,1,0),(690,10,1,0),(691,2,0,0),(691,3,0,0),(691,5,1,0),(691,7,0,0),(691,8,0,0),(691,9,1,0),(691,10,1,0),(692,2,0,0),(692,3,1,0),(692,5,1,0),(692,7,1,0),(692,8,1,0),(692,9,1,0),(692,10,1,0),(693,2,0,0),(693,3,1,0),(693,5,1,0),(693,7,1,0),(693,8,1,0),(693,9,1,0),(693,10,1,0),(694,1,0,0),(694,5,0,0),(694,6,1,1),(694,8,1,1),(694,9,1,0),(694,10,1,1),(695,1,1,0),(695,5,1,0),(695,6,1,0),(695,8,1,0),(695,9,1,0),(695,10,1,0),(696,1,1,0),(696,5,1,0),(696,6,1,0),(696,8,1,0),(696,9,0,0),(696,10,0,0),(697,1,1,0),(697,5,0,0),(697,6,0,0),(697,8,0,0),(697,9,1,0),(697,10,0,0),(698,2,0,0),(698,3,1,0),(698,5,1,0),(698,7,1,0),(698,8,1,0),(698,9,1,0),(698,10,1,1),(699,2,0,0),(699,3,1,0),(699,5,1,0),(699,7,1,0),(699,8,1,0),(699,9,1,0),(699,10,1,1),(700,2,0,0),(700,3,1,0),(700,5,1,0),(700,7,1,0),(700,8,1,0),(700,9,1,0),(700,10,1,1),(701,1,1,0),(701,5,1,0),(701,6,1,1),(701,8,1,0),(701,9,0,0),(701,10,0,0),(702,1,0,0),(702,5,0,0),(702,6,1,0),(702,8,1,0),(702,9,0,0),(702,10,0,0),(703,1,0,0),(703,5,1,0),(703,6,1,0),(703,8,1,0),(703,9,0,0),(703,10,0,0),(704,1,1,0),(704,5,1,0),(704,6,1,0),(704,8,1,0),(704,9,1,1),(704,10,1,0),(705,1,0,0),(705,5,0,0),(705,6,0,0),(705,8,0,0),(705,9,1,0),(705,10,0,0),(706,1,0,0),(706,5,1,0),(706,6,1,0),(706,8,1,0),(706,9,0,0),(706,10,1,0),(707,2,0,0),(707,3,1,0),(707,5,0,0),(707,7,0,0),(707,8,0,0),(707,9,0,0),(707,10,0,0),(708,2,0,0),(708,3,1,0),(708,5,1,0),(708,7,1,0),(708,8,1,0),(708,9,1,1),(708,10,0,0),(709,1,1,0),(709,5,1,0),(709,6,1,0),(709,8,1,0),(709,9,1,0),(709,10,1,0),(710,2,0,0),(710,3,1,0),(710,5,1,0),(710,7,1,0),(710,8,1,0),(710,9,1,0),(710,10,1,0),(711,1,0,0),(711,5,1,0),(711,6,1,0),(711,8,1,0),(711,9,1,0),(711,10,1,0),(712,2,0,0),(712,3,0,0),(712,5,1,0),(712,7,1,0),(712,8,0,0),(712,9,1,0),(712,10,0,0),(713,2,0,0),(713,3,1,0),(713,5,1,1),(713,7,1,1),(713,8,1,1),(713,9,1,1),(713,10,1,1),(714,2,0,0),(714,3,1,0),(714,5,1,0),(714,7,1,0),(714,8,1,0),(714,9,1,0),(714,10,1,0),(715,1,1,0),(715,5,1,0),(715,6,1,0),(715,8,1,0),(715,9,1,0),(715,10,1,0),(716,1,0,0),(716,5,0,0),(716,6,1,0),(716,8,1,0),(716,9,1,0),(716,10,1,0),(717,1,0,0),(717,5,1,0),(717,6,1,1),(717,8,1,0),(717,9,0,0),(717,10,1,1),(718,1,0,0),(718,5,0,0),(718,6,1,0),(718,8,1,0),(718,9,1,0),(718,10,1,0),(719,1,0,0),(719,5,1,1),(719,6,1,0),(719,8,1,0),(719,9,0,0),(719,10,0,0),(720,2,0,0),(720,3,1,0),(720,5,1,0),(720,7,0,0),(720,8,0,0),(720,9,1,0),(720,10,1,0),(721,2,1,0),(721,3,1,0),(721,5,1,0),(721,7,1,0),(721,8,1,0),(721,9,1,1),(721,10,1,0),(722,2,0,0),(722,3,1,0),(722,5,0,0),(722,7,0,0),(722,8,1,0),(722,9,1,0),(722,10,0,0),(723,1,1,0),(723,5,0,0),(723,6,1,0),(723,8,1,0),(723,9,0,0),(723,10,0,0),(724,2,0,0),(724,3,0,0),(724,5,0,0),(724,7,0,0),(724,8,0,0),(724,9,0,0),(724,10,0,0),(725,1,0,0),(725,5,0,0),(725,6,0,0),(725,8,0,0),(725,9,0,0),(725,10,0,0),(726,1,1,0),(726,5,1,0),(726,6,0,0),(726,8,0,0),(726,9,0,0),(726,10,0,0),(727,2,0,0),(727,3,0,0),(727,5,0,0),(727,7,1,0),(727,8,1,0),(727,9,1,1),(727,10,1,0),(728,1,0,0),(728,5,0,0),(728,6,1,0),(728,8,1,0),(728,9,0,0),(728,10,1,0),(729,1,1,0),(729,5,1,0),(729,6,1,0),(729,8,1,0),(729,9,1,0),(729,10,1,1),(730,1,1,0),(730,5,1,0),(730,6,1,0),(730,8,1,0),(730,9,0,0),(730,10,0,0),(731,1,0,0),(731,5,1,0),(731,6,1,0),(731,8,0,0),(731,9,0,0),(731,10,0,0),(732,2,0,0),(732,3,1,0),(732,5,1,0),(732,7,1,0),(732,8,1,0),(732,9,1,0),(732,10,1,0),(733,2,0,0),(733,3,0,0),(733,5,1,0),(733,7,1,0),(733,8,1,0),(733,9,1,0),(733,10,1,0),(734,1,1,0),(734,5,0,0),(734,6,1,0),(734,8,0,0),(734,9,0,0),(734,10,0,0),(735,2,0,0),(735,3,1,0),(735,5,1,1),(735,7,1,0),(735,8,1,0),(735,9,1,0),(735,10,1,0),(736,1,0,0),(736,5,0,0),(736,6,1,0),(736,8,0,0),(736,9,0,0),(736,10,0,0),(737,2,0,0),(737,3,0,0),(737,5,1,0),(737,7,0,0),(737,8,1,0),(737,9,0,0),(737,10,0,0),(738,2,0,0),(738,3,0,0),(738,5,1,0),(738,7,1,0),(738,8,1,0),(738,9,1,1),(738,10,1,0),(739,1,1,0),(739,5,1,0),(739,6,1,0),(739,8,0,0),(739,9,1,0),(739,10,0,0),(740,1,0,0),(740,5,1,0),(740,6,1,0),(740,8,1,0),(740,9,1,0),(740,10,0,0),(741,1,1,0),(741,5,1,0),(741,6,0,0),(741,8,1,0),(741,9,1,1),(741,10,1,0),(742,1,0,0),(742,5,1,0),(742,6,1,0),(742,8,1,0),(742,9,1,0),(742,10,1,0),(743,1,0,0),(743,5,0,0),(743,6,1,0),(743,8,0,0),(743,9,0,0),(743,10,0,0),(744,2,0,0),(744,3,0,0),(744,5,0,0),(744,7,0,0),(744,8,0,0),(744,9,0,0),(744,10,0,0),(745,2,0,0),(745,3,1,0),(745,5,1,0),(745,7,1,0),(745,8,1,0),(745,9,1,0),(745,10,0,0),(746,1,1,0),(746,5,1,0),(746,6,1,0),(746,8,1,0),(746,9,1,0),(746,10,1,0),(747,2,0,0),(747,3,1,0),(747,4,1,1),(747,7,1,0),(747,8,1,0),(747,9,1,0),(747,10,1,0),(748,1,1,0),(748,5,0,0),(748,6,0,0),(748,8,0,0),(748,9,1,0),(748,10,1,0),(749,1,1,0),(749,5,1,0),(749,6,1,0),(749,8,0,0),(749,9,0,0),(749,10,0,0),(750,2,0,0),(750,3,1,0),(750,4,1,0),(750,7,1,1),(750,8,1,0),(750,9,1,1),(750,10,0,1),(751,2,0,0),(751,3,0,0),(751,5,0,0),(751,7,1,0),(751,8,1,0),(751,9,0,0),(751,10,1,0),(752,2,0,0),(752,3,0,0),(752,5,1,0),(752,7,1,0),(752,8,1,0),(752,9,1,0),(752,10,1,0),(753,2,0,0),(753,3,1,0),(753,5,1,0),(753,7,1,0),(753,8,1,0),(753,9,0,0),(753,10,1,0),(754,2,0,0),(754,3,1,0),(754,5,0,0),(754,7,1,1),(754,8,1,0),(754,9,1,0),(754,10,1,0),(755,1,1,0),(755,5,1,0),(755,6,1,0),(755,8,1,0),(755,9,1,0),(755,10,1,0),(756,1,0,0),(756,5,1,0),(756,6,1,0),(756,8,1,0),(756,9,1,0),(756,10,1,0),(757,2,0,0),(757,3,1,0),(757,5,1,0),(757,7,1,0),(757,8,1,0),(757,9,1,0),(757,10,1,0),(758,1,1,0),(758,5,0,0),(758,6,1,0),(758,8,0,0),(758,9,1,0),(758,10,0,0),(759,1,0,0),(759,5,0,0),(759,6,0,0),(759,8,0,0),(759,9,1,0),(759,10,1,0),(760,1,0,0),(760,5,1,0),(760,6,1,0),(760,8,1,0),(760,9,1,0),(760,10,1,0),(761,2,0,0),(761,3,0,0),(761,4,1,0),(761,7,1,0),(761,8,1,0),(761,9,0,0),(761,10,0,0);
/*!40000 ALTER TABLE `Tracking` ENABLE KEYS */;
UNLOCK TABLES;

--
-- Dumping routines for database 'csEmaildb'
--
/*!50003 SET @saved_sql_mode       = @@sql_mode */ ;
/*!50003 SET sql_mode              = 'NO_ZERO_IN_DATE,NO_ZERO_DATE,NO_ENGINE_SUBSTITUTION' */ ;
/*!50003 DROP PROCEDURE IF EXISTS `Add_Login` */;
/*!50003 SET @saved_cs_client      = @@character_set_client */ ;
/*!50003 SET @saved_cs_results     = @@character_set_results */ ;
/*!50003 SET @saved_col_connection = @@collation_connection */ ;
/*!50003 SET character_set_client  = utf8mb4 */ ;
/*!50003 SET character_set_results = utf8mb4 */ ;
/*!50003 SET collation_connection  = utf8mb4_general_ci */ ;
DELIMITER ;;
CREATE DEFINER=`root`@`localhost` PROCEDURE `Add_Login`(
	IN p_account_type NVARCHAR(50),
	IN p_Email NVARCHAR(200),
  IN p_password NVARCHAR(50),
  IN p_first_name NVARCHAR(50),
  IN p_last_name NVARCHAR(50)
)
`whole_proc`:
BEGIN
		SET @responseMessage = "";
		SET @p_account_type = p_account_type;
		-- check to see if account type is valid
		IF @p_account_type != "GA" AND @p_account_type != "FA" THEN
			SET @responseMessage = CONCAT("ERROR: Invalid account type.");
            SELECT @responseMessage;
            LEAVE whole_proc;
		END IF;
        
		SET @p_Email = p_Email;
		-- Check if username exists
		PREPARE stmt FROM "select count(ID) > 0 into @userExists from Login where Email_Address = ?;";
        EXECUTE stmt using @p_Email;
        DEALLOCATE PREPARE stmt;
        IF @userExists = 1 THEN -- if username exists, return error
			SET @responseMessage = CONCAT("ERROR: Email already taken.");
            SELECT @responseMessage;
            LEAVE whole_proc;
		END IF;
    BEGIN 
    
        DECLARE EXIT HANDLER FOR SQLEXCEPTION  -- Define an error handler to set the responseMessage variable in case of error
            GET DIAGNOSTICS CONDITION 1
                @p1 = RETURNED_SQLSTATE, 
                @p2 = MESSAGE_TEXT;
            SET @responseMessage = CONCAT_WS('Database Error: ', @p1, @p2);
		
        -- set variables
        SET @p_password = p_password;
        SET @p_Email    = p_Email;
        SET @p_first_name = p_first_name;
        SET @p_last_name = p_last_name;
        SET @salt = UUID();
        SET @passhash = UNHEX(SHA2(CONCAT(@p_password, @salt), 256));  -- Hash the password with salt and convert to binary
        
        PREPARE stmt FROM "INSERT INTO Login (Account_Type, Email_Address, First_Name, Last_Name, Password, Salt) VALUES(?, ?, ?, ?, ?, ?)";
        EXECUTE stmt using @p_account_type, @p_Email, @p_first_name, @p_last_name, @passhash, @salt;
        DEALLOCATE PREPARE stmt;

		-- Set responseMessage variable to Success if the insert was successful
        SET @responseMessage = 'Success.'; 
        SELECT @responseMessage;
    END;
END ;;
DELIMITER ;
/*!50003 SET sql_mode              = @saved_sql_mode */ ;
/*!50003 SET character_set_client  = @saved_cs_client */ ;
/*!50003 SET character_set_results = @saved_cs_results */ ;
/*!50003 SET collation_connection  = @saved_col_connection */ ;
/*!50003 SET @saved_sql_mode       = @@sql_mode */ ;
/*!50003 SET sql_mode              = 'NO_ZERO_IN_DATE,NO_ZERO_DATE,NO_ENGINE_SUBSTITUTION' */ ;
/*!50003 DROP PROCEDURE IF EXISTS `Try_Login` */;
/*!50003 SET @saved_cs_client      = @@character_set_client */ ;
/*!50003 SET @saved_cs_results     = @@character_set_results */ ;
/*!50003 SET @saved_col_connection = @@collation_connection */ ;
/*!50003 SET character_set_client  = utf8mb4 */ ;
/*!50003 SET character_set_results = utf8mb4 */ ;
/*!50003 SET collation_connection  = utf8mb4_general_ci */ ;
DELIMITER ;;
CREATE DEFINER=`root`@`localhost` PROCEDURE `Try_Login`(
	IN p_Email NVARCHAR(50), 
    IN p_password NVARCHAR(50)
)
`whole_proc`:
BEGIN
	-- Set variables
	SET @responseMessage = "";
	Set @p_Email = p_Email;
	Set @p_password = p_password;
    
    -- Define error handler to set responseMessage in case of error
	BEGIN
		DECLARE EXIT HANDLER FOR SQLEXCEPTION 
		GET DIAGNOSTICS CONDITION 1
			@p1 = RETURNED_SQLSTATE, 
			@p2 = MESSAGE_TEXT;
		SET @responseMessage = CONCAT_WS('Database Error: ', @p1, @p2);
	END;
    
	-- Check if username exists
	PREPARE stmt FROM "select count(ID) > 0 into @userExists from Login where Email_Address = ?;";
	EXECUTE stmt using @p_Email;
	DEALLOCATE PREPARE stmt;
	IF @userExists = false THEN -- if username doesn't exist, return error
		SET @responseMessage = CONCAT("ERROR: Username doesn't exist.");
        SELECT @responseMessage;
		LEAVE whole_proc;
	END IF;
	
	-- Check if password is correct
	PREPARE stmt FROM "select count(ID) > 0 into @passwordCorrect from Login where Email_Address = ? and 
	password = UNHEX(SHA2(CONCAT(?, Salt), 256));";
	EXECUTE stmt using @p_Email, @p_password;
	DEALLOCATE PREPARE stmt;
	IF @passwordCorrect = false THEN  -- if password isn't correct, return error
		SET @responseMessage = 'ERROR: Incorrect Password.'; 
        SELECT @responseMessage;
		LEAVE whole_proc;
	END IF;
	
	-- If the procedure gets this far, then the Login was successful.
     SET @responseMessage = 'Success.'; 
	 SELECT @responseMessage;
END ;;
DELIMITER ;
/*!50003 SET sql_mode              = @saved_sql_mode */ ;
/*!50003 SET character_set_client  = @saved_cs_client */ ;
/*!50003 SET character_set_results = @saved_cs_results */ ;
/*!50003 SET collation_connection  = @saved_col_connection */ ;
/*!40103 SET TIME_ZONE=@OLD_TIME_ZONE */;

/*!40101 SET SQL_MODE=@OLD_SQL_MODE */;
/*!40014 SET FOREIGN_KEY_CHECKS=@OLD_FOREIGN_KEY_CHECKS */;
/*!40014 SET UNIQUE_CHECKS=@OLD_UNIQUE_CHECKS */;
/*!40101 SET CHARACTER_SET_CLIENT=@OLD_CHARACTER_SET_CLIENT */;
/*!40101 SET CHARACTER_SET_RESULTS=@OLD_CHARACTER_SET_RESULTS */;
/*!40101 SET COLLATION_CONNECTION=@OLD_COLLATION_CONNECTION */;
/*!40111 SET SQL_NOTES=@OLD_SQL_NOTES */;

-- Dump completed on 2024-01-06 15:20:54
